student_id,Object-Oriented Programming and Data Structures II,Object-Oriented Programming and Data Structures I,cumulative_gpa,prev_term_gpa,struggle,ObjectOriented Programming and Data Structures II,predicted score,F,D,D+,C-,C,C+,B-,B,B+,A-,A
68.0,0.0,4.0,2.387096774,2.25,G,F,F,0.31784901574994323,0.18952515316820245,0.21274452328226612,0.057656600345380504,0.13430147683570032,0.020695038830243557,0.009030670140628949,0.058043541529623405,0.0001452179818100281,8.762136201521958e-06,3.2127736984607924e-73
192.0,9.0,9.0,3.629824561,3.525,G,A-,B,2.320477331576796e-70,0.000853178197389186,0.0006875398297012529,0.009386202542207936,0.09227119948360424,0.0660986106270277,0.1517658484612639,0.5736375974883553,0.0367328389881761,0.06759237468698008,0.0009746096952942348
211.0,7.0,7.0,2.883333333,2.883333333,G,B,B,4.459570959301985e-54,0.006425885658811342,0.0037753395462127763,0.03721108170036448,0.18271342096894688,0.10028648776554795,0.13522370270128478,0.5058517638580475,0.008352252709617784,0.020160065091166347,3.8691589930825892e-19
229.0,10.0,10.0,4.0,4.0,G,A,A,6.508805508103254e-79,0.00011640540627278445,0.0001270947829715937,0.0015503997686203423,0.026547946600887853,0.022788953475961757,0.0697845835433459,0.200420825210865,0.024298306224035223,0.03136468475443271,0.6230008002326067
291.0,4.0,7.0,3.115384615,3.0,G,C,B,3.1419678479871565e-29,0.057364946676646024,0.057188484711405044,0.056585709840529685,0.2947763893029603,0.07400039623546252,0.06549601272290295,0.3877717293887233,0.00591130888778241,0.0009050222335878147,7.526187624509347e-42
713.0,7.0,7.0,2.8125,2.3125,S,B,B-,1.0851370142358025e-53,0.003197733325928694,1.850637990491731e-07,0.04352192939298085,0.14511044130507528,0.17600592928672545,0.3255842740944814,0.2593246784856364,0.04705962415922544,0.00019520488611093797,3.63702126817815e-14
733.0,5.0,7.0,3.170731707,3.0,G,C+,B,1.942706413298368e-37,0.025536526995540765,0.026150089098999536,0.04619833487743324,0.2480282412362976,0.07756397997354392,0.0864059733795631,0.47750065322218455,0.00940501973877567,0.0032111814776615974,2.520991586040217e-34
869.0,0.0,4.0,2.28125,1.9375,S,F,F,0.5356362775777047,0.15997310636157672,3.733702207750139e-05,0.061483201241993246,0.1496711302559062,0.04650780866037525,0.029727287077494884,0.016331719846600222,0.0006320887469405391,4.320933071820691e-08,5.177474903035507e-68
1199.0,4.0,4.0,2.46875,2.5,G,C,C,1.446592610913522e-29,0.057273146061006135,0.09119964964278714,0.0736183962757561,0.28513984132214,0.10332721087599175,0.10875089549858358,0.27775791595230837,0.0014058613527171348,0.0015270830187097645,2.63856547697473e-42
1455.0,0.0,0.0,1.653061224,1.294117647,E,F,F,0.4666861132542469,0.0873340789004987,9.697064412467084e-09,0.04069812607049384,0.12319761962726081,0.11626211722888666,0.1636946600408778,0.0018289843609321816,0.00029829065237345516,1.6736513918448005e-10,2.8829805557731503e-63
1930.0,6.0,7.0,2.938709677,2.766666667,G,B-,B,9.921076468934244e-46,0.009960374614445846,0.0054461338221932455,0.05427661596181516,0.19697546756365517,0.08060448113580206,0.08773693048943125,0.5368623278132598,0.012755101682864768,0.01538256691653272,5.9074940964003724e-27
2057.0,10.0,10.0,3.55483871,3.75625,G,A,A,6.460357811991948e-79,0.00010438266150847903,4.493471751023942e-05,0.0031814154183271983,0.03230180657423394,0.029866505394976414,0.06238105233495254,0.19738605546378038,0.023571404239167044,0.05005185154409159,0.6011105916514522
2097.0,6.0,4.0,2.835483871,2.60625,G,B-,B,6.32004751803021e-46,0.010211056486832336,0.02770703071247628,0.036960506288578415,0.18762193155806103,0.09574070984385233,0.18297923838151392,0.4337783039126954,0.004940034865581762,0.020061187950408572,2.690290479016319e-27
2210.0,10.0,10.0,3.864516129,3.92,G,A,A,7.375878134770429e-79,8.456022117212921e-05,6.53580574599991e-05,0.0020393569448665704,0.02691625079432057,0.023546172757959644,0.06222108473615009,0.19709681451189875,0.03251415096201179,0.04802887320261975,0.6074873778115406
2394.0,9.0,10.0,3.516129032,4.0,G,A-,B,4.1488889331958815e-70,0.000716842398974305,0.00037832848722567836,0.011314348762446217,0.153282993831631,0.11651815455481078,0.20182127937048042,0.4311572233893062,0.04871008650683134,0.03312943055905886,0.0029713121392351896
2551.0,8.0,9.0,2.9960000000000004,3.392307692,G,B+,B,4.7885331352494205e-62,0.0018732707818248065,0.0005163291809990801,0.030347324889036173,0.18748848730808224,0.12199334927961447,0.13985755005215564,0.464037374914624,0.02383803201700717,0.030048281541338682,3.5317942714734586e-11
2676.0,7.0,9.0,2.836111111,2.591666667,S,B,B,1.9242012280981496e-53,0.0022819352095105466,4.5833651452646985e-08,0.058498442782173206,0.17093160902262639,0.1898132536545558,0.23116312943764825,0.23569320164992544,0.11146020808930134,0.00015817432053921767,6.83443050424595e-14
2797.0,4.0,10.0,2.977777778,3.176470588,G,C,B,5.749993485403864e-29,0.03747957734064493,0.004900770810411334,0.11067302086034768,0.3449161491455861,0.07424275231119898,0.027594627195580142,0.3815046641545906,0.01785147992891629,0.0008369582527240131,1.4319016205657718e-41
3551.0,10.0,10.0,3.98125,3.98125,G,A,A,8.622511730166792e-79,5.978572521399489e-05,5.4731929627983156e-05,0.0017878572363645802,0.023930388905379955,0.020446641215142208,0.05749270405492699,0.1921572944880331,0.04704436430407718,0.0593717179277735,0.5976545142134605
3680.0,6.0,7.0,3.542,2.944444444,G,B-,B,1.530270745973893e-45,0.00529798094325889,0.007412580897781226,0.029574018718254227,0.1348384598315504,0.04647196661761249,0.07546605541134356,0.6300299975172517,0.04163129545381616,0.029277644609131376,2.9069437883305067e-27
3910.0,8.0,9.0,3.493939394,3.547058824,G,B+,B,6.724919208214163e-62,0.0011158677777936105,0.0006778322327955482,0.017833577838308665,0.13490310449466172,0.07755947440375174,0.12379677283127086,0.5349952668107684,0.060628391870539235,0.04848971172004007,2.0070310427425247e-11
4116.0,7.0,10.0,3.2,3.2,G,B,B,1.1261230866883438e-53,0.002493513784939456,0.00038603660262534484,0.045651888533225854,0.15771597395517237,0.06632273882259504,0.05234650474949516,0.5843422518137017,0.06073473307705348,0.030006358661191456,4.2533437951565556e-19
4141.0,0.0,7.0,2.435483871,1.9625,S,F,F,0.6087846082393805,0.09100602597421624,2.839285489073173e-06,0.10237736788842952,0.13042991204565696,0.029564881396901336,0.009175429832015178,0.024327165854530722,0.004331669390859863,1.0009252078718746e-07,4.271945772452249e-68
4372.0,4.0,6.0,2.604651163,2.315384615,S,C,C,8.345154744590638e-29,0.019351398052204375,1.5336954726450045e-06,0.10737982364632237,0.3040869625745691,0.19766264414958107,0.21164299341819043,0.12889010775694285,0.030969736910592193,1.4799796124967024e-05,4.638036782367854e-37
4508.0,5.0,7.0,2.602380952,3.392307692,G,C+,C,2.391419041299269e-37,0.01629996292011479,0.009604267195299407,0.06345282528062106,0.4180671037343067,0.17300603191420147,0.1289707343443416,0.18412206732586342,0.005288156176291387,0.0011888511089601353,5.957505163260293e-34
4678.0,0.0,4.0,2.590909091,2.466666667,S,F,F,0.6388425645917337,0.08137710901321259,3.391548726022028e-05,0.036303703526139874,0.15126397358609484,0.045911885245428954,0.03583706421696611,0.009090338572015267,0.001339411852088752,3.390905962196414e-08,5.26385023621089e-68
5077.0,7.0,10.0,3.5625,3.5625,G,B,B,1.6635717800662786e-53,0.0019101571864897711,0.0006720070587089481,0.027799325848516687,0.15825648186158783,0.06392990104498153,0.06722486797909355,0.5570503205832567,0.09893423137534538,0.024222707062019535,5.234593674728956e-19
5370.0,4.0,4.0,2.1,2.466666667,G,C,C,1.9537900821175708e-29,0.032765753484679236,0.02667679261429133,0.12562115526073053,0.3400065194629554,0.1383058000445758,0.10430415979969579,0.22762456182021215,0.0020818952150882864,0.0026133622977714595,1.986843672707917e-42
5629.0,7.0,5.0,3.1852941180000003,3.227777778,G,B,B,7.680030430626674e-54,0.0021850479860292794,0.00794613302210513,0.019557510030436303,0.1737605089465517,0.10610323963940231,0.25026030752346023,0.384001536382516,0.017774739732507344,0.038410976736991655,1.5880665946748599e-19
5726.0,10.0,10.0,3.963636364,4.0,G,A,A,1.0230536601246481e-78,3.812941969451893e-05,3.1825537973109e-05,0.0018880885379992732,0.022480024706930272,0.019307897459624426,0.051301737610883864,0.17779096228105604,0.06724968744044393,0.08025243529888221,0.5796592117065124
6166.0,7.0,9.0,3.1,3.129411765,G,B,B,1.1724869188335302e-53,0.0018102141680588926,0.00039889524857060444,0.048024713342195505,0.1591548537183351,0.07289385989546542,0.06443685960859853,0.5402206742036589,0.06439687511882017,0.04866305469629666,2.4868598185528756e-19
6308.0,7.0,7.0,2.715625,2.74375,S,B,B-,1.8467302683431328e-53,0.0010843323427223368,6.694107872936888e-08,0.03944580029477853,0.16753493399835703,0.22541331707544646,0.36909430375561536,0.11761648256168727,0.07964471943933613,0.000166043590942562,3.5674989976336595e-14
6319.0,3.0,4.0,2.747826087,2.294117647,G,C-,B,5.129954764132012e-21,0.04456804168287362,0.07264049560612584,0.11392092621383462,0.2534709182856888,0.060565425149789055,0.05392398451009572,0.3887380733360851,0.007918884585431484,0.004253250630075772,1.4881807673757228e-50
6388.0,7.0,9.0,2.773333333,2.773333333,S,B,B-,2.6637860928510967e-53,0.0011001668684466046,2.0871132532457078e-08,0.05922813010715558,0.1752570822532898,0.20434749331372176,0.22561841173602348,0.15981535048717843,0.1744466643481335,0.000186680014864593,5.38368270770615e-14
6449.0,4.0,7.0,2.56,3.0,G,C,C,4.799232244407877e-29,0.024277323676496147,0.008828120162735735,0.12167682135824283,0.39473102054362014,0.11934919322174788,0.06264599136198352,0.2572649852198951,0.009538570507382424,0.0016879739478963516,5.418718924379744e-42
6464.0,7.0,6.0,2.818032787,2.50625,S,B,B-,1.6780411612046169e-53,0.0010255083809961615,1.0937446028836953e-07,0.03694783631796498,0.13752405598681322,0.1837701662716945,0.38068472918521573,0.166130436267035,0.0935458361462351,0.00037132206956888786,1.5921854036494094e-14
6730.0,0.0,4.0,1.707317073,1.153846154,S,F,F,0.4673633027581116,0.08974171999772844,3.009014625121624e-06,0.19765286880224603,0.14552729658905605,0.04614178216349638,0.015297602389377815,0.03572676663534439,0.002544975295183045,6.763548311749954e-07,8.953084340559667e-69
6823.0,10.0,10.0,3.2,3.066666667,G,A,A,6.877973114967724e-79,4.241194463334477e-05,4.693787215648634e-06,0.008365020371311436,0.02232222758117893,0.0195908406484116,0.026043820479041063,0.2302220307984694,0.06367186228802325,0.22742254249264623,0.4023145496090691
6846.0,7.0,10.0,3.151515152,2.74375,G,B,B,9.721634013491002e-54,0.0010935395057986776,9.080694190625044e-05,0.056630084397191464,0.08696201574011428,0.03329185516682806,0.02193884146064721,0.5694578751605539,0.11760143634278368,0.11293354528417644,8.058278701216371e-20
6927.0,6.0,1.0,2.906666667,2.4,S,B-,B-,1.3588471867544998e-45,0.0016033554781343783,4.405420936045522e-06,0.013808002903601043,0.11512442171262324,0.15884875965788242,0.6125077691369113,0.08060735770747268,0.017339630988622262,0.00015629699381663906,9.189339614090033e-23
6940.0,6.0,4.0,2.016666667,2.4,G,B-,B,6.677512806987624e-46,0.005611660220340575,0.0033466410673855295,0.09952097321582276,0.24702003229839647,0.1554015991005335,0.1552032389110356,0.2979904046594292,0.004370559702442417,0.031534890824613956,2.0136560979386574e-27
7005.0,3.0,0.0,1.726829268,1.9,S,C-,B-,3.393763912183049e-21,0.022411405620952646,1.5603905217587855e-05,0.07601301103210611,0.2673749280906837,0.2413508086801947,0.3653479091365624,0.026180203422761405,0.0013015218107187987,4.608300802761224e-06,1.965486422285969e-45
7053.0,4.0,4.0,2.41,2.14,G,C,B,2.608094099499367e-29,0.021707513090106795,0.01843911342046531,0.14024837522647332,0.2438517948108036,0.08062076178469688,0.06725451182830322,0.405986459028689,0.007925240376954254,0.013966230433507643,5.4432141401587764e-43
7341.0,1.0,5.0,1.889090909,2.433333333,G,D,C,9.779224916830383e-05,0.14119865768621737,0.04960399452393282,0.2301403380289369,0.37852047173821246,0.08304176628073318,0.02176606252828711,0.09442254565566936,0.0011138312112681766,9.454009757421722e-05,2.7270350401834534e-65
7364.0,5.0,5.0,2.623404255,1.93125,S,C+,B,5.121490783195185e-37,0.005055651034946559,4.5936062488990477e-07,0.10770320636821283,0.1891293644115383,0.15372780549067114,0.22237680104247107,0.2364720895407574,0.08530840060449409,0.00022622214628363675,3.780653846985445e-30
7389.0,3.0,7.0,1.833333333,2.571428571,G,C-,C,4.6644498716282155e-21,0.042224089551050385,0.003744850684814176,0.25906469167330953,0.3939060811327204,0.11643067012046504,0.02800223878854206,0.1528232464777193,0.0031749611388940864,0.0006291704324848378,9.102861511716904e-50
7585.0,0.0,7.0,2.636363636,2.076923077,S,F,F,0.6624069034474118,0.048884588535046264,1.8074726014402025e-06,0.09726061810442743,0.12027256588136033,0.02539228983557842,0.008432206137752717,0.02527477327982826,0.01207404021249613,2.0709349720547007e-07,2.4322532400013967e-68
7694.0,6.0,7.0,2.5,2.5,S,B-,B-,3.644744640392778e-45,0.0021322315534394545,7.509922109294844e-08,0.08365942045684982,0.2169109124714283,0.22890055932194248,0.2555057705940786,0.12652740323629402,0.086241455603996,0.00012217166275025736,6.53318143422941e-22
7841.0,9.0,8.0,2.913636364,2.392307692,S,A-,A,2.527155025091937e-70,5.2386152750309346e-05,1.4000518386075834e-09,0.01248176138089482,0.025944775040769565,0.04819521898819144,0.09643125262698025,0.11544749090354939,0.1388601669380601,0.0021259760853981438,0.5604609704833541
7871.0,8.0,9.0,3.632432432,3.715384615,G,B+,B,1.0426560429059102e-61,0.00047060373934984306,0.0003492928581603084,0.01562506336262947,0.11859372966203313,0.06712864799576308,0.11045626107572128,0.4649749849127232,0.14197548528207607,0.0804259310999835,1.1560091886521954e-11
8110.0,10.0,10.0,3.75,3.75,G,A,A,1.0641701604668911e-78,2.489699464032125e-05,1.0993308473976834e-05,0.0029425405242053566,0.020417498898507865,0.017617070010242132,0.03688925848963592,0.1829341490930759,0.09219398159002226,0.1498786424587321,0.497090968632464
8318.0,1.0,4.0,2.2,2.705882353,G,D,C,0.00012354982418176212,0.1177238077420526,0.13330890914186683,0.1480432445419112,0.3957098240952953,0.08587372118495244,0.03618147336513817,0.08158883204644281,0.00135675734994151,8.988070821755662e-05,2.4928535811469304e-65
8553.0,3.0,4.0,2.713333333,2.375,G,C-,B,6.801930515569017e-21,0.03184224577034236,0.04959765874998496,0.12804283846473508,0.2768781072074635,0.06755865601850176,0.05645152572631197,0.37213246303388003,0.011926111169602195,0.005570393859178357,1.3251718354307934e-50
8727.0,4.0,7.0,3.457142857,3.294117647,G,C,B,1.0890197079609367e-28,0.012408198604035964,0.01894385392229442,0.058920086574887565,0.29135547624137076,0.06645372295532645,0.06355802415937989,0.4222550608019298,0.061405937403349514,0.004699639337425538,2.5965619796609168e-42
9076.0,7.0,3.0,2.672131148,1.806666667,S,B,B-,1.1509671599412172e-53,0.000631165242979785,1.7182608374671037e-07,0.0430502733978424,0.09109465066893319,0.13363426968062478,0.37936290839658765,0.25004837116271755,0.09906658528305698,0.0031116043411722953,1.5695898738098343e-15
9148.0,7.0,7.0,3.180645161,3.25,G,B,B,1.3952899855709923e-53,0.0010858345953912072,0.0009676717440744036,0.033359822650835196,0.16373673447540033,0.08620384582055796,0.12279640063202024,0.4456160363695739,0.0705022655956231,0.07573138811652377,1.296983708116152e-19
9170.0,10.0,10.0,3.903225806,3.8,G,A,A,1.1779781094992477e-78,1.755040887747628e-05,9.658179310376381e-06,0.002395830200689795,0.01695099630565153,0.0141041281211991,0.03234395724217602,0.17702772048175697,0.12118082425916057,0.16921022560842783,0.46675910919275043
9201.0,4.0,7.0,2.96,3.1461538460000003,G,C,C,8.652200202195557e-29,0.013597779044968247,0.008868871570014552,0.0988750196106352,0.3565613626037761,0.0943135705309216,0.06188166482085767,0.32861574266351296,0.03340740499929084,0.0038785841560228136,3.133955212029659e-42
9330.0,7.0,10.0,3.211403509,3.74,G,B,B,2.5259430150154706e-53,0.0011121995053163603,0.00024122477637604676,0.04345776584247072,0.23160718457762686,0.1077628241401727,0.08274304787722532,0.3787125545866458,0.128192237664866,0.026170961029300166,6.248650553456704e-19
9361.0,0.0,10.0,2.0,3.0,G,F,F,0.5191463602893905,0.06737721024077302,0.0018780201958998178,0.15795338840764392,0.2024137907390012,0.025093206491340714,0.0016693586942428138,0.022893696237695767,0.0015702367055443669,4.731998467733417e-06,1.239282192193627e-72
9370.0,10.0,10.0,4.0,4.0,G,A,A,1.311254323402953e-78,1.6385558114911044e-05,1.2450791756098273e-05,0.0018903808530375597,0.017803350836084954,0.015026845706021433,0.03781092467714025,0.15813190071161648,0.12310331893438596,0.13606998560005995,0.5101344563317823
9572.0,6.0,4.0,2.9933333330000003,2.373333333,G,B-,B,1.218569612073609e-45,0.0020347720396350693,0.004127481483723319,0.04825146247924217,0.11552459509143197,0.05177657620680186,0.09184170010195634,0.4809064824845987,0.03953741379946356,0.1659995163131471,3.3858494974924353e-28
9959.0,5.0,7.0,3.233333333,3.0625,G,C+,B,5.33614055169562e-37,0.004537880912810607,0.0037415820513123396,0.06555078184674414,0.21896651424018856,0.06556252594814001,0.06164481165303731,0.47848862946469733,0.0797869157215392,0.02172035816153036,5.723001207703058e-35
10031.0,5.0,7.0,2.906060606,2.894117647,G,C+,B,4.411624779063111e-37,0.005030628940268787,0.00222679292355079,0.09599371411756744,0.2416454604923645,0.07818584414073294,0.05707587514493526,0.44285196821704786,0.055053754006694516,0.021935962016837996,5.822157618114501e-35
10569.0,4.0,4.0,2.032258065,2.066666667,S,C,C,7.396929386970516e-29,0.00641375215692351,5.061826038493358e-07,0.1501616473362082,0.2834543483043771,0.2342843105327705,0.22842616163391363,0.07067372219060676,0.02654508392339022,4.046773920612093e-05,1.1115570466527742e-37
10649.0,9.0,10.0,2.813953488,3.2,G,A-,B,3.6072428327829175e-70,0.00011898705598999948,7.780458000688468e-06,0.03476681396762781,0.0813371899209648,0.06312335471004087,0.04940403385272798,0.36057452491856523,0.12611552344834942,0.28435545653153854,0.00019633513619467659
10693.0,5.0,5.0,3.179411765,3.166666667,G,C+,B,4.937654021818275e-37,0.004593730487564935,0.013604286257235674,0.04851957306275186,0.26351838410495226,0.09562413158106015,0.13928478539857314,0.3706007087438601,0.044895655891402354,0.01935874447259963,5.181032398633164e-35
134.0,6.0,7.0,3.23943662,3.42,G,B-,C,1.4133386749701696e-45,0.006273936189419848,0.06780492554754608,0.028262627579286735,0.3033290643173339,0.09499123516308287,0.17650619229414904,0.29489519640339823,0.0230407635243753,0.004896058981408079,1.2031228494913232e-23
300.0,4.0,4.0,2.48877551,3.007692308,G,C,C,1.2838264627477558e-29,0.059788044060307216,0.10848507348249731,0.05741537948546028,0.3519032423110443,0.11780283469654398,0.21064218943721205,0.0898145890550354,0.0032019621964239223,0.0009466852754754732,2.0324583996767265e-37
437.0,10.0,10.0,2.5977272730000003,3.133333333,G,A,A,1.815124435661509e-79,8.688192614135448e-05,2.398525416387058e-05,0.008884758699799683,0.03774291568844229,0.03912008704058976,0.06320602801927791,0.13720160580584162,0.03611055116286529,0.3058202168006147,0.37180296960226356
515.0,10.0,7.0,3.133333333,3.5333333330000003,G,A,A,2.1067589404632278e-79,0.00011095562937914182,0.0006189838315453013,0.0030156220902679064,0.03926244856718689,0.03796495551865776,0.17770893102992286,0.1253459669170968,0.01311376403589831,0.15369644258323392,0.44916192979681113
554.0,7.0,10.0,3.519565217,3.635714286,G,B,B,1.4015646833388624e-53,0.0014974808831017862,0.01731598252506665,0.022677990649131483,0.23635109399734475,0.07920010129736454,0.07299480704153048,0.4455658591274738,0.10891528653655065,0.015481397942435688,6.996064104437165e-17
645.0,10.0,10.0,3.6,3.75,G,A,A,4.97357145746977e-79,4.194673015687728e-05,0.0005077380056436569,0.0024858909852393876,0.033325534484183364,0.02355698861601146,0.06127763574648541,0.17914013496172573,0.04573658885924541,0.11277886817174049,0.5411486734395682
825.0,5.0,4.0,2.485714286,1.991666667,S,C+,B-,2.176243039359746e-37,0.006494006254390998,1.6239008439261158e-06,0.04793284060474208,0.19882904357125022,0.11306117205009043,0.37466066298919104,0.2481072356830019,0.00676024694340868,0.004153168003080683,4.406169734977173e-30
1954.0,7.0,7.0,3.671186441,3.721428571,G,B,B,1.0816141281284627e-53,0.0020414840108386166,0.05823745125727202,0.013155286009180539,0.21937543236003898,0.08529182426575171,0.2154869949595699,0.3666209398397731,0.03366925679044131,0.006121330507133656,1.0722125172823851e-16
2018.0,0.0,7.0,2.0328125,2.425,S,F,F,0.5808485383435177,0.09878123477531818,9.709077653898124e-06,0.06340039755973025,0.17551518150997825,0.06169589505666892,0.0060988357278899865,0.007206069975445511,0.006439910461524945,4.227512272454184e-06,1.1820676107290617e-63
2307.0,7.0,7.0,2.74,2.0,S,B,B,1.0602286924010217e-53,0.0005362948920850547,5.442761706632721e-08,0.0349238581860001,0.10108919185116295,0.07840684062539587,0.19074294447350057,0.5024553175693104,0.030893290133535475,0.06095220784139261,5.653693992582083e-17
2433.0,4.0,7.0,2.967741935,2.875,G,C,C,5.166302593260582e-29,0.020996371668304883,0.023251015220287333,0.09551956800680714,0.3667096246758079,0.07893048350865065,0.057466363803545716,0.3416830631800108,0.013997276553332008,0.0014462333832534935,7.951460592699818e-38
2450.0,7.0,7.0,2.689655172,2.5,G,B,B,4.114637558704147e-54,0.0016877508289467322,0.0003086438224143451,0.05867694736381411,0.1445235920347611,0.06209714898305988,0.12401699641629138,0.4771020814586564,0.012588495157910946,0.1189983439341452,2.7172410642214287e-18
2545.0,6.0,3.0,2.491509434,1.207692308,S,B-,B,1.0120265945716073e-45,0.001125550016573295,4.378156929654855e-08,0.04802706993065156,0.08252923291784862,0.044239122985103636,0.3112953615404383,0.4825581912748745,0.0020443027083024063,0.028181124844638288,1.2887973141932028e-24
2736.0,7.0,7.0,3.1461538460000003,3.1461538460000003,G,B,B,6.923442767138243e-54,0.0021490929017888077,0.003996313398159029,0.03148061326410034,0.19590033452977554,0.08781188882834938,0.1761932293637773,0.44604367999803524,0.02451694557404416,0.03190790214197024,2.0470112321584825e-17
2748.0,0.0,7.0,2.6,2.866666667,G,F,F,0.49471842081576556,0.11900001595499465,0.07643378226757093,0.07208380707281963,0.18617598947823055,0.02472369854024116,0.0029556439187352936,0.021755864946525823,0.0021489907254490077,3.7862796672266593e-06,3.2833583087384765e-65
2907.0,4.0,4.0,2.146969697,2.68125,G,C,C,1.1065249892748836e-29,0.06698854554428463,0.011580142876466226,0.11651665352362708,0.34574411934893523,0.153954778865812,0.18402856503940535,0.11416778213104112,0.0036731895459707242,0.003346223124457679,7.873548258867022e-38
2971.0,10.0,7.0,2.204545455,2.878571429,G,A,A,9.463825229454448e-80,0.00019008443624148966,1.0786644515878906e-05,0.012456724501157724,0.040503294226371535,0.06288361549687163,0.143947767039524,0.11555127034970256,0.012823273850316718,0.2914868462394741,0.32014633721582436
2993.0,7.0,8.0,3.303571429,2.964285714,G,B,B,9.32736189126405e-54,0.0010751741904376582,0.0015185406626691943,0.032927713752633515,0.15117486267120045,0.05270057288617165,0.08943875230683941,0.6087319588473937,0.027401626643090513,0.03503079803956386,8.01816842002476e-18
3229.0,10.0,10.0,4.0,4.0,G,A,A,7.503070148833683e-79,2.7599654872555883e-05,0.0006303922508804681,0.0016254247996807375,0.02793715298586652,0.020893485007388142,0.048203951530139406,0.19288091450214462,0.05881391259288025,0.05332151561666556,0.5956656510594817
3366.0,7.0,9.0,1.423684211,2.084615385,S,B,A-,1.8287819606532296e-54,0.0016294900085512432,2.1013370290992283e-09,0.08307175709307721,0.11020389022509149,0.21984716310375424,0.0910704768303815,0.08248566109568016,0.09049456535845064,0.3211969941836764,8.055651174804663e-17
3424.0,7.0,4.0,2.916666667,2.915384615,G,B,B-,3.1598049318891055e-54,0.003087630010147499,0.0036909874619780107,0.025984992147383156,0.15816046168724734,0.08674579331026173,0.36954142439718857,0.31823451606992625,0.005077345945815602,0.029476848970051782,1.2510817767825238e-17
3489.0,5.0,6.0,3.25,3.169230769,G,C+,B,3.0412495662952294e-37,0.01093524778798152,0.035866238952166535,0.04670906620251365,0.31376911645624816,0.09033059818110804,0.12881025533620233,0.3575850290233667,0.014037160109905494,0.0019572879505076923,9.68725776073648e-31
3856.0,5.0,4.0,2.0,1.466666667,S,C+,B,1.4892705844630954e-37,0.006232359072347773,5.4805282998121315e-08,0.11240463615638835,0.16468428551946732,0.1276233244038369,0.2638538182706995,0.29756253641106445,0.006116747303401265,0.021522238057511477,8.221729327149058e-31
3912.0,10.0,7.0,3.1034482760000004,2.8,G,A,A,2.86151450808413e-79,4.7014243835654014e-05,1.9176818434562195e-05,0.006394391363982928,0.025661394201295634,0.021948191046800895,0.10620435884085662,0.23173417880501931,0.008707402424343123,0.246189547920275,0.35309434433515624
4076.0,6.0,5.0,2.541935484,2.61875,G,B-,B,5.94786855988336e-46,0.007572269292250335,0.001288917946308715,0.07453171033566114,0.21773605653407194,0.10964598621209398,0.2135155054424672,0.33465318965415575,0.0072658023856215816,0.03379056219736947,1.1469517857412977e-24
4193.0,1.0,7.0,2.575,3.006666667,G,D,C,0.00014700545240424828,0.1878113224590069,0.0770038799911749,0.1510382857110718,0.42377031329264303,0.08548771651216673,0.01130751156712967,0.054925273580721995,0.00847519590147103,3.3495532209527646e-05,6.3259775799457016e-58
4240.0,5.0,7.0,2.922033898,3.08,G,C+,C,2.528094763627435e-37,0.013216388802014329,0.008858336357086289,0.07932990851905405,0.33957752193705865,0.12488002356960858,0.0901415923458042,0.31399081820001806,0.024945164498786976,0.005060245770569033,7.6555975049066766e-31
4440.0,4.0,4.0,1.9625,1.9625,S,C,C,2.4771662200754842e-29,0.023643618086768594,4.301661298113664e-07,0.11170666521766756,0.25833882256818863,0.2256443669544711,0.2506287780542493,0.11684696775974489,0.009596604730643091,0.003593746462137019,8.470804290603883e-37
4483.0,7.0,8.0,2.102020202,2.75,G,B,A-,2.0318955263155942e-54,0.0035928197277669484,7.731623124276723e-05,0.09024073951516035,0.17220212292957413,0.15122939681081848,0.09554114870720691,0.20838020540933763,0.03425078874943851,0.2444854619194544,6.328150281439087e-18
4687.0,1.0,7.0,2.55,2.56,G,D,C,0.00019242394591022222,0.1403440730106324,0.020092835627298293,0.23223567501986667,0.3974191832718032,0.0642460091720913,0.009728381076738471,0.12913459011616757,0.006532504067334881,7.432469215682982e-05,1.620656063953025e-58
4779.0,4.0,7.0,3.176470588,3.176470588,G,C,C,6.672102997181869e-29,0.021258388913064055,0.0314190648832696,0.07836000687342741,0.3882126715272682,0.10175454875023593,0.0553276181995933,0.3003283450036184,0.022504259230044194,0.0008350966194788864,1.7085410539513969e-37
4864.0,3.0,3.0,2.398666667,1.876470588,S,C-,C,8.447318058308229e-21,0.03229588282395554,2.122234181168383e-06,0.10644010261224762,0.28723865492964146,0.14757488314428246,0.23000632997772413,0.19116720737687096,0.004772271074250335,0.0005025458268464129,1.1754892669777635e-43
5019.0,4.0,7.0,2.8511111110000003,2.75,G,C,B,4.891630654810006e-29,0.019430720923491605,0.005061269785230132,0.1281738960630674,0.3314391465956069,0.0899346093230748,0.04559989423919025,0.3619484254214684,0.016008200930851563,0.0024038367180190118,4.6843033763160203e-38
5023.0,9.0,7.0,3.442857143,3.4625,G,A-,B,1.758403867286655e-70,0.0003079481531922639,0.0008070519359392732,0.010144500684641984,0.09194046260515554,0.07694788960343957,0.23729980985515045,0.4182649692488102,0.035316589344492874,0.12818153049642123,0.0007892480727567718
5133.0,6.0,7.0,3.465625,3.30625,G,B-,B,2.2356575300423906e-45,0.003527623257478264,0.010126344469647448,0.03440950169620186,0.23644853973834218,0.08661007770084767,0.10898053200594283,0.4844983014291307,0.02991560683783351,0.00548347286457574,5.300755322873694e-24
5299.0,9.0,10.0,3.466666667,3.466666667,G,A-,B,2.489172288457547e-70,0.00016160514152753548,0.0001773352698511491,0.013580586934398231,0.08014783608041046,0.06142864722870641,0.06589795958032224,0.4681132829738972,0.11391861069934926,0.196086542948583,0.0004875931429545874
5676.0,6.0,1.0,1.6521739130000002,2.333333333,S,B-,B-,1.4676208646095849e-46,0.011044223265646046,2.0180816351975507e-07,0.02894712472690306,0.1280633892376488,0.2732114309500418,0.5097881201303962,0.029833453853410276,0.0035699174442208365,0.015542138583569409,6.763986146510944e-23
6144.0,10.0,7.0,3.092156863,2.988235294,G,A,A,2.7569528625355075e-79,5.377438706174083e-05,1.365997096387773e-05,0.006314330499714284,0.026132424823592057,0.030229529371467376,0.10246498690710854,0.20852019511417721,0.0126363444324361,0.245387561156032,0.3682471933374467
6145.0,8.0,7.0,3.3757575760000003,3.0411764710000004,G,B+,B,4.132814808331252e-62,0.0004706918886225599,0.0003612715547423665,0.021266890671886633,0.10012946442067258,0.05920790223613526,0.1384145809303508,0.5711766819989909,0.024853293316347436,0.08411922294176907,4.048237895537425e-11
6198.0,10.0,10.0,1.86875,1.86875,E,A,A,3.389538772483405e-79,1.033621855527775e-05,6.735921457995213e-15,0.006224048269035434,0.011033183111616253,0.09210544318577625,0.06981360658480311,0.050193467109766764,0.15158199280150114,0.28538838076107476,0.3336495419578642
6208.0,0.0,4.0,1.937777778,1.071428571,E,F,F,0.6673361595072326,0.031073267098609688,1.059691560597376e-10,0.08053218183196695,0.10721447482570837,0.0658428853997447,0.020088006987662728,0.024392521648364307,0.003513575541997291,6.9270527439087e-06,2.136289189828314e-63
6332.0,3.0,2.0,2.01627907,1.7875,S,C-,B-,4.147536593815402e-21,0.046331841747769484,7.354851696585017e-07,0.1209771692046333,0.254899182578468,0.19218765649192576,0.2719782348035211,0.10966493182114138,0.003153060501764759,0.0008071873656066191,9.548983458910222e-44
6577.0,7.0,9.0,3.464285714,3.444444444,G,B,B,1.3338630477695387e-53,0.0012072163082732157,0.0013539583752981053,0.03165573722378202,0.17752422073171048,0.09493133478256958,0.06211597693918014,0.5107049274663169,0.09589310446576994,0.02461352370709971,2.7665281263945918e-17
7132.0,7.0,8.0,2.5984375,3.229411765,G,B,B,4.174322224717539e-54,0.003470896191651687,0.00027186169642990293,0.06388715547210796,0.20923960021250404,0.20507973748490327,0.1069301843029651,0.2357873045301654,0.07047744474584997,0.10485581536342267,2.3800293992395937e-17
7721.0,5.0,4.0,2.75625,2.782352941,G,C+,B,1.4873957359845248e-37,0.016027101003126903,0.0027352148093062233,0.08210087768135546,0.26152095934261227,0.13459908538317827,0.19047897986079723,0.29995326855351956,0.006571313854767321,0.00601319951133684,3.2728660163625056e-31
7798.0,7.0,7.0,3.0,2.866666667,G,B,B,6.576926312705605e-54,0.001500544884633388,0.0001894812532647607,0.05207722809206627,0.1443395627980449,0.0931404669637908,0.10265021163725187,0.5063053003134224,0.028046761592187275,0.07175044246533835,5.8176039948675486e-18
7883.0,8.0,7.0,3.59375,3.6875,G,B+,B,5.432841419857034e-62,0.0008015007108197577,0.001962945926094125,0.014836793001357351,0.14330850251172525,0.12127843080502153,0.19603113686223483,0.4256330557726819,0.06078660470289517,0.03536102938293499,3.242349880064666e-10
7951.0,3.0,7.0,2.097560976,2.425,G,C-,C,3.635231113261103e-21,0.05567462074305646,0.0004306411459582775,0.28860508299337734,0.31573250971127736,0.13445746632914943,0.021863935758149582,0.16597801836769463,0.013825977412789188,0.003431747538547783,3.234042579912761e-45
7958.0,6.0,9.0,3.039285714,2.664285714,S,B-,B,4.3387704828811375e-45,0.001088113604909585,7.335806208283707e-08,0.04596485115369145,0.15183768279933224,0.1630830860798793,0.059942880070604575,0.3598289679214903,0.20675256888946972,0.011501776122560677,5.415735971742852e-23
8014.0,3.0,4.0,2.032258065,1.866666667,S,C-,C,6.2683820989278746e-21,0.03746306303086251,2.22934512031757e-07,0.1759666144000235,0.2783743181170842,0.23125727315546601,0.13411482374019812,0.13097832475222024,0.010523317608117162,0.0013220422615162553,9.596895777276757e-44
8086.0,2.0,4.0,2.36875,2.682352941,G,D+,C,5.824426468153339e-13,0.15435821153272483,0.01084232288515857,0.17895894793350758,0.3714685903658151,0.13518004285200472,0.05122830587687854,0.09411577997366856,0.0036233012628367777,0.00022449731682291078,1.7239388301351468e-51
8248.0,0.0,5.0,2.439344262,2.166666667,S,F,F,0.6387183444243628,0.06268580945727595,2.095218218691614e-06,0.07017976934180566,0.1428612830005341,0.052839125706422525,0.007803436499898986,0.021274625302007587,0.0036319959128777736,3.5151365957958924e-06,3.9339268786534634e-64
8294.0,0.0,4.0,2.175,2.6,G,F,F,0.42996417401293,0.18622152603065067,0.011759087802620189,0.1120252265801844,0.18035486372379345,0.05147685464176084,0.008229274088636093,0.018992205684517035,0.0009672874494369158,9.499985470367475e-06,1.9835061656527093e-65
8308.0,0.0,7.0,1.71875,2.235294118,S,F,F,0.5112445054457271,0.09848468724244136,3.2621901047530484e-07,0.11777188769850488,0.15322154574516403,0.09741456907053707,0.003911267517205113,0.007364917525403883,0.010572477365176748,1.3816170829439737e-05,5.087233026070227e-64
8442.0,9.0,7.0,3.548387097,3.3125,G,A-,B,2.1372126321906328e-70,0.00018891635367448178,0.00015051768882503723,0.01172792167766235,0.06941755457988331,0.06528055712834284,0.15915984847692333,0.5095871177713208,0.036760738380518035,0.14739034615790075,0.00033648178494900333
8551.0,4.0,6.0,2.3103448280000003,2.230769231,G,C,B,2.4727494349478656e-29,0.021028983308384108,0.00018800201782023912,0.231925718884984,0.24646316044405536,0.1052472741564197,0.04292771692613238,0.3328789020614368,0.009026125995340034,0.010314116205427541,9.034676620870744e-39
8636.0,7.0,9.0,3.929411765,3.925,G,B,B,2.164244187787027e-53,0.0010336675832492575,0.004781514653528127,0.01762586403010837,0.18015135133628166,0.10574714067397674,0.059889852350715006,0.46586314532601003,0.15779208239799783,0.00711538164813276,9.213694418498214e-17
8804.0,4.0,6.0,2.0431818180000003,1.923076923,S,C,C+,4.3792482009081104e-29,0.013634046218312419,3.485836810888441e-08,0.18653506139732984,0.2361135922916397,0.2504466947803398,0.08806432290095202,0.18418453335305868,0.033901725028577724,0.007119989171421785,4.509127979951309e-37
9008.0,9.0,7.0,3.370967742,3.2375,G,A-,B,1.7224612412090924e-70,0.00021006510221839312,7.376000677681453e-05,0.014246640551777436,0.06820452963476119,0.0735682972524438,0.15053375787687714,0.4542498528364011,0.03695983089199108,0.20168190774725545,0.00027135809949755015
9039.0,0.0,0.0,1.719565217,0.86,E,F,F,0.5596731054287852,0.058941823005674424,9.160485517019066e-11,0.07954966839605407,0.10372598843526265,0.09316916202086367,0.08334002971037495,0.0208682429297515,0.0007246945824981452,7.2853991303308364e-06,1.7165748630631298e-63
9352.0,4.0,7.0,2.070175439,3.166666667,G,C,C,1.3521566276521996e-29,0.056090203382676534,0.0008401190535526481,0.16371919702525337,0.34110954798064286,0.2960222971401691,0.04327574790513781,0.05772742141861394,0.0361652121421429,0.005050253951810732,1.6877657385119834e-37
9365.0,8.0,10.0,3.4125,3.206666667,G,B+,B,5.883086556719903e-62,0.00025585107384262334,4.050815224207365e-05,0.028753750112065286,0.08409786658858645,0.06340249497425292,0.030750180487907893,0.5512610676645597,0.11781939830122876,0.12361888261129207,3.402219032065024e-11
9401.0,10.0,10.0,4.0,4.0,G,A,A,8.29316949091013e-79,2.1465270276637515e-05,5.57679724944893e-05,0.0021970094183408496,0.02218897943398993,0.028085548643165863,0.029660949504305256,0.1944600535935074,0.0906671536524257,0.07217298995155876,0.5604900825599352
9532.0,4.0,5.0,2.84375,2.25,S,C,B,1.0948031007614218e-28,0.008888050120297352,3.7278607382091483e-07,0.08814737141237419,0.238385059907324,0.18553966226057897,0.13124641269865558,0.3185702728505435,0.027996450961424973,0.0012263470027276998,1.0407439063340045e-36
9764.0,6.0,10.0,3.32,3.106666667,G,B-,B,2.712727348565537e-45,0.0014384317265010494,0.0001625512360380061,0.06834239342481112,0.15752153819180598,0.07645993717469525,0.016409982886302823,0.5499855948679848,0.11161440818024669,0.01806516231161425,1.2312130658621724e-24
9901.0,7.0,9.0,3.418367347,2.946153846,G,B,B,1.2745081034907765e-53,0.0005273819216336511,6.518651003845733e-05,0.04415930293619533,0.10204531311921163,0.055417973219704604,0.02926315532173621,0.6572676854374737,0.06262404212831471,0.04862995940569164,3.4551253024669734e-18
10616.0,0.0,10.0,2.848484848,3.1875,G,F,F,0.5902797877544388,0.06288700664462386,0.0038239979167097276,0.10082818316270806,0.1648048942821593,0.03424234539365021,0.00045934860060370397,0.023644467649762264,0.019025143986813767,4.824608530497429e-06,3.2576310523378943e-65
16.0,6.0,9.0,2.694594595,3.666666667,G,B-,B,2.390414576162953e-45,0.040641721562842056,0.0028081292237283595,0.02587922801537158,0.29506348004481775,0.225193146716409,0.05128926936086308,0.31922433264895866,0.035566499010501,0.004334193416508393,6.08357465163726e-25
43.0,6.0,4.0,2.483870968,2.24,S,B-,B-,2.3366972695593096e-45,0.005889358528414334,2.333577004576892e-05,0.0230414318749957,0.13180294778190496,0.16538322526983593,0.4895577658478341,0.17873404582228342,4.2379797396168526e-05,0.005525509307289705,1.2565010956307324e-24
153.0,7.0,7.0,3.5,3.266666667,G,B,B,2.0906940438602184e-53,0.0024595180176962194,0.007475229163267913,0.006393057118466804,0.14757116499989253,0.09909105764079007,0.23447900002128053,0.4379308239182382,0.03987417196563488,0.024725977154732768,1.4874891112779372e-18
330.0,10.0,10.0,4.0,4.0,G,A,A,3.712317836716244e-78,4.878525434614623e-05,0.0001715902007567811,0.0002353077110377326,0.01467906205643378,0.031222217553637684,0.05356084893411177,0.19984431603521974,0.04737257215847868,0.04978374759524959,0.603081552500728
342.0,4.0,4.0,2.96875,2.26,S,C,B-,1.136914405815123e-28,0.011872125207522339,0.00029933931229105833,0.016843153150960296,0.16603560504984377,0.17020269837590257,0.4503060050993414,0.18312448819239935,7.66956623070437e-05,0.0012398899494321625,1.5763967128003992e-39
524.0,7.0,7.0,2.995652174,2.817647059,S,B,B-,5.075340624583658e-53,0.0018283232310989334,6.545819092752449e-06,0.006457770649322919,0.08473845437249829,0.2147017201745654,0.34855767988844333,0.3320890541245208,0.00023180056494982683,0.011388651175507723,4.667179687221153e-17
679.0,4.0,7.0,2.958333333,3.25,G,C,C,5.849424234323915e-29,0.06379553858697998,0.03586361639656196,0.032262438181289245,0.36480438419558026,0.15713410193834748,0.07371302089248441,0.24669467274385587,0.024398862164212713,0.001333364900688128,3.1899522075832132e-40
882.0,0.0,6.0,3.2897959180000003,2.63125,S,F,F,0.7730447277767328,0.0422034785573759,0.0013225402516730263,0.0043231088563577035,0.07028845439221923,0.058400784835202973,0.020591297335397336,0.029771958362974395,4.759430568204379e-05,6.05532638447948e-06,2.404832968411459e-69
1103.0,10.0,10.0,3.9,4.0,G,A,A,3.7891291596993387e-78,5.102382122732069e-05,0.00012181268780768714,0.00029872722889958786,0.01573185959375168,0.03348357866478348,0.048078011503237573,0.19400973060357216,0.048195501735404545,0.05248602039139439,0.6075437337699215
1278.0,5.0,3.0,1.269230769,1.61,S,C+,B-,9.428313076744275e-38,0.03714959932383667,1.331004050460268e-06,0.2490226353872861,0.22656171785319912,0.12970782623878138,0.2530506231009388,0.10143946742976363,8.042618050307825e-06,0.0030587570440934425,3.746694816838385e-32
1775.0,4.0,4.0,2.71875,2.470588235,S,C,B-,1.1291470684837327e-28,0.01977899240922846,0.00034282239491614455,0.025062253743853957,0.20597579707133462,0.26212822611874154,0.3484948620073922,0.13720724319805508,7.858122796942768e-05,0.0009312218285084826,4.027915541883478e-39
2125.0,7.0,4.0,2.627419355,2.066666667,G,B,B-,5.765744481635728e-54,0.001844343111360942,0.0002755267124803294,0.06238081315573568,0.1766799438629897,0.039720463688530785,0.31307943703578667,0.3091836006379841,0.0064984362322905885,0.09033743556284123,1.259841429659564e-19
2145.0,0.0,0.0,0.803846154,0.0,E,F,F,0.3396675814690678,0.09082580420265574,9.816178850118806e-09,0.24290371063048963,0.11975815918680636,0.047306221951981836,0.13836918344904153,0.02113683432061539,6.2957117039296585e-09,3.24886774511586e-05,3.954913022712724e-69
2358.0,3.0,6.0,2.824561404,2.15,S,C-,B,3.866164346168936e-20,0.020847444582117697,2.563874392370147e-05,0.04470579835487143,0.2400752124968889,0.17723825126179898,0.21045225806458137,0.30531693865127113,0.00018805673425164758,0.0011504011102952117,3.8426708767130857e-47
2638.0,4.0,6.0,1.945454545,2.9,G,C,C,1.685612330409341e-29,0.1309957414685186,0.0026367399312393325,0.17090904636618184,0.4001321171371699,0.13145163910743968,0.03817841138711936,0.11867628996875022,0.005835489622857215,0.001184525010723951,3.034044626518611e-40
2669.0,10.0,9.0,3.596969697,3.61875,G,A,A,3.3495843912117773e-78,4.905851444148024e-05,4.09660322562034e-05,0.0008554803805457785,0.021592898814614698,0.031212160481391263,0.06534498392640355,0.20503096316232472,0.0362087228026132,0.09866229071596413,0.541002475169445
2966.0,7.0,9.0,3.41,3.146666667,G,B,B,3.7675358578473814e-53,0.0010943922368602632,0.00016855275021861272,0.009885417300965163,0.12338483374436972,0.06835235196490713,0.09516685152319959,0.5705146067619704,0.08320833986725716,0.04822465385025198,4.518264682592354e-19
3014.0,7.0,8.0,3.209375,3.682352941,G,B,B,3.1733908956423683e-53,0.004393854397656541,0.00424576224664249,0.01073756192124315,0.1985977663928063,0.20282892351756565,0.10899864867124155,0.38038773404065623,0.07119312224612402,0.01861662656606395,5.7591193579701825e-18
3092.0,0.0,0.0,2.833333333,2.833333333,S,F,F,0.4282364672609369,0.07589785638271788,0.25373646454311594,0.004842144522907374,0.08067907374323206,0.10337582997163686,0.050073024427760654,0.003152966470154663,4.833354742129475e-06,1.3393227954000736e-06,1.875030965325384e-68
3218.0,8.0,7.0,2.596153846,2.475,S,B+,B,2.9030056090314352e-61,0.0006128601117605292,1.7717463607545896e-07,0.015761196251680643,0.0771672232107634,0.15481114114017153,0.31366256165014167,0.38207468363052055,0.00020439508886041893,0.055705761368534334,3.7293090480642854e-10
3334.0,4.0,9.0,3.244897959,2.833333333,G,C,B,1.5545876124113689e-28,0.010153330916087158,0.00047504520388349234,0.0342438233894779,0.24666662408282233,0.0644714103369091,0.04441121732032742,0.5219039381867002,0.0720864032606972,0.00558820730309504,2.1756899565627667e-41
3337.0,6.0,4.0,2.76875,2.26875,S,B-,B-,5.128427445095089e-45,0.001921136619047707,1.795057705346708e-05,0.01847869563815002,0.1181818911302639,0.16512703241143845,0.4815889160631819,0.2048562528326372,9.466613840353721e-05,0.009733458589824094,6.353524888813688e-25
3605.0,7.0,7.0,3.466666667,3.5333333330000003,G,B,B,3.5490464505340395e-53,0.0020356583931732527,0.0091943191303225,0.007594531835079495,0.17080648022508496,0.1608320284095261,0.1744038075865088,0.37922294889103847,0.07041032784510652,0.025499897684159948,2.7158563411345925e-18
3801.0,3.0,7.0,2.956521739,2.266666667,S,C-,B,6.866780794340381e-20,0.013929969465538717,1.1248536150208277e-05,0.03963499602045657,0.22783063630734524,0.1880412307799009,0.1508764902019393,0.3778544660879028,0.00037895741299632504,0.0014420051877698573,3.278254802499207e-47
3908.0,10.0,10.0,4.0,4.0,G,A,A,6.035223976256665e-78,2.334270799764503e-05,6.66557904350053e-05,0.00030165027156743747,0.014468617547221492,0.03250688977840421,0.04071008499773333,0.19232665378828195,0.07316881663973093,0.07382729311026148,0.5725999953683665
4133.0,5.0,7.0,2.9347826089999995,2.59375,S,C+,B,2.572370288702699e-36,0.004292340093303398,6.473863510419104e-06,0.02075011217231374,0.15701208359037858,0.2452692585819516,0.20879471041843536,0.35838357891832634,0.00041245533813184327,0.005078987023648662,4.2189002493774017e-32
4368.0,4.0,5.0,2.253125,2.25625,S,C,C,1.3515304072698036e-28,0.021352913579296258,1.2179059256851861e-05,0.0880239802045411,0.26187451456175503,0.25453711198867723,0.1952858780699572,0.17697584011877265,9.878949360805174e-05,0.0018387929241357112,2.3942835274632323e-39
4392.0,7.0,7.0,3.5617647060000004,3.358823529,G,B,B,4.1350417922321923e-53,0.0010849870990266533,0.004075430382600295,0.007490533904012882,0.14892728405892117,0.11869271738063022,0.17922930718421098,0.4233744257678591,0.07894048747007486,0.03818482675266385,1.1284003191546962e-18
4602.0,6.0,7.0,3.455,3.657142857,G,B-,B,6.809503301270277e-45,0.0045803669303165545,0.027987232855596404,0.009617572269026676,0.22350675621639848,0.21210464920541086,0.11990741428101521,0.3092280891738184,0.08347755933372894,0.009590359734688584,1.8286613312202754e-25
4641.0,7.0,7.0,3.193548387,2.9375,G,B,B,2.8871505672148366e-53,0.0011309120240974718,0.0003859468770599888,0.019388721375553662,0.1622093119522143,0.08032592325647517,0.16220727115960884,0.45844676108309085,0.05092068727660671,0.06498446499529296,4.348278039486845e-19
4675.0,0.0,4.0,1.914150943,1.6,S,F,F,0.5230098461128474,0.08687575727090636,1.2720216731837965e-05,0.12723200124221015,0.15475681441379915,0.05006491493946885,0.02533657172918365,0.03266918780565047,1.2068164742138609e-05,3.0118104460000073e-05,6.990753509164268e-70
4712.0,2.0,7.0,2.512195122,2.75,G,D+,C,1.3240592043071564e-12,0.11435834839611682,0.0036102741439226187,0.14598287184469508,0.4293784078508364,0.09362269845065345,0.02189108266681019,0.1724368014018212,0.018205368346469623,0.0005141468973506012,1.1570759560760725e-55
4995.0,5.0,3.0,2.215625,1.76875,S,C+,B-,5.149880982351964e-37,0.004778508910687119,5.194537996357581e-06,0.09153493596340312,0.187883017808549,0.13962554145309036,0.39473163602699113,0.17355593293802735,4.6764772680921695e-05,0.007838467588574599,1.303386581556909e-32
5108.0,0.0,5.0,1.924285714,1.684615385,S,F,F,0.5489419877738836,0.07998591242451288,4.831819802833187e-06,0.1232674883447668,0.1465199835576013,0.04860807775821536,0.01652129973376574,0.036103501604750614,1.6902665861352708e-05,3.0014316839604938e-05,6.606901078889738e-70
5215.0,1.0,5.0,1.855072464,2.0,G,D,C,5.421220778416625e-05,0.17066757494730675,0.0009114995081342636,0.33384636477574464,0.33942414506455,0.04240354290907187,0.018694296004981785,0.09051588713799845,0.003183622510979541,0.00029885493344845344,1.1103632640505736e-63
5498.0,9.0,7.0,3.308510638,3.414285714,G,A-,B,1.1766529106118498e-69,0.0002613996144454851,0.00038596263205942287,0.006545460514813102,0.0953949167370864,0.10596370986029752,0.19107910325983668,0.3743562742660766,0.06159318534029905,0.16378992093999925,0.0006300668350865181
5563.0,3.0,6.0,2.472972973,2.494117647,G,C-,C,8.393871961756534e-21,0.04346481154645671,0.0015277019537826065,0.17666979143141873,0.4049376553839983,0.08342348853574245,0.048358070350772615,0.22284455755844185,0.01650799743186713,0.0022659258075196785,1.4207715981779412e-48
5987.0,4.0,10.0,2.5333333330000003,2.5333333330000003,S,C,B,6.175216480110126e-28,0.009691521862780338,1.1362643423797871e-07,0.06460272652131678,0.1931021787475988,0.21223964292839215,0.039044393800146016,0.4773146007261946,0.0007891116077308444,0.003215710179406412,1.0975773006599106e-39
6764.0,9.0,8.0,3.47,3.505882353,G,A-,B,1.830244762016747e-69,0.00014370574199043453,0.00014618406607769802,0.004833096848588069,0.0769527234833654,0.09352501051909295,0.12780951645186567,0.4090025539426275,0.10452308311208872,0.18264245168841547,0.0004216741458881227
7282.0,5.0,9.0,2.54,2.54,G,C+,B,7.5093972809840276e-37,0.004843353903310294,6.80793269048321e-06,0.13054456891799412,0.2453535331003509,0.0559726995050697,0.02865029612152629,0.45684503722598024,0.05358193808724462,0.02420176520583331,2.625184265087848e-34
7449.0,4.0,7.0,2.607142857,3.0,S,C,C+,4.421321156916973e-28,0.014324979383206426,1.8549785184725437e-05,0.037435187311893395,0.22899956425944373,0.48082815700542764,0.07439898246495781,0.16238484563043892,0.00045720839186669373,0.0011525257675807205,7.762879755603991e-39
7651.0,7.0,9.0,3.413333333,3.413333333,G,B,B,7.278994437328812e-53,0.0006083530501868127,0.00014694991611757807,0.01115394778596291,0.12914721821257144,0.10315267239862012,0.059058368642706284,0.4797857596250579,0.162202309457025,0.05474442091175203,6.198776070813096e-19
7845.0,10.0,10.0,4.0,4.0,G,A,A,1.0025228332827112e-77,1.0093924048945935e-05,2.2914396853290018e-05,0.0003857864549952978,0.013857515561373018,0.033049519500729256,0.029164142274377042,0.17941034365768815,0.11053156842986522,0.10726505213396784,0.5263030636661019
7923.0,10.0,10.0,3.971875,3.94375,G,A,A,9.95920703982691e-78,9.804431608766762e-06,1.7315514697105285e-05,0.00043059017955987447,0.014097493548582153,0.031534356112716114,0.029534012008443137,0.1844463681029885,0.10853446633032587,0.1160438617777191,0.5153517319933595
7948.0,5.0,3.0,2.116883117,2.45,G,C+,C,1.7756283684959236e-37,0.013400559361763015,0.0024282646015433436,0.21356086886170933,0.35742490531365384,0.11398807386148888,0.1415735127401408,0.13866706199536766,0.007017679675905249,0.011939073588427903,1.382727042528524e-33
7970.0,6.0,6.0,2.244117647,2.95,G,B-,C,2.495153137979503e-45,0.008637335733911832,0.000315300824318076,0.13915157903088257,0.3399824113995569,0.16036229434424532,0.07407545264055755,0.23164529347916216,0.023971041753913715,0.021859290793451638,7.370760224635805e-26
8045.0,0.0,7.0,2.076923077,1.714285714,S,F,F,0.6011243968516028,0.03337574071039629,3.1301779390468605e-07,0.12851338652929095,0.1296182486574664,0.041113588965856256,0.007640971195447403,0.058499354336132535,5.475826783839662e-05,5.924146817496658e-05,2.5924751404146155e-70
8106.0,10.0,10.0,3.758823529,3.770588235,G,A,A,8.70422040180151e-78,1.1745475119205179e-05,6.230725881282521e-06,0.0007600311762051837,0.016284107644374872,0.029462617104252804,0.02892179643679279,0.19521616309911966,0.09380129219506331,0.14044849798184939,0.4950875181613416
8133.0,6.0,6.0,3.37816092,3.372727273,G,B-,B,8.647650747313952e-45,0.0019224591342798488,0.010349669138163948,0.0173733824353283,0.23376719575592714,0.1805647921738732,0.1387654959674101,0.305748151694518,0.09016646363114195,0.021342390069357415,6.435105001680538e-26
8771.0,10.0,10.0,3.709677419,3.8,G,A,A,9.056691941847163e-78,1.168088129718801e-05,5.44890925129471e-06,0.0008432137081319324,0.016755197583155516,0.03145887832111779,0.026166104939521918,0.18796343112742092,0.09733012091076522,0.14091423203676162,0.4985516915825767
8825.0,7.0,7.0,3.325,3.453333333,G,B,B,6.279777569079901e-53,0.0008162243132704782,0.0013562544170505212,0.014799449272218579,0.17761340632774128,0.1642017172202374,0.1104906573538018,0.3600753523582571,0.11910324798960706,0.05154369074781554,1.3042550364907407e-18
8989.0,0.0,3.0,1.884210526,1.773333333,S,F,F,0.5196706780209663,0.05554816151646677,2.534929994459664e-05,0.14442188880352613,0.16485068757628943,0.0720179234731677,0.02239039934445211,0.0210256883182219,1.6344419817031024e-05,3.287922714807669e-05,9.574600085207899e-70
9043.0,8.0,9.0,3.03125,2.93125,S,B+,B,1.5577283889888568e-60,0.00014014778981820088,4.828913778865256e-08,0.009083713662169075,0.06090089605530537,0.21246961513524462,0.13164194019892858,0.4952551164552738,0.0014812195352093516,0.08902730258126229,2.9765090533812517e-10
9097.0,9.0,10.0,3.752777778,3.727777778,G,A-,B,3.688881156513928e-69,4.585415792438073e-05,2.163820042471581e-05,0.0023996226732497894,0.04562662347059065,0.06908594088529062,0.04711873812782678,0.4170054292319242,0.2352805961634405,0.18320704802806886,0.00020850906125938258
9358.0,7.0,7.0,2.90625,2.5625,G,B,B,3.735890198392278e-53,0.00040031808116753557,1.4250067731084678e-05,0.051867319112341326,0.1536206355792597,0.054395865014972955,0.1011127392293861,0.42277008289551055,0.05972531503571107,0.15609347498391968,9.16065894985828e-20
9475.0,4.0,8.0,2.385365854,2.564285714,S,C,C+,6.07667476594273e-28,0.00789226612229446,4.4271320369315925e-07,0.0980820100949125,0.24070554320761792,0.30970181619032305,0.05253236873359101,0.2869485522603422,0.0006389293713280734,0.0034980713063871714,1.6034944913335046e-39
9916.0,1.0,4.0,2.659090909,2.2,S,D,C,0.0014801676586328465,0.03199166501380558,0.00017232530969662417,0.11634563746109892,0.37144338804491484,0.2707998281264774,0.0987244976829471,0.10855459067919551,0.00021776568571489646,0.00027013433751611515,7.069881582406502e-62
9947.0,6.0,4.0,1.966666667,2.253846154,S,B-,C+,6.472572286878538e-45,0.0025104936382601213,9.832631824806861e-07,0.12362196855396458,0.19990412095470955,0.27617647681611174,0.23049868363594594,0.1503981796108694,0.00011692344882103251,0.016772170078135026,9.419088703897692e-25
10174.0,7.0,3.0,2.875,2.88,G,B,B-,2.1697889492732293e-53,0.0008635108337025192,0.004919275940319742,0.04463413323010029,0.22772182365426155,0.14041780317090316,0.28347907694700714,0.19811583131790317,0.02565003678581568,0.07419850811998675,7.436096601976945e-19
10364.0,7.0,6.0,2.884375,2.81875,G,B,B,3.91117997871855e-53,0.0005868227363148668,0.00010847014779069464,0.05144927138903017,0.19312967523569768,0.09593599386756364,0.12607016600676582,0.35452791958242635,0.059987688431819994,0.11820399260259075,2.826850238087323e-19
10436.0,10.0,10.0,4.0,4.0,G,A,A,1.3803607811898149e-77,5.731816336605077e-06,1.118815051195292e-05,0.0004471908742531849,0.013279740195946937,0.03292966473518288,0.023039043438917054,0.168966422460997,0.13862023590611391,0.131813949328819,0.4908868330929216
10592.0,3.0,5.0,1.908333333,2.075,S,C-,C,3.1074641275537936e-20,0.01662433211419008,1.346555042676995e-06,0.2617343491881223,0.30104428200499933,0.22868207118672743,0.06783745793625023,0.12238891736380278,0.00013218734669235934,0.0015550563041726892,3.896030588706403e-47
347.0,6.0,3.0,2.18,2.28,S,B-,B-,1.2986721756102708e-45,0.0027433979338299637,2.317739874953466e-05,0.04049468230312979,0.1709029044539782,0.17015585966832195,0.49604016521977723,0.10540434736867131,0.008473188734716811,0.005762276918825184,3.1439331063251305e-28
452.0,0.0,3.0,1.7252631580000002,1.838461538,S,F,F,0.49514894876403653,0.13473059552351535,0.00024314688468797798,0.06626920903937807,0.19062213159656807,0.05510763834167981,0.0422852713013138,0.014946137892121451,0.0006267737914180745,2.0146865281020734e-05,2.9038119265524413e-77
528.0,4.0,3.0,2.0333333330000003,2.9,G,C,C,9.062727791172368e-30,0.09351624130338973,0.12537813816451823,0.06953986968821987,0.3452790753426446,0.13061105599628525,0.17013748587973218,0.0622697534098702,0.00211891415073401,0.00114946606460591,5.426629305264612e-45
585.0,6.0,5.0,3.048387097,2.61875,G,B-,B,1.8956741777115835e-45,0.0038760235921929775,0.0070193721944804026,0.0329752191895391,0.1595309820749943,0.11124690544041337,0.19402422326380517,0.46044576662640935,0.007778014749848449,0.023103492868316956,5.460189920010448e-29
711.0,1.0,7.0,3.066666667,3.066666667,G,D,C,0.00018419625378171222,0.13347146331890858,0.2556095391963263,0.03427067077389715,0.4171419340311909,0.0399042411312844,0.019252870886661694,0.09644795934631731,0.0035690014477596974,0.00014812361387245109,3.473899688196535e-69
839.0,7.0,10.0,3.75625,3.75625,G,B,B,3.5506912922321917e-53,0.0009225398929771557,0.011767664171721672,0.00703793252457805,0.27047494829053703,0.05064045460026297,0.07952261334807997,0.49050354825472503,0.06150764354626549,0.02762265537085277,3.466802263926902e-20
1196.0,2.0,4.0,3.43902439,3.25,G,D+,D+,1.1174606687795165e-12,0.04736114292267979,0.42080282195771773,0.029255782741026182,0.2955034642832042,0.04929078336230379,0.07277907998204751,0.08047021578124469,0.004268970942208632,0.00026773802645012584,4.187276631342371e-61
1345.0,10.0,10.0,3.647435897,3.86,G,A,A,1.951233362354646e-78,3.1826139196481866e-05,0.0004659075237192578,0.0013428333241318658,0.04580082672874151,0.019604677142405637,0.05413380882264154,0.18902634372651736,0.03427967521763399,0.07858415578147547,0.5767299455935369
1496.0,5.0,6.0,3.373333333,3.373333333,G,C+,C,4.864919998998807e-37,0.008578824750944335,0.08062876745232943,0.02617645158954712,0.34521699075879947,0.08995943660621504,0.15645001272523418,0.26788034289735974,0.019168681069243763,0.005940492150326833,1.449584998336348e-36
1579.0,0.0,4.0,2.219512195,2.214285714,S,F,F,0.5855959249183955,0.08050968054760513,0.00036966085562872874,0.044291038023701726,0.19922654575382573,0.04062250467065809,0.03320267454268455,0.014712868702387482,0.0014500527918384963,1.9049193274663262e-05,4.24521457073576e-77
1604.0,7.0,9.0,2.886666667,2.886666667,S,B,B,4.444321608104198e-53,0.0005381634169748382,6.508549034347039e-06,0.015256360113749912,0.24642723912870554,0.10538609243640988,0.20892669184916615,0.3141721808559946,0.08687151936384077,0.022415244286124014,1.187449673741604e-19
1614.0,7.0,7.0,3.266666667,3.066666667,G,B,B,1.699025885911871e-53,0.001415583074733271,0.004674630170941815,0.018700432696737167,0.16897136103512583,0.0896511546505315,0.15535540719522725,0.4952445353975711,0.02240038122270071,0.04358651455643152,1.156086026083737e-20
1825.0,3.0,5.0,1.38,1.38,S,C-,C,4.8790244206279806e-21,0.0520080047195971,8.164525636534812e-06,0.17650792420084224,0.28217902891384067,0.20181718340574006,0.12221836530793607,0.16021972133407691,0.0034287670034807193,0.0016128405888495376,7.177553932726579e-53
1904.0,4.0,4.0,2.84375,2.8,G,C,C,3.90268372767679e-29,0.030736258428019404,0.06724621629507786,0.06627469623974915,0.3063195792112427,0.1268928637621341,0.16936220331954013,0.22336631622744932,0.006315046193457393,0.0034868203233300366,5.166708675126378e-45
1999.0,10.0,10.0,3.406666667,3.406666667,G,A,A,1.7431996617316898e-78,3.3470405347465333e-05,0.00011937878226151766,0.002114360365009486,0.03512506339796165,0.023337229515233444,0.04584763002793191,0.24280073624065035,0.025622585218915205,0.1211705442817,0.5038290017649891
2208.0,7.0,7.0,2.644827586,3.064285714,G,B,B,9.27897952171983e-54,0.004114522907391929,0.005241777203875265,0.03276581234104653,0.25598983670450337,0.1287226006288484,0.16264023796700564,0.3536327391410294,0.019431144795347972,0.03746132831095158,1.3704548769460546e-20
2270.0,3.0,7.0,2.946666667,2.9,G,C-,C,1.049067025713757e-20,0.0497504577207882,0.05783208474503086,0.05638265968597802,0.42438352393369116,0.08523900899325061,0.05033219194416516,0.2646679821904487,0.009559679416953766,0.0018524113696933324,5.496148081882601e-53
2405.0,4.0,8.0,2.58952381,3.325,G,C,C,3.9223062548294915e-29,0.0477552875635732,0.06336196763940491,0.043089865339939165,0.549147861284899,0.08729293953967364,0.050613192931780335,0.1427924497502772,0.01382693903739993,0.0021194969130527404,1.2229687507758248e-44
2455.0,0.0,8.0,3.144067797,2.828571429,G,F,F,0.5413125368767899,0.08509142876286054,0.07378309977613683,0.022878448662183856,0.1902883527485551,0.016581210839506182,0.004203677113222469,0.06383771222797492,0.0019667223588424195,5.681063392787362e-05,9.031758634162118e-78
2474.0,10.0,10.0,3.428571429,3.428571429,G,A,A,1.787840582785641e-78,3.165531296847703e-05,0.00011642582321273604,0.0021682154504010114,0.03422063147661399,0.023197019369497796,0.04501822022018805,0.23931942123934957,0.028240896958574034,0.12358922596855539,0.504098288180639
2492.0,1.0,0.0,1.758490566,1.230769231,E,D,B-,0.00021440925442541486,0.025350278257149292,3.558871546713727e-07,0.15361685354995605,0.19289271021186977,0.18207417004134302,0.4208160074491385,0.02133778164296044,0.0036220658229551305,7.536788304780306e-05,2.1548286754111972e-68
2979.0,10.0,10.0,4.0,4.0,G,A,A,2.7257883559426557e-78,1.6598508012487707e-05,0.00046270355893254084,0.0011265547717967943,0.03539252826359869,0.016065589547001352,0.04973221284076903,0.18877479422939122,0.054102600693281586,0.08487625936971939,0.5694501582174969
3794.0,8.0,10.0,3.721875,3.7125,G,B+,B,2.00230714473481e-61,0.0003208804877122305,0.002718326586246676,0.007801827232056494,0.1630426011876848,0.05343458367924127,0.08161025831083259,0.508875361139849,0.10296476059447268,0.079231400779234,2.6702697654146238e-12
4045.0,4.0,4.0,2.688888889,1.933333333,S,C,B-,1.2156244066566771e-28,0.004609279504514067,1.7312436004136867e-05,0.08961637512552724,0.1727980948183841,0.16823270996771877,0.2814821853608053,0.260567971213192,0.017950743990588835,0.004725327583265351,1.327089538790036e-44
4099.0,6.0,4.0,2.951162791,3.069230769,G,B-,B-,1.5716183665537227e-45,0.00580067213940008,0.02338784364854843,0.05125879630070453,0.21564614457455414,0.14510905436232305,0.2806896784215847,0.2432017113812079,0.017212338349596797,0.017693760822080393,8.499787720366018e-29
4506.0,5.0,9.0,1.336585366,1.4357142859999998,E,C+,C,9.293957966091823e-37,0.0023339768372666737,1.5159529240690362e-09,0.09949993685762736,0.27712124618415374,0.22934102971162185,0.1557073996081219,0.1679843733063306,0.06157876337478996,0.006433272604134796,1.2054050810684087e-35
4648.0,0.0,4.0,2.09375,2.0625,S,F,F,0.5777081390591069,0.07744118118055592,0.00015431165697193426,0.07313806122327153,0.17515346494697975,0.048646681468191774,0.02887795157837787,0.016661609566459262,0.0021869784472820742,3.162087280300916e-05,2.8560344251295547e-77
4698.0,5.0,6.0,2.766666667,3.123529412,G,C+,C,3.017898097166252e-37,0.016839497093855984,0.028491764027212735,0.06589134172932687,0.3574555829917903,0.13541634123435883,0.13137231741552494,0.23385762676889174,0.021639898789914166,0.009035629949124512,9.376282356759602e-37
4785.0,7.0,7.0,2.654347826,2.2,S,B,B,2.9868801854115105e-53,0.0003827313806871898,9.877935017163473e-07,0.03554385478480056,0.10389142640408386,0.13657503814267988,0.22780736508848903,0.39288172629166845,0.05441875764534362,0.0484981124687458,2.789550239060371e-20
4814.0,0.0,9.0,3.030434783,2.023076923,S,F,F,0.7211837452182912,0.013224619136544356,1.6430363496146184e-05,0.027608592684944387,0.12492845929093611,0.019590850710638374,0.005246856396061793,0.0810053214261635,0.007114318825806259,8.080594711805504e-05,2.56720001463579e-77
4992.0,7.0,7.0,3.0,2.5,G,B,B,1.4079539504544657e-53,0.001043606797579572,0.00047679936440696746,0.036568883488668616,0.08955505960427422,0.09842317782585698,0.0974132756009721,0.5614625953150901,0.02087749771101006,0.09417910429214145,3.5529157543807615e-21
5357.0,7.0,9.0,3.003225806,3.0,G,B,B,1.791108819323336e-53,0.0014427674188477217,0.001022975140180946,0.028843969521345495,0.16433792366036645,0.08912145343957976,0.06704240762241791,0.5317430938044295,0.04570280498914676,0.07074260440368538,8.697279026092873e-21
5843.0,3.0,8.0,2.816666667,2.816666667,G,C-,C,1.2056092690690192e-20,0.04599939501480447,0.019035593304589784,0.09048542182138464,0.39430016641198584,0.09342258160096432,0.03102436151109036,0.30376800032639645,0.01876120672243919,0.003203273286344831,4.063230127798472e-53
6368.0,6.0,3.0,2.016071429,2.192857143,G,B-,B,5.5658716078800785e-46,0.011333455165757454,0.0019293765669608008,0.14798361219119965,0.1309124828325092,0.2056545777736022,0.21006756769877147,0.25149781308057695,0.006463658101309717,0.03415745658931241,1.9774328310629792e-29
6597.0,5.0,7.0,3.535714286,3.715384615,G,C+,C,7.55878949680504e-37,0.006325053292141381,0.06962613565316846,0.03653108010087631,0.37235857841788195,0.09134382844694758,0.11221558548888912,0.22484673769667196,0.07838573081334374,0.008367270090079728,1.740292234026446e-36
6765.0,4.0,0.0,2.054054054,1.25,S,C,B-,3.178932442746766e-29,0.00587926696097873,5.298466939149677e-06,0.19898084093026516,0.07146491104140656,0.2155214222639801,0.35049276271814944,0.14709411584308962,0.005096302220731411,0.0054650795544599635,2.6383344841795136e-45
6844.0,9.0,7.0,2.5533333330000003,2.5533333330000003,G,A-,B,2.432666801808927e-70,0.0003222625543938417,7.791713822653282e-05,0.0323920899109255,0.05472122417249057,0.10750419428918306,0.11752622557295044,0.4026602079097998,0.026220006352157266,0.2585380685060479,3.7803593825236085e-05
6977.0,7.0,6.0,2.953571429,2.864285714,G,B,B,1.2917303759395662e-53,0.0015778022033232735,0.0016855063544483008,0.05090879398363896,0.12625163012631838,0.12967484722392664,0.15794721352979935,0.4187246421263148,0.0363850561466736,0.07684450830555668,5.790844450643225e-21
7128.0,0.0,7.0,2.725,3.538461538,G,F,F,0.42418312818955156,0.12669929503775487,0.18928751833183893,0.027834132482943884,0.2001446246171303,0.015904211283342937,0.004106337816509715,0.008465381517254228,0.003356750507747437,1.8620215926012782e-05,1.2647005365711617e-77
7141.0,4.0,4.0,2.176595745,1.76,S,C,B-,7.333010423437505e-29,0.007389053618917082,6.635607390408492e-06,0.1729036945803436,0.1641205632666083,0.21089482533490228,0.22039923388902208,0.19856463699525242,0.019688956755338948,0.0060323999522248,8.491553780286888e-45
7244.0,10.0,10.0,3.931034483,4.0,G,A,A,2.7056120156009764e-78,1.3707372306177979e-05,0.00022321133615162367,0.001861374512180858,0.028144502297978387,0.017608151607988513,0.039737548722367545,0.16514258909601526,0.09536879817646055,0.11401886197566363,0.5378812549028874
7270.0,6.0,7.0,3.0,3.0,G,B-,B,2.869168143961811e-45,0.0037537304330011157,0.003941323629154144,0.059936400133667675,0.20312373676907894,0.1240077689256229,0.10515545236594354,0.4154717837865139,0.04685134396479871,0.03775845999221888,7.029953028193569e-29
7357.0,9.0,9.0,3.403030303,3.5125,G,A-,B,7.103715369379135e-70,0.0001512692768080965,0.0005158530685818772,0.01221006573387416,0.0875211081474231,0.06711974678016346,0.09828626518426171,0.41508939598104894,0.11855917820987234,0.20039901199726873,0.00014810562069753392
7563.0,8.0,10.0,3.070454545,3.14,G,B+,B,1.1178971879649696e-61,0.0004459777745695471,0.0002858261208016345,0.021538855205056523,0.10977299326127701,0.0734316590749939,0.05088449926995699,0.50722056509528,0.08551133824602611,0.1509082859511542,8.840522967235718e-13
8231.0,5.0,5.0,2.38,2.278571429,S,C+,B-,5.932564211998007e-37,0.003261931661923246,8.301612333415188e-06,0.11750825713902084,0.18875846855167436,0.20165799612167978,0.2565132690910871,0.16758807696636271,0.05451416932281127,0.010189529533107537,2.0327050020781984e-36
8334.0,4.0,4.0,2.1190476190000003,1.571428571,S,C,B,7.146531504612701e-29,0.0063142943193329,3.0444108726433534e-06,0.2057251149242162,0.12988575932057478,0.21278843628686875,0.18866195637818797,0.22871628592368212,0.019780271183269568,0.008124837252994944,5.660673334489454e-45
8420.0,10.0,9.0,3.425,3.94375,G,A,A,1.5817654163556468e-78,3.356479996721475e-05,0.0002848244047812466,0.0037724907322943726,0.03755396116804627,0.02820759418674729,0.05637228972758819,0.12121722860437147,0.08623473623663634,0.1128261444244454,0.5534971657151222
8700.0,4.0,4.0,2.483870968,2.0,G,C,B,3.619131205556284e-29,0.019351497405723485,0.0022472309260926087,0.205686770837628,0.13120203456709115,0.16348491998625672,0.0908435209815715,0.36227841055621685,0.009238859490688455,0.015666755248731127,9.289138897997741e-46
8765.0,7.0,8.0,2.960240964,2.933333333,G,B,B,1.6719045341282e-53,0.0012665297875426242,0.0007037441407541098,0.049052875945247765,0.12787876923103816,0.1081957354446841,0.07795619949843248,0.4725268365341071,0.06573772964837195,0.09668157976982157,5.800303615514086e-21
8788.0,10.0,10.0,3.853061224,3.9,G,A,A,2.612319800117212e-78,1.2996102763354958e-05,0.0001294949354837706,0.0024159822356843892,0.024498997561764473,0.018779668910762853,0.03537609615552905,0.1679284346562978,0.10608316528802275,0.13512082393789016,0.5096543402158014
8834.0,9.0,8.0,3.3117647060000004,3.3117647060000004,G,A-,B,5.855515989361916e-70,0.00013921010507566875,0.0003150893817732611,0.017341644362107448,0.06496657506025816,0.07608881669611887,0.1109496284228806,0.3919148476193984,0.10417066468629269,0.23402288243108513,9.064123500972784e-05
9234.0,3.0,7.0,1.709677419,1.5,S,C-,C-,1.1538449278345583e-20,0.020504943227983446,1.6164716081032896e-06,0.27233368246873046,0.212349106300415,0.18748029308766045,0.052505120691372476,0.22778544806511047,0.022549231264948216,0.0044905584221713035,5.068168366186073e-53
9274.0,6.0,8.0,2.928571429,2.46,S,B-,B,9.113378556631364e-45,0.0005194911674767274,1.5578036072518845e-06,0.05426514125783344,0.12789169352486587,0.12657791129394744,0.13145701347551797,0.3584976477761594,0.16702800698178472,0.033761536718807175,2.705207399497873e-28
9304.0,7.0,3.0,2.578688525,2.86875,G,B,B-,5.73537491264522e-54,0.002827778682984022,0.0036246756723425895,0.09948132089938912,0.11692987207432182,0.18998343741256046,0.3005599390664749,0.2002943846278778,0.027468888455348152,0.05882970310870116,4.3688520085761455e-21
9405.0,7.0,6.0,3.036956522,3.09375,G,B,B,1.485310538482021e-53,0.0014583224490377015,0.002267329997807066,0.060281784700869354,0.1348401965499747,0.13656774825750445,0.1617000457897328,0.3533489660928202,0.06923370679370619,0.08030189936854756,6.843698177422364e-21
9548.0,4.0,7.0,2.383950617,2.85,G,C,C,4.336534152746189e-29,0.03764853486418903,0.00880893378753868,0.1635319280624709,0.34351323061631694,0.1464859613335186,0.05015154604621358,0.2111153369247801,0.030796219315028347,0.007948309049943795,3.94908599779483e-45
9866.0,7.0,10.0,3.7125,3.7125,G,B,B,4.0176977696605897e-53,0.0005098673060153698,0.0021972298936624563,0.019542440504103822,0.15512282970031965,0.059665313718474035,0.04845667027283271,0.41407403838022117,0.23362045400145368,0.06681115622291713,1.4626984485040422e-20
10518.0,0.0,4.0,2.1,1.384615385,E,F,F,0.6780075249801545,0.008015000913471968,3.032067875540713e-08,0.10808400991269433,0.08196299433619432,0.0574334677993083,0.039713331436263835,0.0138653502860623,0.0128708626083462,4.742740682549968e-05,6.1141227912159874e-77
10641.0,10.0,10.0,4.0,4.0,G,A,A,2.9460890199827125e-78,9.136110354665691e-06,0.00011569121825511793,0.002432308522155438,0.020551424785795858,0.01705536463190347,0.03165439573321262,0.1529774644595371,0.14208018757041418,0.1406435741073254,0.4924804528610462
10651.0,7.0,8.0,3.285714286,3.325,G,B,B,2.38345325296847e-53,0.0009120934151251197,0.0015762671748535094,0.04365461472592028,0.1391866980183732,0.10021224956413093,0.08609086999168311,0.3989461616660447,0.14132686344291925,0.08809418200094989,8.615095592853151e-21
177.0,10.0,10.0,3.764705882,3.764705882,G,A,A,4.413590686782933e-78,1.1190209147942993e-05,3.0313033474380507e-05,0.001259435330251412,0.025519772656085946,0.02419692439843822,0.05410461091504666,0.23187470830240942,0.05056989512188579,0.04834332595504371,0.5640898240782164
290.0,6.0,5.0,2.028,1.4,E,B-,B,1.4651392739909895e-44,0.0001535273505616368,2.899649696715338e-11,0.045704336048046565,0.1559911843910775,0.1762385244691058,0.260498941337834,0.32156989594059826,0.03454208490660789,0.005301505527171861,8.232372865888896e-22
348.0,7.0,5.0,2.7833333330000003,2.766666667,G,B,B,8.703773903344625e-54,0.002016570113704863,0.002147781833432549,0.02737896688724881,0.18106230079086622,0.11028617306009149,0.3013329155215727,0.33498087512122,0.012679404088767247,0.028115012583096077,1.6301206968746562e-17
381.0,5.0,7.0,2.5,2.476470588,S,C+,B,1.628891986395127e-36,0.0015914792624739217,4.936077797566106e-07,0.04146255845389286,0.2903515375091447,0.1678444784979928,0.1445924014953776,0.3106129226774006,0.041301660607823185,0.0022424678881145525,2.3539003695117702e-29
619.0,10.0,7.0,3.709677419,3.625,G,A,A,2.1132204752669384e-78,2.6457103732004842e-05,0.0002539122413321497,0.001305623169708569,0.029664345222492037,0.03275843018985945,0.14467512754999773,0.18713770426382437,0.02051239519879557,0.07456362956897648,0.5091023754912816
890.0,2.0,6.0,3.2,3.2,G,D+,C,1.2591499382925732e-12,0.10703552683098029,0.2108099141870982,0.040344590534427835,0.33325120354691984,0.1000082763040489,0.07919538704864904,0.12113354897389776,0.00808665145415073,0.00013490111856825413,3.5265762035501216e-51
1078.0,7.0,7.0,3.325581395,3.0,G,B,B,1.9851465651892732e-53,0.001206905259506422,0.0018823750480399125,0.022939723438695443,0.14199111992832553,0.09312945301877183,0.1910546328315635,0.4894354047446191,0.03424915168947695,0.02411123404100149,1.3258902291041645e-17
1183.0,1.0,5.0,2.447297297,2.74,S,D,C,0.0004886635481077158,0.07447894931086368,7.364999154846348e-05,0.04805845962838838,0.5302107434745607,0.182322268490375,0.09858873162390945,0.057378382505866035,0.00836214461357384,3.8006812806711377e-05,3.7257942909364407e-56
1423.0,0.0,3.0,1.905084746,1.5642857140000002,S,F,F,0.5096714971169266,0.09247374644643179,1.826284650803788e-05,0.09899216206004965,0.17025538156413733,0.058891874844970445,0.037177839441649964,0.03144455119028711,0.0010594535164914105,1.5230972547507876e-05,1.5059367876426229e-64
1857.0,6.0,6.0,2.809375,2.70625,G,B-,B,2.0035088461587525e-45,0.004444530443562811,0.0026012795276589514,0.05254750055007842,0.21570069444690118,0.11467564575844634,0.19184310694838447,0.3837707819309123,0.019120560053367545,0.015295900340688024,1.8818700763227974e-24
2074.0,6.0,4.0,2.3375,2.0,S,B-,B-,3.3209541200761914e-45,0.0011922591738074229,6.891143168468229e-07,0.04793251882089933,0.18302337475136393,0.15241869162640587,0.3201882149700669,0.2683068359813391,0.015008659718109314,0.011928755843691288,3.5468397033872754e-23
2448.0,7.0,4.0,2.9767441860000003,2.427272727,G,B,B,6.363018040454626e-54,0.0024249830683388852,0.003999943344936109,0.04217507671131364,0.12425150450249094,0.0945672770881065,0.31159871338846684,0.35931571266185236,0.010432794188921637,0.051233995045573175,3.5943029427309496e-18
2694.0,4.0,7.0,3.225806452,3.066666667,G,C,B,9.192358347640091e-29,0.0223514053780748,0.02722065098425323,0.05816154586467596,0.3005709340014602,0.12456159511347735,0.1112397755852834,0.3272248406942003,0.026695548753532642,0.0019737036250422665,8.547851701067162e-38
2760.0,4.0,4.0,1.961538462,2.5,G,C,C,1.8181157808026494e-29,0.04407644247308449,0.009340446638372525,0.1063051022802353,0.3722027415090551,0.14325746811859594,0.1778693196861189,0.1391433962302741,0.004649756922346771,0.0031553261419168693,7.939854050599534e-38
2780.0,3.0,5.0,2.7234375,3.06,G,C-,C,5.578362085524729e-21,0.07514934503077146,0.0889064372414219,0.054999213264198564,0.38330881409566625,0.13439043121756725,0.13555738984275262,0.1196321584362474,0.007351503437327668,0.0007047074340468784,2.485709263773865e-44
2828.0,7.0,10.0,3.741935484,3.6875,G,B,B,5.875662855459411e-53,0.0006031235830362495,0.0012210924295174275,0.012243435068738125,0.1372176779504984,0.08664882087913751,0.08101880405831581,0.5367936872421218,0.1280341046536095,0.016219254135025035,3.9333686501454287e-17
3075.0,0.0,7.0,2.25,1.470588235,E,F,F,0.7564024391399441,0.005173864823086325,4.4944439407181757e-10,0.05766004951918791,0.08895126646233771,0.04107857894590643,0.007126921435336069,0.03518072609757462,0.008421159133063509,4.993994118871625e-06,2.5955356748331527e-63
3157.0,10.0,10.0,3.6875,3.823529412,G,A,A,4.234527115364719e-78,1.2388176922123391e-05,3.1775387568151664e-05,0.001532542482792604,0.025426064084004617,0.025738881440640675,0.04787993000392771,0.20484148871837174,0.05887638370528477,0.07486023218575995,0.5608003138147276
3297.0,4.0,8.0,2.563793103,2.636363636,S,C,C,3.7268447399655474e-28,0.0035182879020619687,8.936406997573137e-07,0.06192710816543755,0.3459575731023178,0.1787180878549936,0.07786362014282436,0.2650255306347236,0.06574014826418843,0.0012487502927527405,4.001837438215273e-36
3313.0,1.0,4.0,1.517857143,1.181818182,S,D,C-,0.00015262995848018966,0.07772112809478232,2.2824362571878677e-06,0.34345389490349,0.3010114204527618,0.11317037136423914,0.05333760418162899,0.10720530898801393,0.0037918728381946733,0.00015348678215159166,7.182120353659904e-58
3787.0,10.0,10.0,3.696875,3.65625,G,A,A,4.135939434787362e-78,1.2465950879224005e-05,2.5722004347019586e-05,0.002072701636381747,0.022837881807614244,0.02434602206674503,0.04431725910452568,0.2243275150811893,0.06133731222819059,0.09107344713358578,0.5296496729865413
3895.0,9.0,10.0,3.678125,3.6,G,A-,B,1.66493150988257e-69,7.858981974941084e-05,0.00013714374971736994,0.007402160003185813,0.0693108865116013,0.0627748799345875,0.08883492239656189,0.5297978714659105,0.13628291730705738,0.10462211128365789,0.0007585175279708605
4017.0,0.0,7.0,2.78125,2.8125,G,F,F,0.5092050626481625,0.14937131393286765,0.05402618619875018,0.05923383187273146,0.14798599469270934,0.03304702265671993,0.008352479656417387,0.035754621470191345,0.003009009188056917,1.4477683393235463e-05,1.129953462387022e-65
4260.0,10.0,10.0,4.0,4.0,G,A,A,4.651386008241822e-78,1.1587834050180989e-05,7.229244088308941e-05,0.0011189047079668622,0.020617695477078667,0.023820348795220003,0.04770625733595687,0.19493521872218714,0.06647961011922503,0.07498802784460747,0.5702500567228247
4522.0,9.0,7.0,3.378125,3.2,G,A-,B,6.287384171399797e-70,0.00017404592126320134,0.0004527177510620899,0.01118360649829651,0.07500456484054142,0.07556607621181745,0.20564221823926224,0.40642909741518335,0.04679940619448773,0.17834883748005415,0.00039942944803185746
4831.0,5.0,7.0,2.844444444,2.944444444,G,C+,B,4.810733469386925e-37,0.01041959324507583,0.00528093885109663,0.07440131993928675,0.28501629722719285,0.13320555229715375,0.1164043856546569,0.33501059749829554,0.03168746373549392,0.00857385155174764,4.372950533115719e-31
5091.0,7.0,8.0,3.658695652,3.31875,G,B,B,3.192724288662393e-53,0.0010686436889120806,0.0031147410240184637,0.021609674672457963,0.12273008781410762,0.094521442352978,0.1381762067187682,0.5068484699163766,0.07445047788247565,0.03748025592990548,1.310354185923618e-17
5142.0,7.0,7.0,2.903225806,2.875,G,B,B,1.6852068805348519e-53,0.0015262390251165154,0.0008698761178961687,0.04645259942220057,0.16433160186656912,0.10857267128137896,0.15413759226897275,0.42661228435088716,0.04033116104426345,0.057165974622715256,9.794432858113774e-18
5341.0,4.0,4.0,3.0,2.75,G,C,C,2.981055663117338e-29,0.042324893834924354,0.09728797450706966,0.07353204158422905,0.24493049947172527,0.12589060757354217,0.20832324559853319,0.1949649120521614,0.008546185547842476,0.004199639829972578,3.3851260427058257e-38
5435.0,4.0,7.0,3.0625,2.875,G,C,B,8.169154661231965e-29,0.024354666152273396,0.016575492159989262,0.10005528466608402,0.27937845538184625,0.12344139295394643,0.08997681376827463,0.332404227125317,0.03008812616148801,0.0037255416307809606,4.153104742987515e-38
5616.0,5.0,5.0,2.060526316,1.941176471,S,C+,C,6.700796460130406e-37,0.0029543108999594177,5.162928611938855e-07,0.11789230886726969,0.24934709602500096,0.17528107842307256,0.17532000759505306,0.24664469331866742,0.02320546262668513,0.009354525951430609,4.688667760012008e-30
5734.0,4.0,10.0,3.209375,3.227777778,G,C,B,1.9871285376486787e-28,0.011556455063934974,0.003636375611990187,0.08129905435803346,0.2760399516922546,0.10498467743335999,0.031584846909899385,0.3982954759927105,0.09021828533057318,0.002384877607243842,7.322952126516983e-38
5822.0,3.0,7.0,1.930693069,2.5,S,C-,C,2.958365840778363e-20,0.011431026604698259,1.0915069599340414e-06,0.11008836683983425,0.46703562607925336,0.19810823063731653,0.06126637977729611,0.11934380734518914,0.031944361847089466,0.0007811093623628234,6.886728525746041e-43
5872.0,6.0,4.0,2.625,2.588235294,S,B-,B-,4.2661367128191845e-45,0.0014040816220989624,3.4396649903593386e-06,0.027824063827444772,0.19744988088496532,0.18899082438757353,0.3700129159268788,0.1756841983929793,0.022679294611098015,0.01595130068197115,9.46255624689965e-23
6205.0,9.0,9.0,3.141176471,3.111764706,G,A-,B,9.051362736979932e-70,0.00011029573693204617,5.544402320623747e-05,0.01881418967969418,0.07220842474043249,0.06529935662666027,0.08839365343905807,0.45654747909496035,0.08982044869703493,0.2084797383638041,0.0002709695982174212
6304.0,7.0,5.0,2.8855555560000004,3.06,G,B,B-,9.890015927239245e-54,0.0025843059435494177,0.005313942490833131,0.031258564198615016,0.18179050022795407,0.13275586346138601,0.290558316576872,0.26636122309181903,0.020997389006197218,0.068379895002774,1.7456969864967537e-17
6379.0,3.0,1.0,1.5675,1.278571429,S,C-,C,3.1706704318289722e-21,0.03562786624763242,6.8937201919715365e-06,0.22909281760384612,0.250974603183528,0.15592406230961287,0.22678830038909562,0.09650843953050604,0.0026081694901640066,0.0024688475254230555,3.1584839069610667e-44
6395.0,4.0,4.0,1.728813559,1.8,S,C,C,6.417989589845505e-29,0.009125816181886364,1.0833673659503076e-06,0.16967791085896994,0.3059526003687168,0.18394499530342295,0.16323705656424414,0.15170800096189918,0.011848822334764668,0.0045037140587299,7.151387241720078e-37
6417.0,4.0,7.0,2.9594059410000004,3.0,S,C,C,3.828823302659391e-28,0.005163902752366877,8.43460331921293e-06,0.04167544312806223,0.33387635091245305,0.21853375071906142,0.1286921544153687,0.19829874287823682,0.07182439810938399,0.0019268224817478791,5.773455396837041e-36
6922.0,0.0,7.0,2.077083333,2.0,S,F,F,0.6188295862183313,0.04018673246238055,2.32041126511139e-06,0.11072135848955396,0.14141878191964252,0.0446084653753737,0.006505725343444216,0.03181602867450371,0.005891688000650441,1.9313104854502434e-05,1.3980421536771225e-64
7158.0,4.0,4.0,3.121212121,2.647058824,G,C,B,3.0507077591797e-29,0.043197671341396585,0.10914112927822109,0.09480033127890893,0.20776388564026305,0.11868968059209765,0.1903363734441795,0.21968086259568131,0.01013715473506424,0.0062529110941876515,1.690702285268518e-38
7241.0,0.0,0.0,1.730952381,1.642857143,S,F,F,0.4072741017544315,0.1650542856517908,0.0001762014896526498,0.09946487265195399,0.1620777240177778,0.07523832288106812,0.0771539318548568,0.013033641135214758,0.000478700822484671,4.821774076875692e-05,1.387657909014103e-64
7441.0,5.0,7.0,2.196078431,2.5,S,C+,C,1.4563713321628245e-36,0.002164819068220527,3.9164251635979593e-07,0.08437720644434134,0.308931497665202,0.20258371286903776,0.10693304873876149,0.22497115720362873,0.06176196215286198,0.008276204215429763,1.5926282021247426e-29
7938.0,7.0,7.0,3.541666667,3.321428571,G,B,B,2.40153213426902e-53,0.001584949772296681,0.006279563715630938,0.02672008533924663,0.13191160806653304,0.11229418943762937,0.1791601365867967,0.4098566409503459,0.06343871769967017,0.06875410843185036,1.2118342845362427e-17
7987.0,6.0,6.0,2.281818182,2.02,S,B-,B,5.960401081344599e-45,0.0009705920638071256,1.8667097924813793e-07,0.10731750933198482,0.17343042164412928,0.15657872256130717,0.14537222432740754,0.33470443376249726,0.04903550367895372,0.03259040595893384,1.8015488777284534e-23
8177.0,7.0,8.0,3.344444444,3.05625,G,B,B,2.583489812963327e-53,0.0011820229813535414,0.0012783053639440196,0.04417561838647226,0.11837807011083652,0.09391447199097137,0.10369703541566017,0.4822420259604712,0.07911956777262158,0.07601288201766926,5.856308505619014e-18
8359.0,10.0,9.0,3.662068966,3.841666667,G,A,A,3.1173274510364693e-78,1.8456203400200993e-05,8.029304060037821e-05,0.0021166883399050744,0.02316007965813085,0.029042799873474554,0.054386024801702515,0.15821285018380535,0.0573641324817917,0.15991534846726818,0.5157033269499212
8444.0,0.0,4.0,2.192307692,2.133333333,S,F,F,0.5833073190736118,0.08425300538207468,3.952325985028001e-05,0.07979602932717907,0.1504495502903617,0.05976103771553045,0.021579314494546576,0.018317591395357425,0.002466872048816851,2.97570126712036e-05,2.0079884563347464e-64
8513.0,8.0,7.0,3.553846154,3.553846154,G,B+,B,1.393123898724545e-61,0.0005950378766016217,0.0035584825762010343,0.01409644119617717,0.1075208311079664,0.10661025989146536,0.20697670257013948,0.3487499650616432,0.06881939149716132,0.14307288810498264,1.1766183719414886e-10
8592.0,7.0,7.0,2.9857142860000003,2.9857142860000003,G,B,B,1.7628633323806252e-53,0.0016967209109172768,0.0013640187552026346,0.052623772998995774,0.1525148515238972,0.11428185405189867,0.14142817112455103,0.3873074937984684,0.05274088858096093,0.096042228255108,8.043326442673558e-18
8661.0,7.0,7.0,3.032258065,3.1875,G,B,B,1.9413648278477647e-53,0.0017925798609254515,0.002114061034206338,0.04101130226162318,0.1712478674911418,0.126953030013867,0.15856762675334005,0.3535319110639044,0.05630360044139388,0.08847802107959792,1.4429152858644363e-17
8915.0,7.0,7.0,3.002173913,3.0625,G,B,B,1.8230678621466655e-53,0.0017461532881090547,0.0016227481945831797,0.04908088649508596,0.15810671815195176,0.11910056468116664,0.14570074564515878,0.37181937511648055,0.05504821711719342,0.09777459131027068,9.68138576269394e-18
8964.0,7.0,10.0,3.8,3.8,G,B,B,6.084887517739615e-53,0.0007384554166484535,0.0020428812604427467,0.01794020441387474,0.12117491155491004,0.09509687112649393,0.06593773267099241,0.4543029916036501,0.19732745447130973,0.04543849748167792,2.4174105410511916e-17
9165.0,10.0,9.0,3.53125,3.625,G,A,A,2.8676837656332846e-78,1.9191168319112862e-05,4.7222134277666375e-05,0.003280308470076475,0.022338357351330954,0.028321109709482796,0.048570223927107616,0.17098336678346543,0.057807329560741576,0.1914016541221586,0.4772312367730397
9376.0,6.0,4.0,2.883333333,2.52,S,B-,B-,4.8241292017316776e-45,0.0015465629485869137,5.894981028347273e-06,0.04036628658624311,0.15435023923786903,0.1841259124747945,0.34258952892706473,0.21135215369516933,0.03318575253227543,0.03247766861696881,3.73051772799384e-23
9378.0,10.0,7.0,3.477419355,3.6,G,A,A,1.748179844692707e-78,3.398331678938027e-05,0.00020690947796102058,0.003008122343319682,0.02571691642895636,0.035223895187919664,0.09704423934171509,0.13864538155727013,0.03165578877189185,0.21636159157750703,0.45210317199666983
9689.0,0.0,4.0,3.125,3.0,G,F,F,0.34675224642561514,0.1806826390553199,0.2781484373078219,0.03658666913019886,0.09354205525125633,0.0312784376586924,0.017098298193937593,0.014577366470061241,0.0013017220588275136,3.2128448269082235e-05,6.049075145894399e-66
9789.0,5.0,0.0,2.208333333,1.928571429,S,C+,B-,1.3979903662899984e-37,0.008410202905473901,2.762781496880783e-05,0.07192225552170643,0.17167926160180408,0.1788695280582548,0.4576816051975572,0.08620688733704299,0.00417381854490979,0.021028813018281942,2.5237239534991118e-30
9931.0,8.0,10.0,3.842424242,3.75,G,B+,B,3.1462449551922636e-61,0.0002516957519260984,0.0007460864432620601,0.013518151114944246,0.07618512917978176,0.07491589273556501,0.06483213760030246,0.4517843269093671,0.20136327579799745,0.11640330438201366,8.484014710213984e-11
