College Writing I,Studio College Writing,cumulative_gpa,prev_term_gpa,struggle,Technical Writing,predicted score,F,D,D+,C-,C,C+,B-,B,B+,A-,A
7.0,-1.0,3.206666667,3.206666667,G,B,B+,0.004788059409976399,0.0012621837448932183,0.0013059633132693098,0.00013148161537116494,0.011066736764308674,0.07417387341557201,0.041785507195424315,0.18265099494091863,0.30613645892026553,0.07426407619561674,0.3024346644843839
7.0,-1.0,2.4375,2.4375,S,B,B,0.11730051340803345,0.03475992563131317,0.0008735449575547841,0.0003650367934490228,0.08560692345943784,0.02984354548248982,0.033622762814555986,0.42367475107725766,0.11287706303513562,0.03296432363943939,0.12811160970133306
2.0,-1.0,1.05625,1.05625,E,A,B,0.09210254355225848,0.00868786462202794,0.0015574002108108213,0.15716816517295565,0.18684016610647733,0.016465629784254938,0.12292330537834291,0.3013264338416276,0.029756577870856542,0.012932185129317009,0.07023972833107064
10.0,-1.0,3.857142857,3.857142857,G,A,A,0.0010875244198001372,0.0018514396834619581,0.0006257492680900374,0.00010094070767162709,0.032000847396389656,0.04027790688917884,0.030452768928171402,0.06582914496405745,0.028333177255438043,0.2660911357328573,0.5333493647548835
10.0,-1.0,4.0,4.0,G,A,A,0.0010875244198001372,0.0018514396834619581,0.0006257492680900374,0.00010094070767162709,0.032000847396389656,0.04027790688917884,0.030452768928171402,0.06582914496405745,0.028333177255438043,0.2660911357328573,0.5333493647548835
4.0,-1.0,2.3125,2.3125,G,F,B,0.014847864650919274,0.02073266295050594,0.011827072066606156,0.001334416259503999,0.11181295174220472,0.02328392537852497,0.044582684630919876,0.4434195666023587,0.11787928964885873,0.07423953247876863,0.13604003359082897
9.0,-1.0,3.34,3.34,G,B+,A-,0.0012896871724604037,0.003584865458407568,0.0007369063654195558,0.0001189103203874788,0.02521751741277292,0.08977956776782399,0.037407105830281374,0.06376764849036176,0.14488321623808317,0.3307594873067103,0.30245508763729145
8.0,-1.0,2.253333333,2.253333333,S,B+,B,0.01128846001325933,0.005602946323941266,0.042670440212583684,0.0004023213885701671,0.08867861056650814,0.08021167844156223,0.03992107348117709,0.4032239803377479,0.09797573399198438,0.030794749195566566,0.19923000604709923
10.0,-1.0,3.28125,3.28125,G,A-,A,0.0012637220732647462,0.002151404743388803,0.0007271241120230189,0.00011729483775549806,0.024918306522063047,0.04680822707618157,0.030816641018382034,0.07649459822751624,0.09395352670241147,0.3393215792771486,0.38342757540986494
10.0,-1.0,3.005882353,3.005882353,G,A,A,0.0014229016444410954,0.0024223976236466198,0.0008187080716317603,0.00013206940122172323,0.02805703886720255,0.04390723752326292,0.03469833289207764,0.128454996972703,0.11701932470907132,0.08889511493107473,0.5541718773636665
4.0,-1.0,1.75,1.75,S,A,B,0.0905827660476349,0.007690177679691885,0.001582662106094151,0.13794970668960377,0.1898708172378549,0.016732711432566338,0.12491718957509126,0.31511697830226726,0.031035982898404275,0.013141952345382398,0.07137905568540888
6.0,-1.0,2.2375,2.2375,S,B+,B,0.015128427329788577,0.006153573534861075,0.030851731919395595,0.00045556208154897993,0.05523500894827519,0.07243204467671716,0.021267202474452608,0.4757882522840534,0.17635264769035802,0.0343090810273088,0.11202646803324053
10.0,-1.0,3.4,3.4,G,B,A,0.0011473440700945612,0.0019532787524423746,0.0006601688192353966,0.00010649298560070386,0.024355719861721085,0.041007305560795244,0.02877264742193286,0.06945009945412266,0.03592061062362952,0.25511069724010876,0.5415156352103168
7.0,-1.0,1.352941176,1.352941176,E,B+,B-,0.1698469975364933,0.003250716157788435,0.004613936263856253,0.034359809578811816,0.05828159549866315,0.030301654955657172,0.26259200393128357,0.197557321593465,0.031784865936366286,0.021475149167150123,0.1859359493804648
7.0,-1.0,2.326666667,2.326666667,S,F,B,0.029832542236623665,0.0057396961190719015,0.0015388509002079113,0.00043077004056313735,0.12262977260748444,0.03644923828002616,0.03921112235420148,0.4656654094233435,0.11065461643811036,0.03844324556785009,0.14940473603251733
10.0,-1.0,3.4,3.4,G,A-,A,0.0011473440700945612,0.0019532787524423746,0.0006601688192353966,0.00010649298560070386,0.024355719861721085,0.041007305560795244,0.02877264742193286,0.06945009945412266,0.03592061062362952,0.25511069724010876,0.5415156352103168
10.0,-1.0,3.2,3.2,G,B-,A,0.0014012086777241534,0.002385466756899603,0.0008062263888547504,0.00013005592605552183,0.027629292920952536,0.05849982061085172,0.03416933653909581,0.1902975019783772,0.2010898490384618,0.0777670953209316,0.40582414584179527
4.0,-1.0,2.625,2.625,S,C+,B,0.033807505102295736,0.013689740061270226,0.00013610419078793722,0.002235120255177673,0.09334154418896273,0.024850150207002774,0.02997374947197555,0.4973046917811371,0.12314001935582311,0.0716176831105506,0.10990369227501655
9.0,-1.0,2.65,2.65,G,A-,A,0.0032916243330968465,0.007712098288577511,0.00124001534628271,0.0002059732350556854,0.04909345859934278,0.036756326902875114,0.11346301672970323,0.18302826747480486,0.07476292436230023,0.24216349596922468,0.2882827987587364
4.0,-1.0,2.428571429,2.428571429,G,A,B,0.05835440536659247,0.1157157910420322,0.010167165584261735,0.001131152229814697,0.1007638555353166,0.01868227382937854,0.037571730098160734,0.3611981481437869,0.11579486099142722,0.06376839379140851,0.11685222338782043
10.0,-1.0,2.946666667,2.946666667,G,A-,A,0.0014702630211335028,0.0025030272910593556,0.0008459588247201067,0.00013646385000201292,0.028990919288139898,0.04536869286979821,0.06950519104640429,0.1011413837803352,0.12091432078240462,0.08947972635393268,0.5396440528920702
4.0,-1.0,2.066666667,2.066666667,G,C,B,0.013518841652947927,0.018629704571854155,0.031588245981074604,0.002151453227625969,0.10752756543176652,0.03738711564302913,0.18856159320878157,0.29959064331161994,0.06793783854134557,0.06579791046130529,0.16730908796864918
9.0,-1.0,2.463636364,2.463636364,S,A,B,0.031158198367819707,0.11308976131653425,0.0005244105366292008,0.0003497674289033304,0.19358735102996835,0.04377777793541536,0.03257812794289534,0.34727828410764394,0.10617259823961923,0.036866190997376445,0.09461753209719508
7.0,-1.0,2.44,1.846153846,S,C,B-,0.062601990242802,0.007912156083538634,0.001734187118624707,0.004719998644174815,0.058634985404006905,0.031254815078502425,0.29814276610943774,0.2517838395647621,0.08438839274905634,0.03223245561082125,0.16659441339427308
4.0,-1.0,2.214285714,2.214285714,S,B,B,0.011444871852631171,0.013038389162501936,0.0026833404001176766,0.0020116304802325676,0.16250752321041717,0.026959222846652326,0.018376212424790574,0.5384406263786204,0.11320209894810086,0.022590272000197142,0.08874581229573791
10.0,-1.0,3.06,3.06,G,B,A,0.0014213773431407996,0.002419802599695398,0.0008178310203028604,0.0001319279202129704,0.028026982411090636,0.043860201342293875,0.0346611618661307,0.1482661008177205,0.11780977164278528,0.075339362382554,0.547245480654073
7.0,-1.0,2.933333333,2.933333333,G,A,A,0.005716853669535438,0.0015070238599350094,0.0015592958483735928,0.00015698383559398368,0.013213477374361283,0.0636616013507261,0.07875855368362795,0.09818821843178659,0.2148864673728532,0.09470508431488309,0.4276464402583236
4.0,-1.0,2.54,2.54,G,B-,D,0.04688271805371486,0.2682674530320866,0.0026142725614345546,0.0009273687652702758,0.0966434531597495,0.015632256092717088,0.06303918739231223,0.21707946301733766,0.07736273871077137,0.11838688801994135,0.09316420119466466
4.0,-1.0,2.066666667,2.066666667,S,B,B,0.012752078579736183,0.013762196697620759,0.0028323022064180832,0.0038231514871234972,0.16802670809311698,0.041170458860234314,0.13097864933677905,0.43699748933897803,0.07024149092487139,0.0235185896478737,0.09589688482724815
10.0,-1.0,2.75,2.75,S,C+,A,0.0025831259147179675,0.004099878615534285,9.238238359748931e-05,0.00039735627781039613,0.09874755529110535,0.08428023055092451,0.03986598775060387,0.16970390320600898,0.11002543504972447,0.12688439931715617,0.3633197456428164
4.0,-1.0,2.0,2.0,S,C,B,0.014258409873060679,0.011650338487766745,0.0023976753224377242,0.007128705882577854,0.14399131898725304,0.02534944706444451,0.32141983502078186,0.3215733474505379,0.048891446472833576,0.01990957811262681,0.08342989732567939
0.0,-1.0,0.1875,0.1875,E,A,B,0.09210254355225848,0.00868786462202794,0.0015574002108108213,0.15716816517295565,0.18684016610647733,0.016465629784254938,0.12292330537834291,0.3013264338416276,0.029756577870856542,0.012932185129317009,0.07023972833107064
10.0,-1.0,3.266666667,3.266666667,G,A-,A,0.0012637220732647462,0.002151404743388803,0.0007271241120230189,0.00011729483775549806,0.024918306522063047,0.04680822707618157,0.030816641018382034,0.07649459822751624,0.09395352670241147,0.3393215792771486,0.38342757540986494
0.0,-1.0,1.221428571,1.221428571,S,A,B,0.09210254355225848,0.00868786462202794,0.0015574002108108213,0.15716816517295565,0.18684016610647733,0.016465629784254938,0.12292330537834291,0.3013264338416276,0.029756577870856542,0.012932185129317009,0.07023972833107064
1.0,-1.0,2.0,2.0,S,B-,B-,0.014836892156046215,0.013469795850449485,0.002414616687727813,0.00831189977599255,0.14500872510172408,0.02552855982362487,0.32369090599757716,0.3146960373394941,0.04797292132352538,0.02005025413845111,0.08401939180538724
7.0,-1.0,1.908333333,2.075,S,B,A,0.05787634784156673,0.005018897475736926,0.007123621978620725,0.0033417676926652696,0.05244934866449225,0.06275563131902634,0.22015941251406465,0.2283884491865366,0.06081525964181399,0.033156254411154405,0.26891500927432205
10.0,-1.0,3.428571429,3.428571429,G,A,A,0.001089075017707626,0.000408396779419412,0.0008128091495427681,6.38167713505425e-05,0.034328728309949534,0.05115802883287795,0.050017298283855025,0.11310231793015793,0.0499451266879206,0.27039392745432056,0.42868047478289806
9.0,-1.0,2.85625,2.85625,G,C,A-,0.0012182959482688726,0.0004233320235916884,0.0008425434403924803,6.613222973668505e-05,0.013639801594686722,0.06361728018698601,0.0612874398843989,0.0700548086421025,0.22889941528263874,0.3015660130758517,0.25838493769134574
7.0,-1.0,2.88,2.88,S,B+,B+,0.008494664281089762,0.0001828545430485675,9.428299870660762e-05,0.00015784063649779495,0.02499290683050778,0.16496737060373595,0.02143807039435192,0.14111976117121705,0.32080279582389093,0.06167077676745371,0.25607867594950007
8.0,-1.0,2.72,2.72,S,C+,C+,0.0026976150951005004,0.00011718849986251042,8.17980575155981e-05,0.0001843433548312067,0.036977599161156234,0.3480811990614477,0.04435376099986528,0.1623800489959846,0.18604679569340662,0.07960758188082069,0.13947206920000899
7.0,-1.0,3.066666667,3.066666667,G,B,A,0.004978629241332647,0.0007774619866377276,0.001143440860754127,6.662591205490815e-05,0.011343029508403553,0.052335007972970235,0.04976467371471521,0.21713839261659212,0.10778005860404531,0.0594475642276862,0.4952251153548079
10.0,-1.0,2.892857143,3.0,G,A-,A,0.0013396877671844022,0.0004844559741716,0.0009641806119550807,7.569296737420953e-05,0.01699650077315469,0.05350817121584652,0.06964831056459683,0.13643833256235627,0.11975084473891066,0.1956827998124332,0.4051110230120165
4.0,-1.0,1.615384615,1.615384615,S,B,A,0.041694496347384535,0.0030713834662241123,0.002246302999408897,0.05635106580952127,0.16986630587961096,0.026477228547617762,0.13721700540286066,0.23636959948182956,0.03381995444797969,0.012302347290122636,0.28058431032744
10.0,-1.0,4.0,4.0,G,A,A,0.0010768088102987273,0.00040379702318587977,0.0008036545133147439,6.309800566330847e-05,0.03442383051720101,0.05058183804519897,0.04945395549772274,0.11182845114632645,0.049382596767523323,0.26053887800264786,0.441443091670917
4.0,-1.0,2.4,2.4,G,B+,F,0.3003753579497387,0.04097112508094995,0.0085089837136361,0.0003398642382461253,0.04771973970781172,0.012779914881640084,0.06080182240172827,0.26573810704388584,0.0447654513006393,0.046420915288165145,0.1715787183935588
7.0,-1.0,3.4375,3.4375,G,A-,A,0.004842547168110621,0.0007841822837009832,0.0011533304729459642,6.72018192102607e-05,0.027481858689296184,0.05283453172901952,0.042896475161471416,0.0944682650603319,0.06695728805794675,0.19883987473270623,0.5096744448252603
10.0,-1.0,3.41875,3.41875,G,A,A,0.0011397934990209967,0.0004274159140874931,0.0008506618639950691,6.678873349511081e-05,0.03412519021957305,0.05354047034260118,0.05234661570194682,0.11836951964277646,0.0522710830577097,0.2871607270321468,0.39970173399264747
8.0,-1.0,2.46,2.46,S,B,B,0.05255131956721091,0.0009794759807937974,0.000701713799112451,0.0002820296270967063,0.105141952114367,0.06010806151869771,0.028736364153404685,0.33526663263642903,0.16332640668489745,0.0372904950154206,0.21561554890256968
7.0,-1.0,2.428571429,2.428571429,S,B,B,0.17208985210434447,0.0014764156946436165,0.0010146445924837653,0.00023332700237735731,0.03861614507967373,0.03705871150700145,0.02567048963351382,0.3323556962305438,0.1146764448196377,0.03039778691412738,0.2464104864216527
4.0,-1.0,2.106666667,2.106666667,S,B,C,0.03898111121556147,0.004074683422173835,0.0029800816776953125,0.0006013869951191593,0.3843478555042157,0.032381233176985505,0.03165625772285121,0.26801079414446577,0.10124625671812143,0.016321039397439462,0.1193993000253709
9.0,-1.0,2.633333333,2.633333333,S,A,B,0.003610012026422165,0.00029885108892510723,8.923877348350263e-05,0.0002011312870429238,0.04389273723102393,0.1789376217229458,0.06530404411336095,0.2881036001417336,0.11728052295918191,0.19801376412191377,0.10426847653396625
0.0,-1.0,1.935294118,1.935294118,S,A,B-,0.03654950230154239,0.009259694500868866,0.0023136479878777924,0.005481828172049399,0.20881421279657056,0.026752211115002398,0.31780515498332507,0.22280039279112865,0.03227791085839531,0.012581082087983081,0.1253643624052565
10.0,-1.0,2.933333333,2.933333333,G,A,A,0.0012778910464686425,0.00046210913241616364,0.000919705174128427,7.22077285758556e-05,0.0162124912172331,0.05510699583011407,0.06530884108781373,0.11052797047973816,0.1023052565839967,0.22005281645571398,0.42775371526380107
8.0,-1.0,2.625,2.625,G,A,A-,0.003082198203192933,0.0017676879209389935,0.0014736350279148706,0.00011555679077319746,0.029037296086483363,0.08852493173955518,0.1516587747818303,0.22534904613409854,0.08835209835354865,0.2504613152060503,0.16017745975561373
8.0,-1.0,2.111764706,2.111764706,S,B-,B+,0.019040878175460074,0.0009349633716735525,0.006665899560596965,0.00018132536384742642,0.1817736101568518,0.03928316573127899,0.02950869038361737,0.20002124138304678,0.31670615005532093,0.025585153346389975,0.18029892247191598
10.0,-1.0,2.325,2.325,S,C,B,0.12727124368864043,0.0010235421540653723,0.0008303047517866531,0.00020161174109779574,0.042480573499400424,0.03564894711855596,0.02541015683526423,0.41884749587838566,0.0927956605838443,0.06270303142146791,0.19278743232749132
1.0,-1.0,1.86,1.86,S,C-,B-,0.03701867004612756,0.008785198114832114,0.0021950892591091247,0.0140555555522814,0.19637085997133064,0.025381342184999378,0.2348414024340637,0.20979634433022404,0.03062388738605636,0.011936387170389468,0.22899526355058625
7.0,-1.0,1.75,1.75,S,F,A,0.03972160212538445,0.0006637388504895908,0.005075569979037093,0.015933105574208024,0.061152987198926825,0.0231077452171761,0.1543393638357609,0.16462953727236754,0.10193687786704779,0.017894942194424314,0.41554452988517726
9.0,-1.0,2.54,2.54,S,D,B,0.03731242883337474,0.0007470010614807891,0.0001083983861915915,0.00021532259634603383,0.1455983939912105,0.043872747735969095,0.11243509422774738,0.2531572999258091,0.12481864149869472,0.17010927812876703,0.11162539361440921
4.0,-1.0,1.285714286,1.285714286,S,B,A,0.041694496347384535,0.0030713834662241123,0.002246302999408897,0.05635106580952127,0.16986630587961096,0.026477228547617762,0.13721700540286066,0.23636959948182956,0.03381995444797969,0.012302347290122636,0.28058431032744
9.0,-1.0,3.0823529410000003,3.0823529410000003,G,B+,A,0.0012574845543266318,0.0004369563779022527,0.0008696453141358896,6.827876751784468e-05,0.014078549513170488,0.07411007312080863,0.06435024197537022,0.2101632641648045,0.13748161059233555,0.12394013903873712,0.37324375658089076
3.0,-1.0,2.68,2.68,G,A,A,0.007793442068011159,0.018732945887892438,0.0016829981626929225,0.0007361747116659717,0.033521073691897815,0.07003706018726132,0.19559758954351789,0.1817224447429469,0.08572969599087825,0.1684179801505453,0.2360285948626898
10.0,-1.0,2.928571429,2.928571429,G,A,A,0.0013107255865177237,0.00047398271182443524,0.0009433363721532643,7.405447818636546e-05,0.016629060136499473,0.05652293255380318,0.06698690727677621,0.1115431201459689,0.15059298570312576,0.22570692369341233,0.3692159713417323
10.0,-1.0,3.94,3.94,G,A-,A,0.0010768088102987273,0.00040379702318587977,0.0008036545133147439,6.309800566330847e-05,0.03442383051720101,0.05058183804519897,0.04945395549772274,0.11182845114632645,0.049382596767523323,0.26053887800264786,0.441443091670917
5.0,-1.0,2.1375,2.1375,G,C+,B+,0.04907047225267404,0.006308801076371704,0.036836449004670875,0.00013447697710246585,0.1214454313290372,0.013669753854825703,0.06777032556329472,0.15896864775107472,0.27902421000387734,0.05371667376024734,0.21305475842682398
9.0,-1.0,3.664705882,3.664705882,G,A,A,0.0011620900551123161,0.0004187443851721773,0.0008334034075182247,6.543296303817722e-05,0.032783831275256796,0.07318936787089031,0.052294875542491286,0.08508154189774408,0.07975293087195372,0.2726192469294827,0.4017985348013402
7.0,-1.0,2.133333333,2.133333333,S,B,B+,0.040800679320333336,0.000909690724070535,0.006956348759598988,0.00017664477976446938,0.13398837344946957,0.028481250756057744,0.028683913283035763,0.19192662356719456,0.30829521482999866,0.02546621544463029,0.23431504508584605
4.0,-1.0,1.4,1.4,S,C,A,0.041694496347384535,0.0030713834662241123,0.002246302999408897,0.05635106580952127,0.16986630587961096,0.026477228547617762,0.13721700540286066,0.23636959948182956,0.03381995444797969,0.012302347290122636,0.28058431032744
9.0,-1.0,3.4375,3.4375,G,A-,A,0.001173728081928557,0.000422938000255918,0.0008417497238495405,6.608825698476452e-05,0.03264876377946215,0.07392234017557354,0.052818594991976324,0.08593361120323119,0.08055163553694791,0.2791725346054471,0.39244801564434306
7.0,-1.0,2.944444444,2.944444444,G,B-,A,0.005897304438735069,0.0009209221660215839,0.00135443282411433,7.891997332000746e-05,0.013436087530531915,0.0587824281840655,0.06056348686560571,0.11049505893859526,0.12766803616061703,0.12457376462140508,0.4962295582969885
7.0,-1.0,2.625,2.625,G,A-,A-,0.011722218813172001,0.0031464476755055943,0.0019383639367277067,0.00011281649685722995,0.02246120117976004,0.0572101308913838,0.15760917631145605,0.2201063684597989,0.07319123136559891,0.24088449503747106,0.2116175498322688
4.0,-1.0,2.0,2.0,S,B-,C,0.03616423099913318,0.0034507961554817433,0.002523792238790973,0.0008831649217924363,0.32440309603116435,0.02974800101800898,0.20008916915238587,0.24481527347957108,0.037997785060401884,0.013822075035243658,0.1061026159080259
7.0,-1.0,3.19375,3.19375,G,B+,A,0.005238634167456091,0.0008180643164359232,0.0012031561442419408,7.010539696973702e-05,0.011935410142989445,0.06591606864321596,0.05499415051512012,0.2754549160478197,0.17260570378867549,0.06950799463839942,0.34225579619867613
10.0,-1.0,3.214285714,3.214285714,G,A,A-,0.001278419785745639,0.004023200696506546,0.0006031288013243934,0.00011901648004707681,0.015413285747099688,0.022721048607816253,0.026494267911855416,0.1259485158570926,0.08236693128019389,0.46156160671904306,0.25947057811327556
8.0,-1.0,2.526666667,2.526666667,S,C,B,0.03440537948895561,0.006167816407136427,0.00025314502618435555,0.0004728205255899969,0.06020906875791102,0.07021215328227555,0.11316193959013619,0.4274014044430112,0.1311542467730519,0.02196224295346237,0.13459978275228543
7.0,-1.0,1.8,1.8,S,A,A,0.07265255261957206,0.002079204762040816,0.005603378714420597,0.03419717179226111,0.07591455658729203,0.024191307405325276,0.21407732234030186,0.23401799807161802,0.08869041867224339,0.013324924143051049,0.23525116489187392
9.0,-1.0,3.506666667,3.506666667,G,C+,A,0.000819601697706867,0.0046594392439060234,0.00039453738309040004,7.785254076941011e-05,0.01104135064858209,0.014062314640126576,0.016333787784796668,0.06050111937865407,0.07013131612214135,0.2747308498333008,0.5472478307269258
7.0,-1.0,3.13125,3.13125,G,B,A,0.006814182965058471,0.0007920763738945995,0.0014863398010881946,0.00017473677277423248,0.011812803355523021,0.026484529689701695,0.06954965148606972,0.23379593763404982,0.17032969588197625,0.09764651939153088,0.38111352664833337
10.0,-1.0,3.709677419,3.66,G,A,A,0.0007639090512327334,0.0025348914779299426,0.00038002264960810606,7.498862495950517e-05,0.009711437473413442,0.014315834177454035,0.016707166364774966,0.07859260198760125,0.03408403930700411,0.3095816903580505,0.5332534185279715
10.0,-1.0,3.6875,3.6875,G,C,A,0.0007639090512327334,0.0025348914779299426,0.00038002264960810606,7.498862495950517e-05,0.009711437473413442,0.014315834177454035,0.016707166364774966,0.07859260198760125,0.03408403930700411,0.3095816903580505,0.5332534185279715
7.0,-1.0,2.875,2.875,G,B+,A-,0.007422314370713942,0.0008519619402618982,0.001598991794577856,0.00018888391673525651,0.01338175047443982,0.07225157789199937,0.05634565901139672,0.08503298190852196,0.17149900401114287,0.30133019862100574,0.29009667605920464
7.0,-1.0,2.18,2.18,S,A,B+,0.07837779263757229,0.0032220806934063037,0.008692029425400599,0.00040207077296600157,0.0678732302776357,0.050058503831308596,0.050415630030984704,0.2961182679306909,0.32957754380590515,0.019928864043614415,0.09533398655051527
10.0,-1.0,3.8,3.8,G,A,A,0.0007639090512327334,0.0025348914779299426,0.00038002264960810606,7.498862495950517e-05,0.009711437473413442,0.014315834177454035,0.016707166364774966,0.07859260198760125,0.03408403930700411,0.3095816903580505,0.5332534185279715
10.0,-1.0,2.833333333,2.833333333,S,A,C+,0.002400956071357975,0.012142224565066183,8.808277263181333e-05,0.00035342319922376786,0.08102048168370223,0.2716370881909248,0.024705125852156392,0.17130277175356537,0.20297206666351184,0.07830450437015353,0.15507327487770595
10.0,-1.0,3.333333333,3.333333333,G,A-,A-,0.0010751799758947325,0.0035677867067268657,0.0005348709281369851,0.0001055443286687491,0.013668568387451575,0.020149124062595575,0.023514855204766184,0.10756776935268983,0.07304335049259061,0.3971106483297678,0.35966230223071105
8.0,-1.0,2.928571429,2.928571429,S,B+,A,0.0026849596903743968,0.0024534135139705864,9.574357048740662e-05,0.00037248041753292253,0.018865321392133347,0.2083411859939728,0.03600506735888782,0.23979017628208685,0.1967208823210377,0.027517422360914142,0.26715334709860206
3.0,-1.0,2.384615385,2.384615385,G,D,A,0.19313066491080239,0.0016423257420372557,0.010917319654950124,0.0014378851124683143,0.06089372464188751,0.02430181342945632,0.058629346881564286,0.1975584638852252,0.1104197476793142,0.05772963173400835,0.28333907632828603
9.0,-1.0,2.74,2.74,G,B-,A-,0.0018062183766522706,0.009616507117323885,0.0008143796235832706,0.00016778851619000316,0.05164205673285,0.12342788956202871,0.032162698586807904,0.05591198282585494,0.11835314979481062,0.3175641990364322,0.2885331298274662
9.0,-1.0,3.625,3.625,G,A-,A,0.000819601697706867,0.0046594392439060234,0.00039453738309040004,7.785254076941011e-05,0.01104135064858209,0.014062314640126576,0.016333787784796668,0.06050111937865407,0.07013131612214135,0.2747308498333008,0.5472478307269258
10.0,-1.0,2.666666667,2.666666667,S,B,B,0.0029904364556636296,0.015121854573732791,0.00010970960355639044,0.000448439354323674,0.09343801626106013,0.15692347748077773,0.030770704167136488,0.2324331133471799,0.1800753987988945,0.10354206060391567,0.18414678935375905
1.0,-1.0,1.363636364,1.363636364,S,F,A,0.02489075129217685,0.0017092987902106406,0.0016669189285847723,0.13872801972340484,0.14412926467385387,0.021016364013327956,0.11477062153840731,0.23869046851646505,0.033182643418672546,0.0065390586388063944,0.2746765904660896
9.0,-1.0,2.773333333,2.773333333,S,A-,C+,0.0022596974455092907,0.020092761515965087,8.021850089869471e-05,0.0003237743192572603,0.07425032446715382,0.3665479990467484,0.02118732210933603,0.12478458722302158,0.19495473777599603,0.0564214990794301,0.13909707851668393
10.0,-1.0,2.517241379,2.5333333330000003,G,A-,A,0.026500243188842084,0.021665343053550914,0.0029199976057088586,0.0002443924421131631,0.07937076181275123,0.02144597784719536,0.08418131271395511,0.1823457020044697,0.07267358070189589,0.1586050053271676,0.35004768330235014
10.0,-1.0,3.8125,3.8125,G,B-,A,0.0007639090512327334,0.0025348914779299426,0.00038002264960810606,7.498862495950517e-05,0.009711437473413442,0.014315834177454035,0.016707166364774966,0.07859260198760125,0.03408403930700411,0.3095816903580505,0.5332534185279715
4.0,-1.0,2.1875,2.1875,S,B,B,0.03119472003796805,0.003391370163889992,0.0033120443193730164,0.0024887979130175557,0.1571341446984985,0.07906786927409533,0.04279471392491734,0.35571900847120586,0.18775120464887976,0.012526896247638333,0.12461923030051639
7.0,-1.0,3.214285714,3.214285714,G,B+,A-,0.005066266071538332,0.0005888996053828276,0.0011050764183531928,0.00012991476570200982,0.008782682407666597,0.01891350693959681,0.040787608893788144,0.1294777901482393,0.12519584721009128,0.39772517390020234,0.2722272336394393
10.0,-1.0,3.2,3.2,G,B+,A,0.0018914813750595847,0.005952512054661651,0.0008923570388905759,0.00017609040304620817,0.02280467123880313,0.03361684537637371,0.05258900654591219,0.23966844484788152,0.12186569558326386,0.13284847283875276,0.38769442269735477
1.0,-1.0,1.133333333,1.133333333,E,C,A,0.02489075129217685,0.0017092987902106406,0.0016669189285847723,0.13872801972340484,0.14412926467385387,0.021016364013327956,0.11477062153840731,0.23869046851646505,0.033182643418672546,0.0065390586388063944,0.2746765904660896
0.0,-1.0,1.6875,1.6875,E,B,A,0.02489075129217685,0.0017092987902106406,0.0016669189285847723,0.13872801972340484,0.14412926467385387,0.021016364013327956,0.11477062153840731,0.23869046851646505,0.033182643418672546,0.0065390586388063944,0.2746765904660896
4.0,-1.0,2.272727273,2.272727273,G,B,A,0.043385817743639504,0.0019305310556886198,0.014011028240594846,0.0014279653551571324,0.13415140427263889,0.029625062168309884,0.06757460111737412,0.1834508418771304,0.1398457707867417,0.06786037875636139,0.3167365986263637
10.0,-1.0,2.8,2.8,G,A,A-,0.0017756029108327968,0.005517872267863514,0.0008273418746156828,0.0001693915462198623,0.04790729299923483,0.10006543525240023,0.034698056868763046,0.07519891119603288,0.11148729822353286,0.3254778687640121,0.2968749280964923
7.0,-1.0,2.616666667,2.94,G,B-,A,0.008235879443604387,0.0009270182419046954,0.0017403164604150889,0.0002081498421973367,0.022113079771253697,0.038001612500491694,0.0707306935340919,0.12258584759242966,0.09347141335462135,0.31778513652380264,0.3242008527351876
8.0,-1.0,3.233333333,3.233333333,G,C+,A-,0.0013805646710913781,0.0007880673847991978,0.0006520918649064015,0.00012870123720165,0.008753434010474036,0.028030695302327532,0.03770103071606803,0.1274051771234723,0.13313591871007857,0.3735641696931133,0.2884601492864678
7.0,-1.0,2.25,2.25,S,B,B+,0.06993849068562069,0.0028731106514340195,0.10536901322288465,0.0003443974282999155,0.05884350582279522,0.03814765220880237,0.0391991795493004,0.2576408741392638,0.3127028103842544,0.017691391658009117,0.09724957424933532
10.0,-1.0,3.2,3.2,G,B,A,0.0018914813750595847,0.005952512054661651,0.0008923570388905759,0.00017609040304620817,0.02280467123880313,0.03361684537637371,0.05258900654591219,0.23966844484788152,0.12186569558326386,0.13284847283875276,0.38769442269735477
7.0,-1.0,2.125,2.125,S,A,B,0.074272345290928,0.00305634645530806,0.008236738864891005,0.0006165427118186897,0.16029843052259027,0.050528671275241605,0.0706674746782483,0.28204438343085797,0.25694234246409275,0.019587096670502624,0.0737496276355209
10.0,-1.0,3.01875,3.01875,G,A,A,0.0017761520955082318,0.005588652193425055,0.0008379473599189355,0.00016535364423535997,0.021414202192131304,0.05256579409712192,0.046665885217393385,0.1678112466368019,0.0784845363539407,0.12745126462703885,0.4972389655824845
7.0,-1.0,3.066666667,3.066666667,G,A,B,0.008422897342086913,0.002082015751938796,0.0,0.00017895280548602414,0.014765646193433459,0.0619797314478166,0.10007445574155874,0.34450823396218533,0.20763069894081074,0.060956828612701575,0.19940053920198175
7.0,-1.0,2.625,2.625,S,B,B,0.051330770452917784,0.008113105657870118,0.0,0.0005902661648895094,0.03615280570188585,0.11563135965513935,0.06555081529631199,0.2780044359551698,0.09915522688792382,0.09956793033365732,0.2459032838942346
7.0,-1.0,3.571428571,3.571428571,G,A,A,0.005409305345529742,0.0013851579795718428,0.0,0.00011905669121614828,0.0178248570340103,0.050349407746468545,0.05656215444135896,0.07101511116060968,0.08265354173461512,0.25923770569523397,0.45544370217138563
7.0,-1.0,2.5333333330000003,2.5333333330000003,G,B-,A,0.07727520874510932,0.046204778366860114,0.0,0.0002538123464564977,0.03151843765195113,0.019153227484623867,0.06629414310379844,0.21608780000309863,0.07977530780517103,0.19829776141591232,0.26513952307701855
6.0,-1.0,2.05,2.05,S,C+,B,0.035049370047851504,0.004482590581540211,0.0,0.0013005093978002002,0.1687660414058731,0.0176898121715015,0.15342462722654923,0.36901930681284995,0.11577491046605716,0.006675032116679355,0.127817799773298
10.0,-1.0,1.352941176,1.352941176,E,B,A,0.046895900732692716,0.007103571137515256,0.0,0.026639587529521978,0.17334513371206473,0.016939694071592484,0.05708352327743122,0.21792694698892554,0.04852736244533687,0.01864216143548556,0.3868961186694337
7.0,-1.0,2.133333333,2.133333333,S,B+,B,0.05221000216134866,0.005179643891584361,0.0,0.001208087409971734,0.10128249004653,0.017993221727577575,0.06059612962222973,0.3990070285792558,0.13241949137090187,0.011452980707392773,0.21865092448320744
0.0,-1.0,2.4,2.4,S,B,B,0.1205887664557172,0.13761921137192493,0.0,0.0028330465751234147,0.08136841522330844,0.037857758531227095,0.02087292241784852,0.3493087632217134,0.09478402504364693,0.00642067801985662,0.14834641313963354
7.0,-1.0,3.2,3.2,G,A,B+,0.0067091686095910865,0.0016584073342298387,0.0,0.00014254293937145614,0.011761417231848491,0.0666337041884714,0.08534371212573086,0.2653112499991646,0.39922254410698227,0.0491788456185001,0.1140384078461099
8.0,-1.0,2.893333333,2.893333333,S,B,B+,0.004420120618109428,0.00251224026400891,0.0,0.0003650153125869091,0.0407158889857455,0.23269717909546972,0.04609406032401631,0.11163783301924711,0.3233633310798737,0.05020125288640426,0.18799307841453805
7.0,-1.0,2.25,2.25,G,D+,A,0.045766112885689984,0.006500363172384122,0.0,0.00024443528214585186,0.04035709868125129,0.019002301345905432,0.06667202635084801,0.27052138683164634,0.17588826525533557,0.05213606640781003,0.3229119437869833
7.0,-1.0,2.72,2.72,S,C+,A,0.032690683547916495,0.0032631701081752697,0.0,0.0005494367656226797,0.03315571060644533,0.20194168231688045,0.06688598035608227,0.19355086327873686,0.17867595444515202,0.0702343259708445,0.21905219260414413
7.0,-1.0,2.75,2.75,G,A,A,0.01104519060043327,0.002698168936370957,0.0,0.00023082994096599907,0.02175152894807726,0.11556944267542091,0.13381404953754114,0.08756044176643377,0.14282842475027183,0.23156193601776096,0.25293998682672386
6.0,-1.0,2.6625,2.6625,G,B,A,0.0114068543482357,0.0031282784379356673,0.0,0.0002712929675371619,0.02523949389937454,0.07329064118699143,0.1152121288722732,0.1349797406664729,0.22707587570938703,0.17268110660749664,0.23671458730429581
7.0,-1.0,2.41875,2.41875,G,F,A,0.08041374781673623,0.046335294612363694,0.0,0.00025381158030257856,0.054382239882569613,0.01920733027288358,0.06511343327520316,0.2650244643338302,0.08209221353651575,0.053489024031840984,0.33368844065775427
7.0,-1.0,2.6,2.6,S,C,F,0.2846853058443566,0.014475320544740366,0.0,0.00048698709682235914,0.0302205111457236,0.03363489922033101,0.05646704989626842,0.22936190692022457,0.0818060037135131,0.08025642401671579,0.18860559160130408
7.0,-1.0,3.333333333,3.333333333,G,A,A-,0.005820471757324703,0.0014904451467494869,0.0,0.0001281063028391969,0.010570230166188422,0.05184529629306749,0.060025822650204654,0.10864087772519068,0.30451695441745114,0.35504138492138604,0.10192041061959838
6.0,-1.0,2.175,2.015384615,S,B+,B,0.03984816013102427,0.005096325185050933,0.0,0.0009408897595516911,0.1770943595819242,0.020362214985235987,0.16851429916899519,0.2748029107753702,0.15470341429193538,0.007588945202211231,0.1510484809187011
4.0,-1.0,2.6875,2.6875,G,A,A,0.011473082801915087,0.004247295953774108,0.0,0.0010915987208116782,0.04131573953382893,0.11850415093110232,0.1282375124221839,0.1174446103795791,0.1676989008915348,0.1622718316292073,0.24771527673606283
1.0,-1.0,2.125,2.125,S,C,B,0.036907975984927205,0.01605967090648786,0.0,0.009525757510405864,0.16246215391972782,0.026577888212876405,0.052942485329046204,0.43132094808416543,0.08745305090628969,0.006352862493622118,0.17039720665245142
6.0,-1.0,3.44375,3.44375,G,A-,A,0.005449493134006775,0.0015948957376301193,0.0,0.00013707701447620592,0.019836245216417716,0.05865042371860283,0.06178076199851636,0.07965463086947991,0.11316394296040559,0.23540351613862395,0.4243290132118405
7.0,-1.0,2.133333333,2.133333333,S,A-,B,0.05221000216134866,0.005179643891584361,0.0,0.001208087409971734,0.10128249004653,0.017993221727577575,0.06059612962222973,0.3990070285792558,0.13241949137090187,0.011452980707392773,0.21865092448320744
7.0,-1.0,3.214285714,3.214285714,G,A-,B+,0.0082270131919147,0.00203359608473285,0.0,0.0001747910524929765,0.014422254134991527,0.08170853876008158,0.08190055044329772,0.14823199905458995,0.4631586501176243,0.06030479113137032,0.13983781602890383
9.0,-1.0,3.370967742,3.646666667,G,A,A-,0.0011360340227090419,0.004330799192244651,0.0,0.00012560366882037098,0.0348204437481647,0.08382408683436349,0.061089077730475116,0.07389878563827568,0.16352057002109366,0.34610570676018304,0.23114889238367012
7.0,-1.0,3.0,3.175,G,B,B+,0.008624594451350285,0.0021318722967299275,0.0,0.0001832380605586162,0.015119228581139888,0.06875360381561782,0.10504886326010156,0.19388994473476906,0.31394242990138427,0.062416518268375146,0.22988970662997338
7.0,-1.0,1.866666667,1.866666667,S,A,A,0.05410731275749735,0.0035819613734237544,0.0,0.07168950264178008,0.10027159437474926,0.012443138285307387,0.21362203252999643,0.21095284370661208,0.07203059482406644,0.00792026157842674,0.2533807579281406
7.0,-1.0,2.5125,2.5125,S,B+,B,0.17736873682959106,0.04295439555381474,0.0,0.00046138181771561405,0.07561908300429936,0.027365027738980828,0.02687269667156081,0.3671703143534843,0.07750472844080088,0.02614398631893505,0.17853964927081742
10.0,-1.0,3.785714286,3.785714286,G,B,A,0.0007635152646249915,0.0013962739655708442,0.0,8.653744835712638e-05,0.032640670735881415,0.03933523482782159,0.03785564339507895,0.04620915269926859,0.025172653018283156,0.28083746350202227,0.5357028551430909
4.0,-1.0,2.733333333,2.733333333,G,A-,A,0.010186426402962823,0.003798877302988354,0.0,0.0009638912929641138,0.036953729356150454,0.1816649759906983,0.16000223955622603,0.1034395248401413,0.14999367957084606,0.1451395864097416,0.2078570692772811
0.0,-1.0,2.5,1.75,S,B-,C,0.06572726152976434,0.022659057883094927,0.0,0.013991786659105847,0.3202943969769297,0.023827879615589534,0.041517691387971074,0.26426923702147026,0.05441135667204935,0.010251417652710806,0.1830499146013143
7.0,-1.0,1.8125,1.8125,S,B-,A,0.09663777278882034,0.003763038557927384,0.0,0.029410511278505087,0.1257773354384646,0.01307217031893289,0.07585183175038084,0.23564474853720732,0.07567192312136088,0.008320650783568539,0.33585001742483217
10.0,-1.0,3.23125,3.23125,G,A,A,0.0017581138492280695,0.0032151401680127548,0.0,0.00019926607034929282,0.042676391085773084,0.14104235165986698,0.08597167558829039,0.15181545444808645,0.17427082442401087,0.13588706081166205,0.2631637218947201
10.0,-1.0,2.91875,2.91875,S,B+,A,0.003840785192677283,0.002777543484154385,0.0,0.000333792814816031,0.04607891853703027,0.1357198078255483,0.03534275233041677,0.10501413075226845,0.09395470771320241,0.07820936062616632,0.49872820072371987
7.0,-1.0,3.56875,3.56875,G,A,A,0.004254057830373621,0.0012438320685926316,0.0013657300580740867,5.388157048432283e-05,0.018081322229508846,0.054691277132636475,0.047150079317391534,0.10311888010637679,0.05787241442976829,0.2784278104255228,0.4337407148312706
3.0,-1.0,2.08,2.08,S,B,B,0.02619916534115887,0.012256969476934868,0.0026009085353698716,0.010515812594725412,0.2223840672148444,0.06185807595976744,0.1338746580885877,0.3706726907619733,0.04797061305579975,0.016973520349592576,0.09469351862124602
7.0,-1.0,2.5625,2.5625,G,A-,B-,0.027398691088344373,0.0835592450769128,0.0030030807112797872,9.760702258924339e-05,0.07732151173096194,0.022986914127192216,0.28459409264513547,0.12056516722684782,0.05782938333380892,0.12965423676007354,0.19299007027685391
8.0,-1.0,2.66,2.66,S,B,B,0.0013335435378729514,0.002641499195955036,0.00011584680785366373,0.0002810400556130082,0.08621892717229337,0.1857462680184086,0.06049727907035957,0.2571192390167996,0.12261779056570152,0.07751350988504375,0.205915056674099
7.0,-1.0,2.894444444,2.894444444,G,A-,A,0.006848008341126974,0.0020023703152340137,0.0021983863761012713,8.669946924865476e-05,0.018645221582481164,0.03785792991666493,0.11374421459566825,0.11550287045044429,0.28909899226640945,0.11104186985928967,0.3029734368273313
7.0,-1.0,1.825,1.825,S,B-,A,0.10477609587873608,0.003683951330599958,0.005109453187759057,0.008702207067039513,0.10068985562004862,0.02554093807141276,0.12253508477910866,0.17810754400561696,0.09998748924208305,0.016073637985008635,0.33479374283258667
7.0,-1.0,2.266666667,2.266666667,S,A,B,0.05170619275071372,0.005688912051736152,0.0020553892062875716,0.0002038967318680831,0.0552612068268731,0.039349835442298954,0.034718070398069276,0.4090730309024068,0.29359623473809926,0.024190378086705665,0.08415685286494126
10.0,-1.0,3.096,3.123076923,G,B,A,0.0011967781015746373,0.002901068393913697,0.0009467937809939675,6.704767536873927e-05,0.03265750598322111,0.02394037931990764,0.07152497387854702,0.28603630122157536,0.1391143106666328,0.12237407898251793,0.3192407619957472
10.0,-1.0,3.117647059,3.117647059,S,C+,B,0.0006639311494841756,0.002624250384120467,5.950346376892684e-05,0.00014476543979097646,0.04495190794091873,0.04225287869009976,0.02563409071775589,0.43791158192043156,0.2109621663888044,0.052216383814497586,0.18257854009032756
10.0,-1.0,3.466666667,3.466666667,G,A-,A,0.000785804559474387,0.0019047462207098945,0.0006216909821174943,4.4021301439813375e-05,0.03218344653464969,0.03618416792619789,0.03852087247479288,0.08211985031756795,0.024775278199015226,0.2717110356091457,0.511149085874889
4.0,-1.0,2.813333333,2.813333333,G,B+,A,0.008745978041618373,0.005042805613729902,0.0021106072274683957,0.0008519272857150283,0.0386105373707422,0.07585450458788717,0.1380506448102867,0.1306137678384828,0.038041015909611,0.142381116845233,0.41969709446922543
7.0,-1.0,2.5333333330000003,2.5333333330000003,G,B,B-,0.04889300950762897,0.03543571084193208,0.003761561570701683,0.00010297048366728083,0.08280322524477891,0.024250034504751713,0.27437363330444764,0.12719016781220047,0.06171757412929634,0.13787732656744175,0.20359478603315323
7.0,-1.0,3.142857143,3.142857143,G,A,B,0.005479890925625019,0.001602330250431032,0.0017591996572963338,6.941135584761828e-05,0.014920218473228606,0.03029454934617368,0.07546610359973492,0.31402802055958023,0.2787455619447821,0.07131786976434919,0.20631684412295132
7.0,-1.0,2.4375,2.4375,G,A,B,0.07718446443004624,0.03596319855588596,0.015501027215671924,0.00010445084738158017,0.06072767663752938,0.024611014853679197,0.10670792615013958,0.2860443348935825,0.10325395450647251,0.07334243548408871,0.2165595164255227
3.0,-1.0,1.9625,1.9625,S,B-,A,0.02608363094490537,0.010263537401745048,0.0021779055647907332,0.0197423153204463,0.16700962604941744,0.030301259701573595,0.12907004591470495,0.19183520733679021,0.037778610103762024,0.014213004387026409,0.3715248572748381
4.0,-1.0,2.0,1.75,S,B,C,0.058715851777272156,0.008293018646906953,0.0022761148365994127,0.007911170257381035,0.23558480297330006,0.033338909847329186,0.22174074543157576,0.21070659472950362,0.040030001404345615,0.014853917764369083,0.16654887233141694
10.0,-1.0,2.664285714,2.664285714,S,B+,A,0.001092562506127363,0.00434286641948025,9.621965254042631e-05,0.00023347276796607209,0.09433688764300355,0.09531172244976656,0.0439416419302567,0.24110716526107126,0.06100730691356205,0.16168578575957793,0.2968443686966479
2.0,-1.0,1.75,1.75,S,C,A,0.09193161991824751,0.008579282987690335,0.0018205095796336624,0.033303584571883836,0.14999843676136917,0.025328799583182408,0.09326693031300227,0.21617723137555445,0.03157911100968801,0.011880639390552762,0.33613385450919553
7.0,-1.0,3.0625,3.0625,G,A,B,0.005647541140523823,0.0016513514836032923,0.0018130201082137934,7.153490700624716e-05,0.0153766833677536,0.031221372120035586,0.07777489197851599,0.31982348183948384,0.2052071633846823,0.0726792340575853,0.26873372561259634
10.0,-1.0,2.3125,2.3125,S,B,B,0.06895484792487516,0.01282464192778658,0.0007906781018586405,0.00020643150711201872,0.154503184634701,0.036577664576553516,0.03022692601439263,0.34624471388177674,0.14081989641561923,0.06830080428834541,0.140550210726979
4.0,-1.0,1.571428571,1.571428571,S,B,A,0.09288706561314022,0.0067019590709240595,0.0018394301430036835,0.031457766854289054,0.15155737111683612,0.026942663314686064,0.09423625389418859,0.22698822387104872,0.03235003349727391,0.01200411492343656,0.32303511770117316
1.0,-1.0,1.0,1.0,E,C-,A,0.09193161991824751,0.008579282987690335,0.0018205095796336624,0.033303584571883836,0.14999843676136917,0.025328799583182408,0.09326693031300227,0.21617723137555445,0.03157911100968801,0.011880639390552762,0.33613385450919553
7.0,-1.0,2.6,2.6,S,F,B,0.011028495412376084,0.009551200709189708,0.00021804293800587894,0.0002947772560431365,0.16527137780256906,0.0647506645963157,0.11111303304966785,0.29255984858429335,0.12709657997332482,0.06887535834140175,0.1492406213368126
10.0,-1.0,3.258823529,3.258823529,G,A-,A-,0.0009490360773143541,0.002300410273504884,0.0007507645923746898,5.31656411673887e-05,0.02589586044522739,0.04197124512286412,0.04260219336411648,0.10577854681757802,0.06609306255309397,0.4520326402303249,0.2615730748824338
4.0,-1.0,2.133333333,2.133333333,S,C,B,0.035059935552244716,0.012681400246344952,0.0034805568971350044,0.010518816845530224,0.10038509541118999,0.08714764411724713,0.05303161587319487,0.463018760443091,0.09814684551849405,0.02317682524720262,0.11335250384832549
10.0,-1.0,4.0,4.0,G,A,A,0.0008036816686915792,0.0019480793317336346,0.0006358344958610286,4.5022789156108655e-05,0.03347396912642225,0.03700736030164368,0.03939722504372429,0.08398808271113994,0.02533891752753524,0.24011706292044901,0.5372447640836433
10.0,-1.0,2.186666667,2.186666667,S,A,B,0.018875397923512425,0.012903044702277622,0.006405546641954689,0.00023413285316070014,0.11338545734543652,0.04246149808755943,0.03495946573355403,0.384102515198509,0.16902712555339144,0.06871835766615736,0.14892745829448686
9.0,-1.0,3.373333333,3.373333333,G,B+,A-,0.001128049677198588,0.00550999284506063,0.0008924524225226817,6.31932164837697e-05,0.028431999023649023,0.0780124979764103,0.0500133179384311,0.08712956774326658,0.0655988189262,0.4277038599806441,0.25551625025013325
5.0,-1.0,2.093333333,2.093333333,G,B+,B-,0.044240459231371494,0.008987332150062907,0.03379671671509843,0.0011407585310246923,0.11995149321620162,0.0811149966303413,0.23854033854834636,0.2220135462115051,0.043597716010721654,0.05100114693719923,0.15561549581812725
8.0,-1.0,2.91875,2.91875,G,C+,B+,0.0015733461429044552,0.002057769691549807,0.00122778394086378,8.689592859087069e-05,0.031410170561252664,0.05215876437465354,0.11578057141440284,0.09652284748925691,0.30436634706734317,0.10015142483227518,0.2946640785569068
10.0,-1.0,2.95,2.95,G,A,A,0.001247242863672829,0.0030233982779054014,0.0009867174083155593,6.987488701496533e-05,0.034034581038317066,0.024949877693357162,0.07879631872526542,0.10284103431745181,0.09976559056423415,0.2177374410741205,0.43654792315034496
7.0,-1.0,2.9,2.9,G,A,A,0.006848008341126974,0.0020023703152340137,0.0021983863761012713,8.669946924865476e-05,0.018645221582481164,0.03785792991666493,0.11374421459566825,0.11550287045044429,0.28909899226640945,0.11104186985928967,0.3029734368273313
