Object-Oriented Programming and Data Structures I,Programming in C++,Introduction to Programming,Introduction to Software Engineering,Object Oriented Analysis and Design,predicted score,F,D,D+,C-,C,C+,B-,B,B+,A-,A
4.0,7.0,-1.0,7.0,C-,B,0.05563829796690426,0.03285195413827419,0.005861131473887245,0.1069679215625452,0.25313019644380863,0.05032485902515232,0.10425484749793217,0.29497218216425886,0.032729123507750736,0.048414059918892846,0.014855426300593756
7.0,7.0,-1.0,7.0,C,B,0.0014629065877651704,0.03743900307071062,0.0007075424247292114,0.12839310939721021,0.2542683841405182,0.06515380347603716,0.08614837405116982,0.2980400628043846,0.03935202790513597,0.03647656792817513,0.052558218214163656
-1.0,10.0,-1.0,5.0,B-,D,0.007565775403242767,0.33223275198877944,0.2033358610447114,0.10541049176817104,0.08798068136291548,0.024312397947615395,0.05752597556428786,0.07309917391972752,0.025647378739252085,0.05930794645331764,0.023581565807979404
7.0,-1.0,-1.0,7.0,C,B,0.0043195261639010565,0.029780644238101915,0.0003420653285662368,0.1246722025216669,0.15166376203123927,0.08159861261850036,0.07385661000864632,0.3085475026612873,0.14213049821486656,0.06055099414152607,0.022537582071697895
-1.0,5.0,-1.0,6.0,F,B,0.036567556308754676,0.017344659563209117,0.0028071072216011668,0.1375908524250702,0.08388730265287776,0.0550595124688934,0.13231966867083322,0.44239632932168305,0.037257728815638234,0.0441407596994633,0.010628522851976123
4.0,10.0,-1.0,1.0,C,D,0.015644119326016993,0.31982659624047555,0.19791466320076012,0.12012237914412428,0.09666411356889776,0.02718900030456183,0.06374820225591152,0.056488435202685365,0.020654073797607145,0.06323117877422302,0.01851723818473638
5.0,-1.0,-1.0,4.0,A,D,0.060038299234714834,0.28647668560673895,0.00461559285868523,0.12500118142594877,0.15056369162603614,0.06059337723525738,0.06058912802909984,0.09231867125344669,0.12131308422628492,0.02759290717753132,0.010897381326255817
4.0,8.0,10.0,7.0,A-,B,0.03690097854547916,0.027957690548494472,0.03266908302368942,0.0673423941500775,0.18845028175062764,0.032782744303229215,0.06326550319964255,0.38014594152148173,0.07117350108239918,0.08541014122524292,0.01390174064963618
4.0,4.0,10.0,4.0,B,D,0.10530298652025162,0.21380352738602967,0.00990009057698261,0.16313287212743416,0.13322381475108575,0.10310296401132794,0.11751108055916079,0.10528951992511985,0.027104712552245905,0.017490475052170572,0.004137956538190856
0.0,4.0,-1.0,0.0,C-,D,0.12233406034142227,0.21955775669472546,0.010872534447937654,0.2126816319292705,0.09677396971249969,0.0927877283421734,0.11378772201883387,0.0934349358694721,0.01273157367275645,0.020745834934169073,0.0042922520367396294
7.0,4.0,-1.0,8.0,B-,B,0.00430590892277286,0.022305406624196052,0.0001867981605572808,0.13055856506470795,0.13769074820254715,0.05139679015519613,0.15916214228771,0.2928395477134295,0.11447430812643683,0.052346163430558944,0.034733621311887404
7.0,7.0,-1.0,9.0,B,B,0.0003653562279680094,0.0178748629060936,0.0002250317143334358,0.05013422987968253,0.05606572335590758,0.025521159736897822,0.14020655269465157,0.37426105177685276,0.11833148194286089,0.07286128239119281,0.14415326737355913
4.0,7.0,9.0,8.0,B+,B,0.009801740745645148,0.02672510549422183,0.0023386909398608333,0.04772243215692617,0.12937036338058183,0.04319239187137545,0.1933654554295386,0.3036114756880568,0.18284805877300545,0.04325250691222607,0.01777177860856187
7.0,10.0,-1.0,4.0,B,D,0.001490583114945987,0.2359898538215786,0.13433025658371736,0.1423929684738092,0.16421415906094594,0.028442069802942598,0.08390401593374137,0.06743424458396642,0.038793765295870204,0.03960740124243616,0.06340068208604609
9.0,7.0,-1.0,10.0,B,B,0.00021052254082611508,0.02208069095564712,6.185401718552348e-05,0.022453812545932064,0.030995740407543926,0.06759621734517036,0.19404602335516377,0.4022166367267869,0.019221467671630937,0.10187071261685572,0.13924632181725774
7.0,-1.0,-1.0,7.0,C+,B,0.0043195261639010565,0.029780644238101915,0.0003420653285662368,0.1246722025216669,0.15166376203123927,0.08159861261850036,0.07385661000864632,0.3085475026612873,0.14213049821486656,0.06055099414152607,0.022537582071697895
-1.0,9.0,-1.0,5.0,F,D,0.013041949660379831,0.24969439047372874,0.08914063495759705,0.1646593617198318,0.08443300255131671,0.03490595315287401,0.06747459997495506,0.13889718804182127,0.03869557897154157,0.08018450065364026,0.038872839842313704
5.0,7.0,7.0,7.0,B,C,0.01088646260050332,0.03499044018391772,0.00238643463401083,0.06978141943746564,0.46225966684272196,0.022957081566772997,0.05001414812700059,0.1603622106638079,0.1451216071373955,0.021230032074355844,0.02001049673204772
4.0,0.0,-1.0,8.0,D,B,0.016599450374932614,0.033086058299269853,0.0015779455410133026,0.060152962798849165,0.10764783368287886,0.0336629488342065,0.2122835741241663,0.2726059116587034,0.1826288438275796,0.0691835118647062,0.0105709589936941
10.0,10.0,-1.0,10.0,A,A,5.237036896656666e-05,0.004754666737713222,0.0021822126985123302,0.00432232256046433,0.03348461773819235,0.012254542192253222,0.03725286210749056,0.10348513591016101,0.022084557881450164,0.14423878477424604,0.6358879270305503
8.0,1.0,4.0,0.0,B-,B,0.013406150681885762,0.17119197815234824,0.001345170153872235,0.14823808727466214,0.15308096397346208,0.10819266158607868,0.14037995651280094,0.20325529475137544,0.030257130419996284,0.017831165352969445,0.012821441140548749
10.0,-1.0,-1.0,10.0,B+,A,0.0006835457817845034,0.011000731975009247,2.991686906987948e-05,0.019635563143493434,0.06034791779513918,0.03820063809256911,0.05873127786890778,0.1434859498365221,0.06365562345282888,0.09781757230836167,0.5064112628763143
10.0,10.0,-1.0,10.0,B,A,5.237036896656666e-05,0.004754666737713222,0.0021822126985123302,0.00432232256046433,0.03348461773819235,0.012254542192253222,0.03725286210749056,0.10348513591016101,0.022084557881450164,0.14423878477424604,0.6358879270305503
9.0,7.0,-1.0,9.0,B,B,0.00023767289570166044,0.02493246424434963,6.984630103697891e-05,0.02629356449100749,0.03857436397037072,0.06437378800749544,0.20774411814958832,0.4243997806711418,0.022822688879597552,0.11658558512384985,0.07396612726586049
-1.0,-1.0,-1.0,8.0,A-,B,0.01584180068011333,0.031594120937757375,0.0015483961857047038,0.05191848833401737,0.08725510954296467,0.034757921347044585,0.23462143405020688,0.2594192874196024,0.1903069634100115,0.08096463104768563,0.011771847044891601
7.0,7.0,-1.0,7.0,A-,B,0.0014629065877651704,0.03743900307071062,0.0007075424247292114,0.12839310939721021,0.2542683841405182,0.06515380347603716,0.08614837405116982,0.2980400628043846,0.03935202790513597,0.03647656792817513,0.052558218214163656
7.0,4.0,-1.0,4.0,C-,C-,0.023281684173084932,0.157554905764932,0.002647168590164525,0.33056889435941716,0.13730717258211222,0.11211597444080072,0.07815460726994242,0.10150035695273682,0.027068892357618318,0.01555062613886975,0.014249717370321035
4.0,4.0,-1.0,7.0,C,B,0.14387054445366365,0.024163361335012755,0.003275583135298472,0.14530639278508203,0.19806406412691252,0.06284291828729621,0.11067575130424465,0.2418729440989572,0.022445410007773253,0.04176020699536742,0.005722823470391805
5.0,4.0,10.0,5.0,C,D,0.06940484414137932,0.24107598620411017,0.004088468113448481,0.15785459107553398,0.23079329681754113,0.04418957225049492,0.052757039517340606,0.08827602797931033,0.0927930591886807,0.00982256139543196,0.008944553316728152
1.0,7.0,-1.0,7.0,B-,B,0.05656595920332647,0.03328753946008247,0.006417375701543604,0.1048272398555988,0.24562737365694778,0.05267757491345317,0.10702984935413064,0.2950411343924989,0.03361693157467954,0.05004565003535673,0.014863371852381926
7.0,4.0,10.0,7.0,C-,B,0.008704213071256775,0.021951438613733984,0.000373348889999949,0.15703650750896678,0.2593204755434546,0.09755240523925332,0.07509712227790973,0.2594871637311557,0.07982995079748004,0.023711820057806036,0.016935554268983164
7.0,6.0,-1.0,7.0,A,B,0.0010024196375249352,0.019643551557900162,0.0004898526037561789,0.10729594690035042,0.13615155520106031,0.03489611854315907,0.05013170641206828,0.5490567241261992,0.03741449262390298,0.02311067818302885,0.040806954211049754
7.0,-1.0,-1.0,7.0,B,B,0.0043195261639010565,0.029780644238101915,0.0003420653285662368,0.1246722025216669,0.15166376203123927,0.08159861261850036,0.07385661000864632,0.3085475026612873,0.14213049821486656,0.06055099414152607,0.022537582071697895
5.0,7.0,-1.0,7.0,B-,C,0.01356002390424805,0.041873804472671694,0.002850415047240421,0.10965383920741806,0.44666326222156993,0.0237126724533297,0.05332638366314354,0.17402130241117353,0.07821288299109118,0.029634479332329565,0.026490934295784238
6.0,10.0,-1.0,7.0,C+,C,0.0010289481193466812,0.02276630853589113,0.04737396808353331,0.05602956607925737,0.30985998666733067,0.009239194796109348,0.06463941008541632,0.19421971308979882,0.07679294884668077,0.16908052525067904,0.048969430445956565
8.0,7.0,-1.0,7.0,B,B,0.001098883011295134,0.04194028577750477,0.00024298329319758617,0.05763866301527496,0.1678976910293149,0.05826003600385723,0.1129036361662926,0.49221849882811225,0.007519535998721381,0.03746802254173354,0.022811764334695745
5.0,0.0,-1.0,7.0,C-,C,0.02810968833582954,0.03740455168362615,0.0015510633636327384,0.09250679166150348,0.29958869134900684,0.03241752556300065,0.06253609665780711,0.20278797347634037,0.19028709453223577,0.04138290757194409,0.01142761580507309
9.0,7.0,-1.0,7.0,A-,B,0.000935566333785235,0.05261408338530918,0.000215807943036811,0.06558930694407519,0.1850368454664938,0.15796694112049514,0.12807830799529446,0.32339660167791096,0.007527509393458583,0.05353235041988219,0.02510667932025858
7.0,4.0,-1.0,7.0,D,B,0.00980767074116538,0.0224502555744752,0.00040343306520843525,0.2437191647678172,0.22007314207004308,0.08933370624509711,0.0720776412758018,0.2531467809663949,0.03670128202043303,0.03249052485834357,0.019796398415220066
7.0,7.0,-1.0,7.0,C+,B,0.0014629065877651704,0.03743900307071062,0.0007075424247292114,0.12839310939721021,0.2542683841405182,0.06515380347603716,0.08614837405116982,0.2980400628043846,0.03935202790513597,0.03647656792817513,0.052558218214163656
6.0,0.0,10.0,6.0,C,B+,0.005801864675637253,0.014720265987068566,0.00018282849857186278,0.06849529178251171,0.15484443937555434,0.04756977490576078,0.10559388414412031,0.256150014859531,0.2772926126566888,0.06452138037065305,0.004827642743902251
6.0,10.0,-1.0,7.0,B-,C,0.0010289481193466812,0.02276630853589113,0.04737396808353331,0.05602956607925737,0.30985998666733067,0.009239194796109348,0.06463941008541632,0.19421971308979882,0.07679294884668077,0.16908052525067904,0.048969430445956565
6.0,8.0,10.0,6.0,B+,B,0.001362003501577264,0.016281565348352196,0.002466184659396185,0.10369683259841114,0.17016071865410787,0.023537376583202835,0.09636913635060265,0.32035301786250137,0.141108159164948,0.11182005296529099,0.012844952311609509
4.0,4.0,-1.0,4.0,C,C-,0.11788295912084064,0.21791208681117843,0.009986373647028847,0.218254100516215,0.10348174900492951,0.08914569131118935,0.1114653201183707,0.09489559929750647,0.012478705722800387,0.020183157447575404,0.004314257002365292
9.0,10.0,-1.0,10.0,A,B,9.604191911568928e-05,0.013313889798245276,0.003999348713843995,0.012553257359471905,0.024648629044711427,0.020562362115964978,0.09472242133424866,0.2921604559249714,0.026555346279219013,0.22059116448233318,0.2907970830278743
6.0,4.0,-1.0,7.0,B,C,0.01534222292026478,0.015121454772363162,0.00043659512393710116,0.15315434873386924,0.3224251366990844,0.03327791625434851,0.10497194726837589,0.24301024300961213,0.04994037836871492,0.05463526950608939,0.007684487343340271
7.0,4.0,10.0,7.0,C,B,0.008704213071256775,0.021951438613733984,0.000373348889999949,0.15703650750896678,0.2593204755434546,0.09755240523925332,0.07509712227790973,0.2594871637311557,0.07982995079748004,0.023711820057806036,0.016935554268983164
10.0,10.0,-1.0,10.0,B,A,5.237036896656666e-05,0.004754666737713222,0.0021822126985123302,0.00432232256046433,0.03348461773819235,0.012254542192253222,0.03725286210749056,0.10348513591016101,0.022084557881450164,0.14423878477424604,0.6358879270305503
10.0,7.0,4.0,7.0,D,C,0.0006802057357651666,0.02635865699335566,0.00016366536181392137,0.025144676890142444,0.4146592457598759,0.13819296116988097,0.08336802129163376,0.1805940263254266,0.014394274415666805,0.04850252738316904,0.06794173867326969
10.0,10.0,-1.0,8.0,B,A,0.00011753697004239805,0.0179305765727341,0.004901140410271309,0.009885557708147757,0.15848307735006784,0.0321778959417657,0.08338707482739907,0.16423072640373262,0.04963997173858689,0.18384418673390654,0.2954022553433458
4.0,7.0,-1.0,7.0,A,B,0.05563829796690426,0.03285195413827419,0.005861131473887245,0.1069679215625452,0.25313019644380863,0.05032485902515232,0.10425484749793217,0.29497218216425886,0.032729123507750736,0.048414059918892846,0.014855426300593756
8.0,4.0,-1.0,6.0,C-,B,0.009773086374965973,0.025004720744376464,0.00013614008642678268,0.23247275251194374,0.1054996780677575,0.10403556940407599,0.11669918492309965,0.34944989813957605,0.010820376434952584,0.035964885453936224,0.01014370785888909
10.0,10.0,-1.0,7.0,B,C,0.00036609688719659484,0.01748033919363763,0.012913662367935737,0.02026097243462817,0.4015597264050434,0.04834432915343942,0.055767749105090234,0.12442391111553286,0.017794164483232615,0.1284526446943966,0.1726364041598668
9.0,10.0,-1.0,10.0,A,B,9.604191911568928e-05,0.013313889798245276,0.003999348713843995,0.012553257359471905,0.024648629044711427,0.020562362115964978,0.09472242133424866,0.2921604559249714,0.026555346279219013,0.22059116448233318,0.2907970830278743
7.0,7.0,-1.0,9.0,B+,B,0.0003653562279680094,0.0178748629060936,0.0002250317143334358,0.05013422987968253,0.05606572335590758,0.025521159736897822,0.14020655269465157,0.37426105177685276,0.11833148194286089,0.07286128239119281,0.14415326737355913
4.0,8.0,-1.0,3.0,D,C-,0.02830198351111738,0.23472470503049703,0.09009183308337537,0.24610720176702172,0.09135645255009149,0.041205994735429616,0.06907395784153716,0.11483925714783463,0.018877949916361967,0.054090985707271284,0.01132967870946276
4.0,7.0,10.0,10.0,B,B,0.008294734658766525,0.017886595821771965,0.001976119132668085,0.03875436191773783,0.07110065704585354,0.03218352993111588,0.20475086382043353,0.34686128179045095,0.14295118643825694,0.060173784770920585,0.07506688467202409
10.0,10.0,-1.0,10.0,A,A,5.237036896656666e-05,0.004754666737713222,0.0021822126985123302,0.00432232256046433,0.03348461773819235,0.012254542192253222,0.03725286210749056,0.10348513591016101,0.022084557881450164,0.14423878477424604,0.6358879270305503
9.0,7.0,-1.0,8.0,B-,B,0.000318103045263796,0.007449918894249053,7.95566594705805e-05,0.011667193651298756,0.012884129470706523,0.03849627587593738,0.20845521885546686,0.5008897793956553,0.020950061651175685,0.14763195532976883,0.05117780717100729
10.0,10.0,-1.0,10.0,A,A,0.00024465304275717655,0.006805795301966558,0.002846652496506192,0.004826577408638482,0.013248615404108034,0.006901205737326527,0.03564543500840052,0.21275126259368257,0.031038539078435342,0.07419897080538598,0.6114922931227926
5.0,5.0,-1.0,5.0,A,C-,0.09408097102908966,0.17142874551694556,0.005977598445961285,0.2120322687618269,0.2077248536883586,0.016222145607649317,0.0648785238135215,0.2011009767893395,0.006809947031930142,0.008299800726253873,0.011444168589123688
10.0,10.0,-1.0,10.0,A-,A,0.00024465304275717655,0.006805795301966558,0.002846652496506192,0.004826577408638482,0.013248615404108034,0.006901205737326527,0.03564543500840052,0.21275126259368257,0.031038539078435342,0.07419897080538598,0.6114922931227926
4.0,7.0,10.0,8.0,B+,B-,0.0161427172302863,0.03808801827045754,0.0020385288435763433,0.028126173350551287,0.05538834375909496,0.025364036448888544,0.34205972117494154,0.2378993410761315,0.13898041432262143,0.07993193490328081,0.03598077062016974
3.0,4.0,-1.0,6.0,F,C-,0.066089854356313,0.0228756484993256,0.0018391553704292373,0.25275898531678315,0.2008426054935849,0.057960175411509836,0.17839256219508143,0.1526451918932993,0.009207758984305876,0.04721374103265195,0.010174321446715753
7.0,7.0,-1.0,10.0,C+,B,0.00031329565353696267,0.012865865635582391,0.00013771587137030532,0.024790911231561418,0.011437651718402473,0.010598282571692118,0.10405264759756867,0.3700574051703229,0.1896827593181954,0.07069626188133615,0.20536720335043132
10.0,-1.0,-1.0,10.0,A,A,0.0005169969505814325,0.014014483861925733,3.31577946296232e-05,0.021833355783726714,0.032953167914849806,0.019707566130188047,0.0601747653885535,0.17029297339294247,0.14577447229751442,0.09349620647622545,0.4412028540088628
10.0,10.0,-1.0,10.0,A,A,0.00024465304275717655,0.006805795301966558,0.002846652496506192,0.004826577408638482,0.013248615404108034,0.006901205737326527,0.03564543500840052,0.21275126259368257,0.031038539078435342,0.07419897080538598,0.6114922931227926
4.0,7.0,10.0,4.0,B,D,0.07157936015189238,0.25966090173274153,0.013974632045822324,0.15976301556165898,0.18318959345366992,0.03423855626859999,0.11271203786719224,0.10461093221022513,0.020915526794740565,0.019660015422221976,0.01969542849123498
10.0,10.0,10.0,10.0,A,A,0.00023612811840271688,0.007008199311259878,0.002836699325387076,0.004608059191091194,0.018168421769612125,0.006498846742817841,0.04464230572841947,0.21077011022415906,0.058625067222415755,0.06553498855420686,0.581071173812228
4.0,7.0,-1.0,4.0,B-,D,0.08342304071409604,0.29055380950605425,0.014083269285851253,0.19112432094083845,0.13502641001540816,0.03736958934546472,0.0862430455758052,0.10715572336557479,0.009589535753545722,0.02370582125539024,0.02172543424197117
7.0,7.0,-1.0,8.0,C,B,0.0004856322663462538,0.026174264081402346,0.0002134830304594424,0.024703889265238536,0.025855861660750688,0.03147917101516282,0.15992335604955366,0.4063939787701234,0.15893563144701703,0.08987467253249279,0.07596005988145293
4.0,8.0,-1.0,7.0,B,A-,0.04173163252542017,0.06014876617952119,0.024247859048814515,0.060573206984601106,0.16093250821984645,0.03491557596277669,0.08853949993207964,0.14085704605903446,0.03878036855675086,0.28524752449106633,0.0640260120400887
9.0,10.0,-1.0,7.0,B,B,0.0014929077258955628,0.01760758365709888,0.02305293698538365,0.049566935507993216,0.11007800379744767,0.13104870703753524,0.05631166490258306,0.24847201494927199,0.015156508823418997,0.195587475952774,0.1516252606605978
9.0,7.0,-1.0,8.0,D,B,0.000318103045263796,0.007449918894249053,7.95566594705805e-05,0.011667193651298756,0.012884129470706523,0.03849627587593738,0.20845521885546686,0.5008897793956553,0.020950061651175685,0.14763195532976883,0.05117780717100729
4.0,7.0,-1.0,7.0,B,C,0.05063315300114856,0.06322802736487362,0.0038475786785426595,0.09900369040827267,0.20962493127975154,0.06270900579457812,0.15182445744123496,0.19094140252737082,0.017954228231485538,0.09785022815096787,0.052383297121773906
9.0,10.0,-1.0,9.0,B,B,0.00043982030396390336,0.004079833287902593,0.005120786249561152,0.014104427624388996,0.010519153125052517,0.01884747927261115,0.06595932343811557,0.37575862534159804,0.03951134419242723,0.18765883458319027,0.27800037258118865
8.0,10.0,-1.0,8.0,B,B,0.000716492834772507,0.0077773351210868626,0.008359619296622225,0.014065566983602585,0.021423082365670722,0.023435584425207833,0.09116465958884536,0.5342656033940341,0.0407567187189664,0.1412567883953898,0.11677854887580164
4.0,8.0,-1.0,4.0,C-,D,0.07121131565206991,0.3100537006515531,0.09251584209370405,0.12806505710063276,0.11562866709291587,0.021003202925981554,0.05576142927903909,0.08753432042844934,0.01975833949891119,0.07118920308731752,0.02727892218942575
9.0,4.0,-1.0,6.0,C-,C-,0.005738275834810832,0.011633636530179951,0.00022510275856691954,0.27144302018908234,0.13576281893417377,0.1424075388067029,0.07751754774814468,0.2697786952458491,0.009497261404564,0.054169319508516146,0.02182678303940952
7.0,9.0,10.0,6.0,B,B+,0.00392367528793668,0.03451254553680301,0.004314657986421999,0.09287594476790043,0.13451310864702745,0.05297685424918539,0.04778296279781966,0.17247966099444573,0.22301746710754558,0.12052031284411306,0.1130828097808008
10.0,10.0,-1.0,7.0,C,A,0.0012471823984874552,0.05003467780082754,0.019243333715259738,0.025715859635508768,0.20398579448601686,0.07109554878834871,0.04745896096595934,0.19840970030406235,0.018704283264073307,0.11635811238455117,0.24774654625690484
10.0,10.0,-1.0,10.0,A,A,0.00024465304275717655,0.006805795301966558,0.002846652496506192,0.004826577408638482,0.013248615404108034,0.006901205737326527,0.03564543500840052,0.21275126259368257,0.031038539078435342,0.07419897080538598,0.6114922931227926
5.0,5.0,-1.0,5.0,B+,C-,0.09408097102908966,0.17142874551694556,0.005977598445961285,0.2120322687618269,0.2077248536883586,0.016222145607649317,0.0648785238135215,0.2011009767893395,0.006809947031930142,0.008299800726253873,0.011444168589123688
7.0,-1.0,-1.0,7.0,B,B,0.0018168054196685433,0.03231080335814652,0.0002536114975832283,0.1598647261270466,0.1714142090866156,0.13535203108513663,0.034254209271488784,0.1829731332287178,0.17143177810411542,0.07444801623398095,0.035880676587499986
5.0,4.0,-1.0,3.0,D,C,0.07428078471419615,0.16982926789891797,0.006091502199778502,0.2480846151535979,0.29271575452306176,0.01574187363954806,0.07056813002035844,0.09708426426151118,0.006961375401230601,0.008499996725287168,0.010142435462512079
8.0,4.0,7.0,0.0,C-,B,0.016412120604246593,0.07180013410095397,0.00227399690709868,0.24694136489431645,0.19079128981505938,0.04450858317436299,0.11298534594319469,0.2644734230255786,0.01870282495706966,0.014734767897164918,0.016376148680954113
7.0,10.0,-1.0,6.0,B-,B,0.0028607538386178134,0.0508293372592226,0.04487560455833132,0.14728217969923182,0.16872272312058326,0.09375156779195785,0.04121304663383082,0.16968630807259777,0.08704721321439032,0.09562842467785308,0.09810284113338331
7.0,-1.0,-1.0,7.0,B-,B,0.0018168054196685433,0.03231080335814652,0.0002536114975832283,0.1598647261270466,0.1714142090866156,0.13535203108513663,0.034254209271488784,0.1829731332287178,0.17143177810411542,0.07444801623398095,0.035880676587499986
9.0,10.0,10.0,7.0,A-,B,0.0013304737231464906,0.016665341127531718,0.02212179359028868,0.043660534103712345,0.15903059110684636,0.11630986206334315,0.07461460848299277,0.2395540190961585,0.029111879090499435,0.16402912720114549,0.1335717704143353
7.0,10.0,-1.0,4.0,B-,D,0.005190125960780462,0.24256402375445774,0.20300488073754291,0.1131139208142375,0.12761703941597846,0.04746233712429131,0.0268949792324502,0.10001668886426869,0.04135596168459944,0.03144428516492272,0.06133575724647051
-1.0,-1.0,-1.0,7.0,B,C,0.02176232037149381,0.04948695841543467,0.0018818922829698177,0.10979313626029262,0.19637241523986865,0.09140779219010162,0.13374828491379323,0.17118089549624363,0.06154587776183672,0.13648194039960235,0.026338486668362894
7.0,7.0,-1.0,4.0,C,D,0.0039030894611858575,0.27505732762512713,0.005761251976299924,0.1960297608697538,0.11343215684082941,0.06900411321710521,0.060167813811110735,0.18649085803193474,0.025852148552140502,0.022147913140750194,0.04215356647376257
8.0,-1.0,-1.0,3.0,C+,B,0.012195235220419832,0.08642504064146542,0.0023658080981668987,0.1893684432416675,0.10789121966640722,0.09430285820799682,0.061713055474737814,0.315126243056088,0.04991668808361849,0.04639206187343453,0.03430334643599736
4.0,4.0,-1.0,4.0,D,C-,0.11674107348297717,0.15831445044226927,0.008350728339602514,0.26040744970752666,0.19474466936176285,0.031335392029951434,0.09039836133942766,0.10619223645744372,0.006667568628578528,0.01618339857539996,0.010664671635060134
9.0,10.0,-1.0,7.0,C,B,0.0014929077258955628,0.01760758365709888,0.02305293698538365,0.049566935507993216,0.11007800379744767,0.13104870703753524,0.05631166490258306,0.24847201494927199,0.015156508823418997,0.195587475952774,0.1516252606605978
8.0,10.0,-1.0,7.0,B-,B,0.0018483103351441246,0.020123726043150093,0.028595324198171627,0.059150304247146825,0.11388262936697767,0.0634757155166633,0.05621871466889028,0.3684741204518451,0.019816959340767454,0.14314290017068593,0.1252712956605577
0.0,4.0,10.0,6.0,B,C,0.055397417045270014,0.02094444930166649,0.00174458510618438,0.1920332955010055,0.26435524823957723,0.04987469782639029,0.21180172628327326,0.1403139158165497,0.0185798736609127,0.03591670345113033,0.009038087768039849
10.0,10.0,-1.0,5.0,C,D,0.004292367172568552,0.2424769498570582,0.078123816777949,0.048577026528460104,0.13838203633336957,0.07835480011023584,0.05147775971464868,0.15969151077241528,0.01906380158560149,0.05009289421126325,0.12946703693642997
4.0,4.0,9.0,3.0,C+,C,0.10060982884081207,0.14455591801634643,0.008144418903075124,0.20341610895699838,0.25730054611140163,0.028218316477835313,0.11915948127690089,0.10189510389901892,0.014001439588535367,0.012958352645119148,0.009740485283956683
7.0,-1.0,-1.0,7.0,B,B,0.0018168054196685433,0.03231080335814652,0.0002536114975832283,0.1598647261270466,0.1714142090866156,0.13535203108513663,0.034254209271488784,0.1829731332287178,0.17143177810411542,0.07444801623398095,0.035880676587499986
5.0,7.0,-1.0,5.0,C-,D,0.02528326321055695,0.3247839854136504,0.009273075518208222,0.17087254581815303,0.194031798051935,0.025071896743858943,0.08389661543678117,0.12458325892147384,0.009266290139211342,0.013425507409169113,0.019511763337001966
9.0,10.0,10.0,10.0,B,A,0.0003346223099820126,0.0033117116252087816,0.004022965938042816,0.010208207700747537,0.012040233525600278,0.013897373154701078,0.07265490722728396,0.3190627407180992,0.05874430583279673,0.12732281470873713,0.37840011725880063
10.0,10.0,-1.0,10.0,A-,A,0.00024465304275717655,0.006805795301966558,0.002846652496506192,0.004826577408638482,0.013248615404108034,0.006901205737326527,0.03564543500840052,0.21275126259368257,0.031038539078435342,0.07419897080538598,0.6114922931227926
10.0,10.0,-1.0,9.0,A-,A,0.0003458584687901968,0.009621143131965501,0.004023777190993026,0.007022406082434191,0.01872915940719733,0.009821711600241059,0.047215013911885075,0.2795413756203528,0.044395693523126084,0.10763817814784095,0.47164568291517384
7.0,7.0,-1.0,4.0,C-,D,0.0039030894611858575,0.27505732762512713,0.005761251976299924,0.1960297608697538,0.11343215684082941,0.06900411321710521,0.060167813811110735,0.18649085803193474,0.025852148552140502,0.022147913140750194,0.04215356647376257
9.0,10.0,-1.0,10.0,A,A,0.0003485883246325739,0.0032335529710490374,0.0040590325435494595,0.010861608838953702,0.008337163908459544,0.014838036229391014,0.055793723404488,0.3204205504526388,0.030950494165776644,0.1449392178888316,0.4062180312722295
7.0,10.0,-1.0,10.0,B,A,0.0004698584251264599,0.009645644067447955,0.009689892126443922,0.02077877122681062,0.015250191202391156,0.011176373701395115,0.037448259273989495,0.2336490157085567,0.20441388440924338,0.08124534889800589,0.37623276096058933
8.0,4.0,10.0,7.0,B,B,0.0027309395879878844,0.013478395937161115,0.0001916241183879662,0.1794053317615537,0.2223437207998599,0.04649042240074154,0.10831146439964186,0.344403995861555,0.015241808241611735,0.04545646913041923,0.02194582776108048
8.0,-1.0,-1.0,10.0,C,B,0.0008276936195472176,0.007642343760743353,5.3192814108250426e-05,0.06294685832977572,0.019355100508486375,0.015930871052155286,0.09285431854042143,0.33633249402631216,0.1614245650791904,0.12379380681483762,0.17883875545442232
8.0,1.0,10.0,7.0,D,B,0.002048307554874292,0.010228256119887992,0.0001851807138229624,0.13550008120966447,0.18336624393280843,0.044259182465800434,0.12229682679946324,0.3915008885160985,0.04123101791374137,0.04605969975117277,0.023324315022665788
10.0,7.0,10.0,9.0,C,B,0.00022453734320986748,0.012813702251687768,5.70454035268359e-05,0.007777139112707984,0.019606336317698002,0.009606947989292947,0.15538797688699568,0.4342430600932866,0.07909258137203784,0.08922937237648526,0.19196130085307117
6.0,7.0,10.0,7.0,C,B,0.0015909467585574141,0.02591500856381501,0.0006039374710918799,0.054325633310093435,0.20696878956965448,0.03918697687585853,0.24633132854791323,0.2742497607254588,0.04837423244425201,0.07087764466725723,0.03157574106604789
4.0,7.0,-1.0,8.0,C-,B-,0.02038852217456608,0.0445578577694248,0.0023219936328190984,0.035396353023535033,0.044586906030986084,0.03136069830519643,0.3249188163893017,0.2702429045047064,0.07453121906994203,0.10670187254630292,0.04499285655321937
7.0,7.0,-1.0,5.0,D,D,0.0035537064678030183,0.2605749843899092,0.003856993537576276,0.17951595088509034,0.1044701865730972,0.09318745718395939,0.06550030449022852,0.21127122311721622,0.020572828086739776,0.021567275033407714,0.035929090234972046
6.0,7.0,-1.0,6.0,B+,B,0.002649500349859833,0.02327898481691715,0.0006512704591416555,0.12787568165936877,0.1361706413586937,0.05823712536163803,0.22630714643557076,0.3074401571568883,0.023643184076414647,0.07281230097222843,0.02093400735327886
10.0,7.0,-1.0,7.0,C+,B,0.0007847775327740556,0.06569582117445263,0.00025982703863625036,0.028417772555018178,0.16742432851894476,0.07671517869260183,0.09604405584575043,0.34006263443567847,0.008776733027830778,0.0936538827690267,0.12216498840928597
7.0,7.0,-1.0,7.0,C+,B,0.0008693156403970486,0.049930042319839225,0.0002650827390053554,0.12212999671236281,0.20302653156454545,0.07469761073064443,0.09874626918005922,0.29170836992897364,0.0359652789110143,0.05189481128365429,0.07076669098950435
7.0,10.0,-1.0,7.0,C-,C,0.001376206842390432,0.03173875491491008,0.013818513649842011,0.01930826030678266,0.2898261141659958,0.055353239878177314,0.12795681053298186,0.265467693137064,0.03508891864350147,0.0889848787443228,0.07108060918403178
10.0,10.0,-1.0,6.0,B+,C,0.0023699522385920687,0.050327574333114015,0.004165049072889994,0.01740488032390526,0.26945676347297254,0.06592995526693246,0.11762733081476567,0.25325267921640887,0.0077998423702401575,0.14757314853699355,0.06409282435318539
3.0,0.0,4.0,7.0,C,C,0.03378644653226074,0.0480853776001535,0.00310986836440986,0.06228496827187208,0.2349551392289847,0.081375757701583,0.13379755830795864,0.22706619301228206,0.07766301179055286,0.07311486651510103,0.024760812674841697
5.0,10.0,-1.0,6.0,C-,C,0.03943419051234457,0.043619652165257275,0.05477935826462032,0.022564626974780618,0.3247595505518025,0.015617500488589372,0.17871448537385531,0.15385239390085015,0.07444636339363192,0.05012999553893339,0.0420818828353344
7.0,-1.0,-1.0,7.0,C-,B,0.002392452051857375,0.047173976509912306,0.000107640365074951,0.11102425015698446,0.17231362746958456,0.12640336716120631,0.10062617532696483,0.21585278662046103,0.1165920586165039,0.048768763747622616,0.05874490197382796
6.0,6.0,10.0,5.0,B,C,0.0029878339829142392,0.10317117200011819,0.001161484210257168,0.1434114083704206,0.20827288086259457,0.027443847060763946,0.07121765521995808,0.20211688814228346,0.19475493257892337,0.008810978911513516,0.03665091866025291
6.0,-1.0,-1.0,6.0,A-,B-,0.008487221911521334,0.02322919323017782,9.023311954927218e-05,0.09026333074448796,0.17913949130416923,0.06763832386202019,0.20287091649607222,0.18559335893202983,0.19600640116439086,0.029027447984743607,0.01765408125083769
4.0,7.0,-1.0,7.0,B,B,0.06367367623087646,0.0372471908892375,0.005543700233387509,0.10025109975118768,0.17652512934955067,0.042458837331517015,0.16762881554655365,0.24724803814005836,0.03192766956277811,0.0825463843412054,0.044949458623647916
7.0,9.0,10.0,9.0,B+,B+,0.0004217566081920588,0.009289029714432826,0.00048630669814023436,0.004333349785165792,0.0620573696475923,0.009118988994663839,0.015340892550425854,0.34259890793121794,0.35409448576100894,0.10228490389934665,0.0999740084098136
10.0,-1.0,-1.0,8.0,B+,B,0.001395538956000282,0.10174900222690034,4.1580233846752494e-05,0.020426774367793433,0.08272532330774551,0.10288013431649536,0.11274234153094027,0.20696238948692058,0.094732139548203,0.18013596621925937,0.09620880980589518
10.0,10.0,-1.0,9.0,A,A,0.00024982563163804917,0.014373072487210127,0.0024741001104228756,0.0016907159458368116,0.057973832038176694,0.02527617124537015,0.04159886970561128,0.3003942579511766,0.02295874501483299,0.205755301268342,0.32725510860138246
7.0,-1.0,-1.0,5.0,B,C-,0.005160349472340396,0.16664390766259285,0.0005292526044947257,0.21238551541120537,0.12525659124401575,0.10027857824954894,0.09591833217493158,0.13180042727979718,0.11007355924417116,0.014372370416840934,0.037581116240061115
10.0,7.0,-1.0,10.0,B,A,0.0001421741236619148,0.02479847775102056,4.2743082132437096e-05,0.007839735445734719,0.03474069553720607,0.0427128456942485,0.06200974800476294,0.26962944354416235,0.02364011448367081,0.1365444549294667,0.3978995674039331
7.0,7.0,-1.0,7.0,B,B,0.0008693156403970486,0.049930042319839225,0.0002650827390053554,0.12212999671236281,0.20302653156454545,0.07469761073064443,0.09874626918005922,0.29170836992897364,0.0359652789110143,0.05189481128365429,0.07076669098950435
-1.0,-1.0,-1.0,9.0,B-,B,0.01997601773322684,0.027366541182859572,0.0017693023072587913,0.032860162580683874,0.0640470155101679,0.03251248434655448,0.1859324661230757,0.24451529385048368,0.20832963540302846,0.10412524618417499,0.07856583477848583
7.0,4.0,-1.0,5.0,C,C-,0.007195036515097943,0.1695257901944406,0.0005344405104564016,0.4340306567780948,0.10224758002065303,0.06157464768383931,0.0723741373636512,0.0983689567880427,0.024770897278247998,0.00771437252161188,0.021663484345863848
7.0,10.0,-1.0,8.0,A,B,0.0005840512468227925,0.028150308242239533,0.008046137967988556,0.007973502334115791,0.088916520436996,0.03005305630997798,0.13094459493504892,0.3547406391333834,0.15959641966905946,0.12912993600284525,0.061864833721522114
4.0,-1.0,-1.0,3.0,D,C-,0.03960010231543272,0.16308654310077286,0.005312128760151461,0.1686435126586663,0.113482029984558,0.12026677372394524,0.15625753086227642,0.1289999435132549,0.050383811828667066,0.03154396251316636,0.022423660739108786
9.0,4.0,-1.0,5.0,C-,C-,0.007898128505065528,0.16037520921950646,0.00047222844942860484,0.3233909797881391,0.08915912340804627,0.1320419849709524,0.05855029393727405,0.16128921769439625,0.00920976287258699,0.025162698039201556,0.032450373115403025
7.0,7.0,7.0,6.0,B-,B,0.0014845461279516842,0.04492740289171067,0.00013064627107951828,0.12255686561109673,0.2925064958058936,0.03913579063173492,0.05837014492976653,0.31319990855826896,0.08548181771066256,0.019939841496986955,0.022266539964847936
4.0,4.0,-1.0,3.0,F,C-,0.07245965744498048,0.1454183235640458,0.005469666885496953,0.33796076723920315,0.09732468506744694,0.0794062951735225,0.1154784682527431,0.10352875935175497,0.012780219228385755,0.016657311141282514,0.013515846651137751
8.0,8.0,-1.0,6.0,B,B,0.001801507625900213,0.04214418785825178,0.0007228688148175579,0.08855229150803205,0.11454712104368284,0.030514309259374168,0.08582953402294302,0.5024687561088605,0.00947923561446117,0.10791959990466185,0.01602058823901481
7.0,7.0,-1.0,7.0,A-,B,0.0008693156403970486,0.049930042319839225,0.0002650827390053554,0.12212999671236281,0.20302653156454545,0.07469761073064443,0.09874626918005922,0.29170836992897364,0.0359652789110143,0.05189481128365429,0.07076669098950435
7.0,7.0,-1.0,7.0,D,B,0.0008693156403970486,0.049930042319839225,0.0002650827390053554,0.12212999671236281,0.20302653156454545,0.07469761073064443,0.09874626918005922,0.29170836992897364,0.0359652789110143,0.05189481128365429,0.07076669098950435
9.0,7.0,-1.0,8.0,B-,B,0.00022648481120338975,0.06592837165261907,6.842865412902464e-05,0.01812835185211372,0.04216010582021279,0.050911019528049516,0.10631658942352286,0.49307179206992724,0.024312267951762504,0.1600847726887767,0.038791815547683246
-1.0,-1.0,-1.0,7.0,B,B,0.038702102399160665,0.039375865918233915,0.003111171918809717,0.0689709597911888,0.16160340774366475,0.08785878392536435,0.17633551158605587,0.21993267211933223,0.07566712954268505,0.09389821840461214,0.03454417665089231
10.0,10.0,-1.0,10.0,A,A,0.0001699928070441639,0.009778207060920464,0.0016834765810819347,0.0011432801520415078,0.036163580467201493,0.021184513056650263,0.03837997380907178,0.18800266408332206,0.014779802148503178,0.1374327780936726,0.5512817317404906
10.0,7.0,-1.0,6.0,C,B,0.0014545923501119058,0.08122131605871784,0.00010397307582387963,0.11071705150402077,0.18743440948847542,0.10335538492928562,0.09070055015671741,0.29292515081189974,0.008386324840786849,0.07352178752692186,0.05017945925723877
10.0,-1.0,-1.0,8.0,B,B,0.001395538956000282,0.10174900222690034,4.1580233846752494e-05,0.020426774367793433,0.08272532330774551,0.10288013431649536,0.11274234153094027,0.20696238948692058,0.094732139548203,0.18013596621925937,0.09620880980589518
10.0,-1.0,-1.0,8.0,C,B,0.001395538956000282,0.10174900222690034,4.1580233846752494e-05,0.020426774367793433,0.08272532330774551,0.10288013431649536,0.11274234153094027,0.20696238948692058,0.094732139548203,0.18013596621925937,0.09620880980589518
9.0,-1.0,-1.0,9.0,C-,B,0.001213739584008725,0.03386655611515096,3.6018403646031956e-05,0.015083253251857432,0.053061770871549216,0.04893378361751908,0.06106855911479989,0.3408621531202273,0.0893657239802106,0.14889656671810736,0.20761187522292363
10.0,7.0,-1.0,10.0,A,A,0.0001421741236619148,0.02479847775102056,4.2743082132437096e-05,0.007839735445734719,0.03474069553720607,0.0427128456942485,0.06200974800476294,0.26962944354416235,0.02364011448367081,0.1365444549294667,0.3978995674039331
7.0,-1.0,-1.0,5.0,C+,C-,0.005160349472340396,0.16664390766259285,0.0005292526044947257,0.21238551541120537,0.12525659124401575,0.10027857824954894,0.09591833217493158,0.13180042727979718,0.11007355924417116,0.014372370416840934,0.037581116240061115
1.0,7.0,-1.0,6.0,C+,B,0.123395152901486,0.02667492611302676,0.002987136083271605,0.15139261010243635,0.13524226522502264,0.026677830223356246,0.18635292771444062,0.2454917129424178,0.03674248535442307,0.04605893939787115,0.018984013942247652
6.0,9.0,-1.0,9.0,B,B+,0.0009670159541016883,0.007581800825065387,0.0011598765079357096,0.006173297788927324,0.03746367145703581,0.013277612546537537,0.05915441467424919,0.2502376567626887,0.3677288592831823,0.1563921965733716,0.09986359762690462
0.0,4.0,-1.0,5.0,D,C-,0.10810559296870816,0.1322440535322086,0.01000225074463786,0.29219331329443077,0.09834551249918515,0.050492778471416984,0.13886471711546483,0.12072149530681414,0.01849314554176284,0.015783215092719533,0.014753925432651045
4.0,7.0,-1.0,6.0,C-,B,0.12423490668308937,0.02866964345998864,0.002415390190356561,0.15295655358358135,0.1416879796415599,0.02677656230607403,0.17461007247704416,0.24802773609355866,0.03712204926056244,0.04431898024767448,0.019180126056510396
4.0,7.0,-1.0,4.0,C,C-,0.04859392825438732,0.17078419955515342,0.00982426697779392,0.3276181653654819,0.10680419379809804,0.04556282114973476,0.1262051676241686,0.09944334496802587,0.020239447508851975,0.022973274003079087,0.021951190795225027
8.0,7.0,10.0,8.0,B-,B,0.00023928286423931862,0.05711741633274074,7.178840054305173e-05,0.018806592799805382,0.0840752988853972,0.025157506342230587,0.07248091749470459,0.5868903751411287,0.06723265568097216,0.07043406668297275,0.01749409937526563
9.0,7.0,10.0,9.0,B-,B,0.00015498350175003256,0.028529676889385288,4.823428534782702e-05,0.007375019012084878,0.06577558777818009,0.02797835326368194,0.029005983167533025,0.5704021003070066,0.06462900445928976,0.10519721278643936,0.10090384454930093
4.0,7.0,-1.0,3.0,D,C-,0.04859392825438732,0.17078419955515342,0.00982426697779392,0.3276181653654819,0.10680419379809804,0.04556282114973476,0.1262051676241686,0.09944334496802587,0.020239447508851975,0.022973274003079087,0.021951190795225027
10.0,9.0,-1.0,8.0,A,A-,0.0005203702753896963,0.0478296879113942,0.00041571103768261585,0.004631251938737778,0.04747528772799674,0.03339723273820979,0.057140082735758775,0.30349469916958843,0.027397884064948964,0.4037589701404548,0.07393882225983822
8.0,7.0,8.0,8.0,B,B,0.00024195922588769137,0.05647563191440999,7.259134864642817e-05,0.019320318294117896,0.08074535293231713,0.026341096946549767,0.07329161135044039,0.5934547018296277,0.06114509987845079,0.07122186665940854,0.017689769620143472
4.0,4.0,-1.0,4.0,C,C-,0.07245965744498048,0.1454183235640458,0.005469666885496953,0.33796076723920315,0.09732468506744694,0.0794062951735225,0.1154784682527431,0.10352875935175497,0.012780219228385755,0.016657311141282514,0.013515846651137751
7.0,-1.0,-1.0,10.0,B+,A,0.001056750543528687,0.01754635393532865,4.8345429171129514e-05,0.02186343303325142,0.04997990669278091,0.028636312326108176,0.09859796784695694,0.1846871503033043,0.2552083035300588,0.049810773902344,0.29256470245716704
7.0,4.0,-1.0,7.0,C,C-,0.003913354726902736,0.06104157076218256,0.0001333106875689908,0.264664079704598,0.17055052253706213,0.1007985830639378,0.0913534625672884,0.20166112362637703,0.028070868085510358,0.03539928117985875,0.04241384305871335
10.0,10.0,-1.0,7.0,A,C,0.0008041603613664463,0.04901118422822272,0.005832545410744265,0.007041488881383944,0.2644674706783056,0.08713255890406264,0.0937945531869588,0.22195766200069447,0.004805255955235663,0.18364325377733745,0.08150986661568826
7.0,9.0,-1.0,6.0,A,B,0.006099687776231878,0.03663243833595474,0.0011573373640418926,0.06691767700745749,0.17646448761647374,0.03197928937986293,0.09807056177017229,0.36806529472992816,0.06863362333639886,0.10510869472511596,0.04087090795836198
10.0,10.0,-1.0,10.0,A,A,0.0001699928070441639,0.009778207060920464,0.0016834765810819347,0.0011432801520415078,0.036163580467201493,0.021184513056650263,0.03837997380907178,0.18800266408332206,0.014779802148503178,0.1374327780936726,0.5512817317404906
9.0,9.0,-1.0,9.0,A-,B,0.0003691498249982183,0.011210124230813941,0.0002935172769029979,0.0027964105474335287,0.023005542100796555,0.01397168688267028,0.022137413831046438,0.45938393453135895,0.02416250858020285,0.2712177803295798,0.17145193186419644
7.0,0.0,-1.0,7.0,B,B,0.00250070564394228,0.05036965032642769,0.0001125092626983877,0.1250861343037581,0.17427169104185367,0.12617359336461237,0.10276360569486201,0.22070488164949315,0.09938463055710185,0.04625454555013763,0.05237805260511295
7.0,10.0,-1.0,4.0,D+,D,0.002491869467085729,0.24248969046232227,0.025749022741392947,0.07788010263953395,0.21469718366395027,0.048754183092990656,0.14528295543963998,0.13017176614161535,0.029707491248018202,0.04093380472521908,0.041841930378231446
10.0,-1.0,-1.0,7.0,B,C+,0.001876090908328955,0.07911760707128533,5.4733915494893686e-05,0.04702478742638085,0.17724024842122793,0.23219165959729574,0.06738774414426071,0.17041514518829884,0.02949721188792433,0.11125725372781485,0.0839375177116876
3.0,10.0,-1.0,6.0,A-,B-,0.1824925805793527,0.027101772100329644,0.07135148951280697,0.02550892363335738,0.16325420323680245,0.019290926985496417,0.20657794356283662,0.16115110475719294,0.03014198301150543,0.09139190548076055,0.021737167139558713
10.0,-1.0,-1.0,9.0,A-,A,0.001067490267238483,0.03829886869644437,3.166671498934077e-05,0.012210687036169217,0.0687218279456829,0.055160781950443424,0.05872084147288505,0.2058820238682652,0.09277413887437011,0.1421122772951274,0.32501939587838435
10.0,10.0,-1.0,7.0,C,C,0.0008041603613664463,0.04901118422822272,0.005832545410744265,0.007041488881383944,0.2644674706783056,0.08713255890406264,0.0937945531869588,0.22195766200069447,0.004805255955235663,0.18364325377733745,0.08150986661568826
8.0,10.0,-1.0,10.0,B,B,0.000309746269271161,0.00805917539365195,0.0029431333582933556,0.0029632766329148684,0.03837459101399538,0.013672219084765123,0.0629855968303015,0.46769850944843694,0.022334035080410132,0.10460682750873551,0.2760528893792241
7.0,7.0,10.0,7.0,C,B,0.0006554209219375803,0.06895859521919673,0.00014147981556875532,0.06452627139798894,0.21489822508501255,0.08663250778859004,0.11258536315323177,0.2620188893078522,0.09370206006350616,0.061804704335750804,0.03407648291136459
7.0,7.0,10.0,7.0,B,B,0.0006554209219375803,0.06895859521919673,0.00014147981556875532,0.06452627139798894,0.21489822508501255,0.08663250778859004,0.11258536315323177,0.2620188893078522,0.09370206006350616,0.061804704335750804,0.03407648291136459
10.0,10.0,-1.0,9.0,A,A,0.0003233256840146332,0.006837223414674348,0.0011311054722682524,0.006597281954443716,0.050850181338724314,0.009703619676537585,0.029451225932951505,0.2670763348940405,0.04782561293612905,0.21132348834798959,0.36888060034822656
7.0,-1.0,-1.0,7.0,B+,B,0.0010351064754992412,0.04518071079741463,6.109246825873676e-05,0.18956239519572196,0.12564034012654837,0.11400175504314067,0.0787171965654478,0.2703340193402817,0.06332341374265406,0.07556360787806196,0.03658036236697109
3.0,4.0,-1.0,6.0,B,C-,0.20504135399614326,0.030273988428565674,0.0007264213452265163,0.26139961624158936,0.15438396851195083,0.04967206702742541,0.07524229926184577,0.1399112937444132,0.025573907832838,0.042890550615254514,0.01488453299474764
7.0,7.0,-1.0,10.0,A,B,0.00031197431044671024,0.03300186811651372,0.00012968643408295204,0.03422391325159934,0.04461328048067769,0.10122655837259929,0.1212187050471188,0.2754879307251551,0.13582062349923393,0.07520876862835987,0.17875669113421258
7.0,7.0,-1.0,10.0,B-,B,0.00031197431044671024,0.03300186811651372,0.00012968643408295204,0.03422391325159934,0.04461328048067769,0.10122655837259929,0.1212187050471188,0.2754879307251551,0.13582062349923393,0.07520876862835987,0.17875669113421258
5.0,10.0,-1.0,5.0,D,C,0.005710748677211269,0.10235222123574036,0.0678733109237038,0.1386937449207882,0.1844736286563753,0.02519052761236068,0.15863876529635404,0.11678961987035807,0.06157676777048257,0.029109472530788792,0.10959119250583695
6.0,7.0,-1.0,7.0,B-,B,0.0011164311945669587,0.03147198117043362,0.00014741488191043277,0.07683377631294867,0.2515809103725173,0.0847939889298636,0.14620037277509462,0.25348881157645536,0.048019417470059306,0.0744264123322257,0.03192048298392424
7.0,10.0,-1.0,4.0,C,D+,0.002518679239543342,0.07537169710791647,0.155460934673204,0.11389535822392727,0.14821411631073766,0.05288330758153911,0.15287484992302716,0.13077718510038958,0.05206070958708278,0.024431239314713867,0.09151192293791886
10.0,-1.0,-1.0,10.0,A,A,0.0003816253205467492,0.03463539932045294,2.9649674827556198e-05,0.028569402260707394,0.08557607105561495,0.03200165691247793,0.05665668796151704,0.16619724232479313,0.14411993906562093,0.10300566810216441,0.348826658001277
10.0,7.0,-1.0,10.0,B,A,0.00021663813450689128,0.043944474517960956,4.498496322478664e-05,0.010658278531014894,0.08212213336528208,0.053680680106810645,0.05446674529117136,0.25576226726814555,0.0465208212309938,0.11886871032831672,0.3337142662625723
8.0,7.0,-1.0,9.0,B,B,0.00029046957411357446,0.03178388918202608,5.911157101962813e-05,0.02463545841425372,0.034550318900758284,0.03226450923283399,0.196810419688027,0.5424867726493328,0.029503048280681555,0.05709831921523884,0.05051768329171457
0.0,-1.0,-1.0,7.0,C,B,0.049232798358816304,0.04693427270718072,0.00046193443086001016,0.11204490859074337,0.10627289792413376,0.06524695299183102,0.12609550556356497,0.27934664308206386,0.0616699722418325,0.1279005254341971,0.024793588674776417
10.0,10.0,-1.0,10.0,A,A,0.00022328530157372724,0.004692896763555278,0.0007809345021444761,0.004189135737248557,0.034098158810004074,0.00979722935440704,0.020088456943277985,0.18203631483996147,0.032258230029215185,0.10735397783425009,0.6044813798843621
9.0,10.0,-1.0,8.0,C+,B,0.00055777969324959,0.014537406249347878,0.001954472842614453,0.01953860514593031,0.047894831668174744,0.0071883693533470955,0.13849048048374069,0.45731973275795074,0.025140876099547547,0.1603053134399642,0.12707213226613273
7.0,7.0,-1.0,4.0,C-,D,0.0010344319468717467,0.20388446512768518,0.004394650962759295,0.15633169723380339,0.18304355726395108,0.14931567018134564,0.11613294473007894,0.09560385348114092,0.03367752815053954,0.012275911890507111,0.044305289031317224
7.0,7.0,-1.0,7.0,A,B,0.0007293054146515055,0.07558497558881418,0.00015481922056936342,0.11317065229217603,0.19608190429188854,0.1515778869373264,0.10117287255044537,0.21741611985983214,0.028514093085001673,0.06661262782803562,0.04898474293125905
4.0,10.0,10.0,7.0,C,B,0.055436539376767735,0.016405756087505226,0.01697532534918963,0.04328272567076068,0.1097385090464824,0.022683336679816913,0.09858708118931091,0.2856700160822468,0.13624606497336145,0.15720905275370145,0.05776559279085685
10.0,-1.0,-1.0,7.0,C+,B,0.000857868098318423,0.06994528612931793,4.002918234389705e-05,0.09192727012330519,0.24674188100567687,0.06315109009047934,0.046302401139497615,0.28569743122467206,0.0392587705996227,0.0796695703809833,0.07640840202578264
7.0,0.0,-1.0,8.0,B+,B,0.0006880744681147156,0.06496850476355202,6.77656173389666e-05,0.11296043280408175,0.09306622488926337,0.0331382896104185,0.15025475321575676,0.27062913621437495,0.1479186744159825,0.0759127333462077,0.0503954106549088
7.0,7.0,-1.0,7.0,B,B,0.0007293054146515055,0.07558497558881418,0.00015481922056936342,0.11317065229217603,0.19608190429188854,0.1515778869373264,0.10117287255044537,0.21741611985983214,0.028514093085001673,0.06661262782803562,0.04898474293125905
7.0,4.0,7.0,7.0,C+,C,0.0017408322163420665,0.05295308018398892,6.8982681957848e-05,0.1887295460809155,0.29981351009520335,0.04164057533043141,0.0822362007063896,0.2122135404382495,0.047150440282106736,0.04588983029661626,0.027563461687798777
10.0,10.0,-1.0,7.0,B-,C,0.0008454790005679672,0.01789228793818742,0.0016527533460495224,0.022498418534047156,0.27527483075906956,0.026813249305675548,0.04088373660964257,0.23471409893291545,0.017580306590619463,0.17375034392296512,0.18809449506026024
5.0,4.0,-1.0,3.0,F,C-,0.003964385511691372,0.17188528338223116,0.0017359357826700317,0.2988158153199717,0.2640483188765419,0.032096138965494396,0.082697522516165,0.076296035576482,0.018959908767175265,0.007107442520698462,0.04239321278087881
10.0,10.0,-1.0,10.0,A-,A,0.00022328530157372724,0.004692896763555278,0.0007809345021444761,0.004189135737248557,0.034098158810004074,0.00979722935440704,0.020088456943277985,0.18203631483996147,0.032258230029215185,0.10735397783425009,0.6044813798843621
4.0,7.0,7.0,4.0,C,D,0.03857839291806277,0.28032868956922996,0.014142853872270674,0.08140726710815172,0.14272069214947367,0.06744848549538356,0.1281158590909121,0.14774301167552473,0.06293816921388273,0.013623363289555195,0.022953215617552983
7.0,5.0,-1.0,7.0,B,B,0.0019311724888341534,0.04540990602601326,9.823401324936415e-05,0.22095189716537,0.16522716675936472,0.05296680060655552,0.06348691604653482,0.2802495781414435,0.03587390415615841,0.047323476880471,0.08648094771600526
5.0,9.0,-1.0,8.0,B+,B,0.0021899636422437474,0.020718097761096867,0.0012340767369000243,0.05137945440031401,0.04935400475331627,0.0071167798789305925,0.11586974751986273,0.3003430440014845,0.10989149069546181,0.1375009374200949,0.20440240319029446
4.0,1.0,-1.0,4.0,B,D,0.05459242097932572,0.27276487291893486,0.007909180006011611,0.1518668330424906,0.13392359575799836,0.04613591510695616,0.14114370740706747,0.12122847409471121,0.030311991146731786,0.016012817439752414,0.02411019210002003
7.0,7.0,-1.0,7.0,B,B,0.0007293054146515055,0.07558497558881418,0.00015481922056936342,0.11317065229217603,0.19608190429188854,0.1515778869373264,0.10117287255044537,0.21741611985983214,0.028514093085001673,0.06661262782803562,0.04898474293125905
2.0,1.0,-1.0,5.0,B-,D,0.07522905020371343,0.23758201282270966,0.0063405835136182385,0.16165244043426372,0.1281629233660995,0.04702893583596759,0.12441168254100787,0.14118463637893383,0.0366604867261987,0.01891220687742359,0.02283504130006407
7.0,7.0,-1.0,6.0,B,C,0.0013504410148299246,0.05155277559904644,0.000325957829018925,0.17827006950308083,0.19533412585385196,0.18635286995698902,0.10274433737267417,0.14683389617978929,0.05568414382709794,0.0435881160432941,0.03796326682032758
7.0,7.0,-1.0,9.0,B+,B,0.00034623831420269475,0.03685135968987086,0.0001439781311476193,0.04092467169454559,0.052639952673808686,0.07439429676667858,0.1321111902052159,0.3100523181654219,0.15257918501644632,0.10166737483713272,0.09828943450552902
7.0,10.0,-1.0,7.0,C,B,0.0013446106429276239,0.016160255506011217,0.005743138296599148,0.08672971072320497,0.15200970014499793,0.05753796954565309,0.11113602568890966,0.28057191333040254,0.05345595928999662,0.111872648547109,0.12343806828418834
4.0,7.0,-1.0,4.0,C-,D,0.041959123215137915,0.31166608252044836,0.01406239193217817,0.13410309651824512,0.12399528418453057,0.08879426656657712,0.10852959222155437,0.10736394021923916,0.029032841368596324,0.012682785640726914,0.027810595612765932
7.0,4.0,-1.0,1.0,D,C-,0.0027434611484250973,0.11789872905568938,0.0020757152765354422,0.3616786172516086,0.2117229138308834,0.08320586925552052,0.06876874795068845,0.08950418411688899,0.020483496551041577,0.008970276972166015,0.03294798859055278
9.0,-1.0,-1.0,6.0,B,C-,0.0021282455305048553,0.036518003467612,8.947486487315565e-05,0.2799709488060674,0.10202331388726317,0.11513462615714674,0.07310883611583072,0.2570846786943518,0.040416761160002375,0.06139502698184586,0.03213008433450205
7.0,7.0,4.0,5.0,C-,C,0.0011118698899336824,0.20679574656979618,0.00245900194519143,0.09872773371075183,0.21471504831444063,0.11012443048181951,0.13269823038481618,0.11809642367326562,0.06832643628919072,0.014632282918032553,0.032312795822761545
10.0,10.0,-1.0,10.0,B,A,0.00022328530157372724,0.004692896763555278,0.0007809345021444761,0.004189135737248557,0.034098158810004074,0.00979722935440704,0.020088456943277985,0.18203631483996147,0.032258230029215185,0.10735397783425009,0.6044813798843621
9.0,-1.0,-1.0,7.0,A-,B,0.0010011157939314747,0.06078076389567846,4.673593602491962e-05,0.17129145625238643,0.11393982672256744,0.06591653300040884,0.08164730964128591,0.37241453749734454,0.023359795476404245,0.07178417594135562,0.03781774984261223
4.0,8.0,-1.0,3.0,A-,D,0.04005147376390814,0.25407581725665496,0.1392803571511241,0.13631152174207184,0.0808093819113819,0.04422848412933476,0.08331261498243397,0.1281988533791357,0.03866150758991455,0.02524396857957136,0.029826019514468782
7.0,4.0,-1.0,7.0,C-,C-,0.0018219180899989999,0.05089125287821928,6.793622357520722e-05,0.29901531806893583,0.2494608408444823,0.06260688338495053,0.0603457894708777,0.18020204873195034,0.01685320684579448,0.04565864433509601,0.03307616112611926
7.0,10.0,-1.0,4.0,D,D+,0.002518679239543342,0.07537169710791647,0.155460934673204,0.11389535822392727,0.14821411631073766,0.05288330758153911,0.15287484992302716,0.13077718510038958,0.05206070958708278,0.024431239314713867,0.09151192293791886
7.0,10.0,-1.0,8.0,A-,B,0.0006602274467896518,0.012764381920203434,0.0050536770990403206,0.033537958392650564,0.05133798578285143,0.01331604718205362,0.15218674954983355,0.3618845422292423,0.11370440536836023,0.10324844401972971,0.15230558100924504
4.0,10.0,-1.0,4.0,D,D+,0.07612694257118785,0.13932364777941245,0.23444569738261667,0.08922888666784247,0.0918375506997264,0.03453183920124254,0.12209931879768511,0.0959526052598133,0.033769633094137025,0.03378063488551748,0.04890324366081886
10.0,-1.0,-1.0,10.0,A,A,0.0003816253205467492,0.03463539932045294,2.9649674827556198e-05,0.028569402260707394,0.08557607105561495,0.03200165691247793,0.05665668796151704,0.16619724232479313,0.14411993906562093,0.10300566810216441,0.348826658001277
10.0,-1.0,-1.0,7.0,C,B,0.000857868098318423,0.06994528612931793,4.002918234389705e-05,0.09192727012330519,0.24674188100567687,0.06315109009047934,0.046302401139497615,0.28569743122467206,0.0392587705996227,0.0796695703809833,0.07640840202578264
9.0,7.0,-1.0,8.0,B,B,0.00032764219371570966,0.08484129132512935,6.817800817265004e-05,0.031114260180088785,0.07278007176501235,0.023022315867825733,0.22630060025831378,0.3932650088891331,0.02080453323666533,0.0985748085605449,0.04890128971539832
3.0,7.0,-1.0,6.0,B-,B,0.10080047830946474,0.05358026139710117,0.0017219417227866435,0.16687682059276135,0.13115767578890317,0.10755687094395922,0.11987765707411588,0.18041976465657347,0.059632570769242034,0.05300125440954914,0.025374704335543088
3.0,4.0,-1.0,8.0,B-,B,0.057139466781017265,0.0691517814578709,0.0005779963635480053,0.14974964338296667,0.1138727901370121,0.01921366624006166,0.16944580497003556,0.22780595819096158,0.06067637685050061,0.10161164259990244,0.030754873026122953
10.0,10.0,10.0,10.0,A,A,0.00020127732198427803,0.004464280924933261,0.0007650385698910144,0.002876868533783266,0.0389932032468314,0.007193390322578572,0.023229600734432046,0.2220745689756957,0.09085539147607614,0.10623568710349449,0.5031106927902999
5.0,10.0,-1.0,7.0,D+,B,0.002879798224716043,0.01705598098142293,0.005466797637171497,0.10247017617788484,0.17382138827401925,0.0248039940356082,0.14107777482142436,0.21684085926111626,0.057304463020339466,0.1145984251862185,0.14368034238007868
-1.0,-1.0,-1.0,9.0,B,B-,0.020012657122790642,0.04275523497512513,0.0004092482986115717,0.05995838672011718,0.053113774715318966,0.03447081361771626,0.19914841147084816,0.19160077979532064,0.16640054641006188,0.1837011813492476,0.048428965524842
0.0,4.0,-1.0,4.0,C-,C-,0.10037679078338013,0.21981794538314256,0.007604210043309688,0.22185951998126024,0.16524830144992758,0.057253873689581,0.07884205536532556,0.10028505133365602,0.01629695090462387,0.01204412810094911,0.0203711729648443
4.0,7.0,-1.0,4.0,C-,D,0.041959123215137915,0.31166608252044836,0.01406239193217817,0.13410309651824512,0.12399528418453057,0.08879426656657712,0.10852959222155437,0.10736394021923916,0.029032841368596324,0.012682785640726914,0.027810595612765932
5.0,4.0,-1.0,7.0,C,C,0.0037542836436741814,0.040028260529653054,8.495962364343927e-05,0.25315940723675434,0.3222022433866868,0.023193130658043983,0.08528070444338644,0.1665860319147545,0.020262010138173536,0.04124755198481557,0.04420141644041414
8.0,7.0,-1.0,10.0,A-,B,0.0002748736331167685,0.02989377570305922,5.5919537378749414e-05,0.021451673381286458,0.030753139249871556,0.04573742789551802,0.18801951612026985,0.5083154969757733,0.02691829741123866,0.04388688131553848,0.1046929987769488
4.0,7.0,-1.0,7.0,C,B,0.010492798864983536,0.056278897540660296,0.0018016614965081826,0.1038515738948501,0.1147488532567341,0.06514553507310576,0.18795773259647813,0.30260918867110587,0.023473351606624438,0.09031530856992938,0.04332509842902029
5.0,7.0,-1.0,6.0,C,C-,0.013961718026964349,0.05377492734047947,0.00147928052414427,0.26834670808392586,0.0920118131953535,0.029033914941788676,0.17537921598312037,0.16151948761827595,0.12651323141813495,0.02507613257557514,0.052903570292237544
6.0,0.0,-1.0,5.0,C-,C,0.02104705705541558,0.14057919050429046,0.00024815318471104375,0.14480446530412422,0.20832577209777176,0.07870273710002322,0.09527694837402872,0.17909539066635016,0.0878193348309106,0.016828540744629267,0.027272410137745177
10.0,10.0,-1.0,9.0,B,A,0.0002563151917355961,0.011347411896116055,0.0025847844830591,0.008890042357308508,0.06498419048731344,0.02052900085885568,0.033348797399617394,0.23012480943581076,0.042342343996767035,0.18477235315865975,0.40081995073475674
7.0,10.0,10.0,7.0,B+,C,0.0005500732009739124,0.028955871146506166,0.027200923100255018,0.040881979392200986,0.2992450409740767,0.07552165721459635,0.10653630862324955,0.24451825436407035,0.03867707304290541,0.07607917122949102,0.06183364771167456
4.0,7.0,-1.0,7.0,B,B,0.010492798864983536,0.056278897540660296,0.0018016614965081826,0.1038515738948501,0.1147488532567341,0.06514553507310576,0.18795773259647813,0.30260918867110587,0.023473351606624438,0.09031530856992938,0.04332509842902029
6.0,-1.0,-1.0,7.0,B-,B,0.00441801526062511,0.035303062947069475,0.00025775055649398046,0.0499777027222687,0.20190975288586524,0.09537620622426177,0.09072278334835432,0.3490327844146722,0.08217584117082359,0.06834337401991838,0.022482726449647075
9.0,-1.0,-1.0,7.0,B,B,0.001982844356239988,0.04311846058586663,7.430454862737297e-05,0.08163200644914445,0.12779554578845798,0.16111558059313802,0.05837353157727654,0.3203499060825846,0.02064602040913744,0.15769496975089167,0.027216829858635053
7.0,10.0,-1.0,10.0,B,A,0.00034692757937232065,0.010092133367036609,0.01070298324965707,0.01814832067892057,0.032276260593936075,0.03375893821419684,0.06896887341270305,0.3067411518124038,0.07449170926877104,0.11148537697781183,0.3329873248451907
10.0,7.0,-1.0,10.0,B-,A,9.532884494340651e-05,0.018198395744485608,2.908883848414533e-05,0.011430981582402872,0.04692828961590575,0.027422090294766544,0.033441170833065456,0.27982790386327233,0.05327703034047749,0.10976789577876087,0.41958182426343554
6.0,4.0,-1.0,4.0,B,C-,0.02432458902080116,0.18869050980637386,0.0009648441322211385,0.29752593885514916,0.21702488773985695,0.05854669269895333,0.06613404681110689,0.09142976693379742,0.028565994812816218,0.008060687622094258,0.018732041566829748
10.0,7.0,-1.0,10.0,A-,A,9.532884494340651e-05,0.018198395744485608,2.908883848414533e-05,0.011430981582402872,0.04692828961590575,0.027422090294766544,0.033441170833065456,0.27982790386327233,0.05327703034047749,0.10976789577876087,0.41958182426343554
8.0,7.0,10.0,4.0,B,C-,0.0016077455479762835,0.11429240087274994,0.0007236745866552654,0.24188516679884026,0.20534673517649832,0.062345766376067285,0.12137722477194515,0.19723890715252526,0.02065964567628473,0.01742581927915746,0.017096913761300066
3.0,1.0,-1.0,6.0,B-,B,0.15969382747719038,0.05622797607647413,0.00044738173592527624,0.11071185350228095,0.0986488267317207,0.030282191662886995,0.16172144185617432,0.29323662190542016,0.029085542258712828,0.038973984578531025,0.020970352214683272
7.0,7.0,-1.0,7.0,C,B,0.0002930227226075917,0.06737984345451684,0.00031980210365760875,0.08047773133478163,0.13935505338031984,0.12545313341294084,0.13104585736877059,0.3044462294113328,0.030922478502578035,0.0685155174726404,0.051791330835853695
7.0,10.0,-1.0,7.0,C,B,0.0007326352489785529,0.04044010573810557,0.032545011125615184,0.0541583849183173,0.1714785542322755,0.10066291543606529,0.14005633203569057,0.24034291690613646,0.026290186675602373,0.1043879303638182,0.08890502731939517
-1.0,-1.0,-1.0,10.0,B-,B,0.0210174804517317,0.03475617158488167,0.0004479548715344731,0.04327476786139161,0.0719693681602898,0.02606471986191938,0.10782757215207664,0.30723136577123705,0.1664348300801259,0.10392289504220323,0.11705287416260844
7.0,0.0,-1.0,5.0,B,C-,0.013385836588577088,0.1570608079720962,0.0002584536007275322,0.20404870400816824,0.16228294190146356,0.1366791753646841,0.07034242753276222,0.1474316201165486,0.05634939875367344,0.016707856271215626,0.03545277789008369
10.0,-1.0,-1.0,10.0,A,A,0.0010439855455091017,0.017835663396231077,2.549629622992391e-05,0.022935636714355966,0.07993673126556436,0.03453282437531617,0.02535245845784051,0.1678347018057695,0.13174578457705813,0.12169493584420445,0.3970617817219207
4.0,6.0,-1.0,6.0,B,B,0.11404315479411194,0.033477226782472246,0.0008082427517045565,0.14821005687087396,0.07396324995897757,0.024252209410670553,0.11354674139799881,0.32199794140650195,0.057158136950369254,0.04264576473700108,0.06989727493931798
6.0,9.0,-1.0,7.0,A-,B,0.0019036881170095689,0.026395112226779618,0.0007452115678648794,0.03367098394166662,0.11310582689515328,0.04802904939858601,0.12423808600884717,0.3824281305804801,0.07909473548513418,0.1261655655102248,0.0642236102682538
7.0,7.0,-1.0,7.0,A,B,0.0002930227226075917,0.06737984345451684,0.00031980210365760875,0.08047773133478163,0.13935505338031984,0.12545313341294084,0.13104585736877059,0.3044462294113328,0.030922478502578035,0.0685155174726404,0.051791330835853695
-1.0,-1.0,-1.0,6.0,A-,B,0.14191615912439132,0.03470362935591439,0.00039749791866572207,0.09360943189504436,0.10766520126326222,0.04754243841129122,0.10336294550796796,0.32371827247189044,0.05120610038903863,0.07280561756275528,0.023072706099778465
4.0,4.0,-1.0,3.0,B-,C-,0.12294874503971007,0.2316410736938109,0.00225423795160803,0.25313740883513997,0.1680632048638289,0.03685289638035009,0.05721466832132133,0.08703106963537045,0.008841613435861165,0.011994920635304976,0.02002016120769401
10.0,7.0,-1.0,9.0,B,B,0.0001330362352001184,0.025414985136023194,4.062471274694744e-05,0.01609322938846188,0.06990423237312819,0.030515407462629165,0.05712326335453555,0.3364197575120679,0.09483369382231245,0.13967713464462642,0.22984463535826824
10.0,10.0,-1.0,9.0,A-,A,0.0002563151917355961,0.011347411896116055,0.0025847844830591,0.008890042357308508,0.06498419048731344,0.02052900085885568,0.033348797399617394,0.23012480943581076,0.042342343996767035,0.18477235315865975,0.40081995073475674
4.0,0.0,-1.0,3.0,D,D,0.11249848519680633,0.2185482545572777,0.0025619148374694716,0.15759370730927635,0.1728287193444856,0.05719933745930147,0.06808576456280362,0.13870640154192002,0.01997628085495533,0.022790627080064105,0.029210507255639902
7.0,1.0,-1.0,1.0,C,C-,0.014772459774592392,0.23073638677509,0.0011302295286751071,0.23883626068755773,0.14372485101904034,0.11343138632695103,0.08066385049000399,0.10804643557597458,0.025634432273970203,0.013152090827710837,0.02987161672043377
3.0,8.0,-1.0,5.0,D+,D,0.0549276468581147,0.20169770601128278,0.0017030439071509494,0.1783792139462113,0.11231402261382635,0.024052600760525157,0.10363114443317951,0.14001154090296264,0.040840446993972816,0.09989547837175394,0.042547155201019864
7.0,7.0,-1.0,7.0,C-,B,0.0002930227226075917,0.06737984345451684,0.00031980210365760875,0.08047773133478163,0.13935505338031984,0.12545313341294084,0.13104585736877059,0.3044462294113328,0.030922478502578035,0.0685155174726404,0.051791330835853695
5.0,7.0,-1.0,3.0,D,C-,0.010994575039812242,0.2313656062636077,0.0068850645155500165,0.34564166263910673,0.1347324058445869,0.03163477954540882,0.08112755839789265,0.06148337352426654,0.04223510729498047,0.00961780027989793,0.04428206665489003
6.0,4.0,4.0,7.0,C,C,0.004779516111570217,0.045530915065150675,0.00027656408877149285,0.09377073818392986,0.38594059154033394,0.05675277421194908,0.09530388478482633,0.24180444870903056,0.03636222424409293,0.02536965883331903,0.014108684227025636
7.0,10.0,-1.0,8.0,B,B,0.0005126598551625665,0.02724598924167704,0.015923006998620703,0.02602785270879441,0.07736815942783119,0.05196565261581628,0.21160386856625943,0.23904502979687853,0.13240254412550787,0.09551793036360304,0.12238730629984894
9.0,7.0,-1.0,5.0,C+,C-,0.0016867071355515404,0.1826436808187114,0.00018353552868822275,0.2299035952644498,0.13532026625371965,0.0753563861491851,0.103987952332876,0.16475997124691039,0.019954685535026138,0.047492869967388274,0.0387103497674934
9.0,10.0,-1.0,8.0,B,B,0.0003944666274647398,0.027360187560663052,0.003997410433958378,0.021226269484020614,0.06658748069972646,0.041641618074086395,0.18633589340724804,0.2951973244501753,0.039616969435515445,0.20744695313852926,0.11019542668861215
4.0,6.0,-1.0,4.0,C-,C-,0.0980713294399989,0.19162436473249353,0.00439952534426391,0.23340517365624147,0.12639646122451959,0.03281281205003532,0.06473689658816312,0.1365918132573629,0.02325405221499865,0.01911825977755127,0.06958931171437122
3.0,10.0,-1.0,5.0,D,D,0.11652115506580472,0.18185235723981097,0.054075184917384306,0.09915657884256092,0.15131502694901994,0.0271839368466407,0.1397336468612532,0.09305937685943849,0.02311221642465334,0.0694143478790546,0.04457617211437893
-1.0,-1.0,-1.0,7.0,B+,B,0.033641238641841466,0.04394519111847808,0.0009525832071517013,0.0604904329517986,0.17072273706817798,0.0593430834057173,0.08877286097087912,0.38690644414404535,0.02905944692265819,0.09846019207279855,0.027705789496453543
10.0,10.0,-1.0,10.0,A,A,0.0001549435520777248,0.006854642988244049,0.0015613676996610458,0.005327076449062917,0.036906529393723235,0.015560765731193797,0.016469993114108877,0.16328316499490103,0.01956347921624489,0.1254285964293503,0.6088894404314321
7.0,4.0,-1.0,7.0,C-,B,0.003497445056743078,0.07751850008853037,0.0002053734054817438,0.184970296054166,0.22747434481649173,0.11767295648126347,0.07289567105244825,0.22984029030974848,0.0205902394315775,0.03503063285719958,0.030304250446349795
7.0,-1.0,-1.0,7.0,C-,B,0.0025456144625886023,0.0475378348875136,0.0001678886421353965,0.07488051624983415,0.16873007844479054,0.18809626018166387,0.0647152713926166,0.29989222053910103,0.05587939365540007,0.06519455725473745,0.03236036428961857
10.0,-1.0,-1.0,10.0,A,A,0.0010439855455091017,0.017835663396231077,2.549629622992391e-05,0.022935636714355966,0.07993673126556436,0.03453282437531617,0.02535245845784051,0.1678347018057695,0.13174578457705813,0.12169493584420445,0.3970617817219207
7.0,10.0,-1.0,10.0,B+,A,0.00034692757937232065,0.010092133367036609,0.01070298324965707,0.01814832067892057,0.032276260593936075,0.03375893821419684,0.06896887341270305,0.3067411518124038,0.07449170926877104,0.11148537697781183,0.3329873248451907
3.0,4.0,-1.0,6.0,C-,B,0.2000082458594411,0.049098767099299036,0.0004327916543040302,0.20247633297660836,0.12254987787445787,0.029150600316761983,0.10839560537883453,0.2171806392012716,0.023103500697057758,0.029016720496085092,0.018586918445878443
4.0,0.0,-1.0,6.0,C+,B,0.14532614996047014,0.04821379518521045,0.00043899203621797895,0.11686611087041586,0.12224566139224459,0.03854284885578019,0.10530934386922204,0.3039963934768677,0.04635048733004382,0.04906835022036854,0.02364186680315864
4.0,5.0,-1.0,6.0,B,B,0.21923273679084482,0.033218564373185544,0.0006123752107949083,0.14633108842388215,0.08001152978894709,0.022723013196262718,0.09786120259652147,0.2704393751472338,0.053110431006754624,0.03174816532011088,0.044711518145462044
7.0,4.0,-1.0,8.0,A-,B,0.003024337585099112,0.07188037152089091,0.0001187949044870626,0.10190808406918493,0.14450255262832493,0.047965058113471376,0.18266884421084614,0.19661309516090333,0.17869462315339207,0.03210095510318311,0.04052328355021685
0.0,4.0,-1.0,0.0,C+,C-,0.13082833694231374,0.22672000132566023,0.0022239104805643448,0.24973181563631863,0.16580216051605673,0.03635709461858234,0.05970835788089932,0.088038810503311,0.008722662472736674,0.012116030371925443,0.01975081925163159
7.0,7.0,-1.0,8.0,B,B-,0.00019209327361022967,0.043218493375032745,0.00014601173517741863,0.033177349598813105,0.0625346803934964,0.05562801560948327,0.23743776461011445,0.23708477649338128,0.2274260398692078,0.04696678449140304,0.05618799055028016
7.0,7.0,7.0,5.0,D,C,0.0015655943647055572,0.12676313483493112,0.00038730102680604024,0.17512695286086066,0.2667695717203313,0.07103326197694332,0.09724322472418741,0.15303088527099704,0.05992660426610941,0.014264624320840982,0.0338888446332871
7.0,4.0,4.0,1.0,B-,C-,0.012355037412989498,0.14567908713765979,0.0009274575281041541,0.37421298214337684,0.23566038823300264,0.07413342439541126,0.04510313335868585,0.07071723501032157,0.016840957603631402,0.006531899452016403,0.017838397724800815
10.0,10.0,-1.0,10.0,A,A,0.0001549435520777248,0.006854642988244049,0.0015613676996610458,0.005327076449062917,0.036906529393723235,0.015560765731193797,0.016469993114108877,0.16328316499490103,0.01956347921624489,0.1254285964293503,0.6088894404314321
7.0,9.0,-1.0,9.0,A,B,0.0005074412507599042,0.009911289331600567,0.00021072956477305563,0.015839594037455742,0.02563533140367751,0.016839977589842424,0.04767064880355424,0.3863707567487247,0.21474936592191277,0.12241344141291409,0.15985142393478494
7.0,3.0,8.0,4.0,B+,C-,0.012026143371357552,0.1180918502428034,0.0009197301165869638,0.31897758732209125,0.28480865707569547,0.09178618344998492,0.03909927077364752,0.08929140860351546,0.020408842991498654,0.006645538629836092,0.017944787422982868
10.0,10.0,-1.0,9.0,A,A,0.0002563151917355961,0.011347411896116055,0.0025847844830591,0.008890042357308508,0.06498419048731344,0.02052900085885568,0.033348797399617394,0.23012480943581076,0.042342343996767035,0.18477235315865975,0.40081995073475674
4.0,3.0,-1.0,0.0,C-,C-,0.12294874503971007,0.2316410736938109,0.00225423795160803,0.25313740883513997,0.1680632048638289,0.03685289638035009,0.05721466832132133,0.08703106963537045,0.008841613435861165,0.011994920635304976,0.02002016120769401
4.0,7.0,-1.0,7.0,F,B,0.010492798864983536,0.056278897540660296,0.0018016614965081826,0.1038515738948501,0.1147488532567341,0.06514553507310576,0.18795773259647813,0.30260918867110587,0.023473351606624438,0.09031530856992938,0.04332509842902029
5.0,7.0,-1.0,6.0,C,C-,0.013961718026964349,0.05377492734047947,0.00147928052414427,0.26834670808392586,0.0920118131953535,0.029033914941788676,0.17537921598312037,0.16151948761827595,0.12651323141813495,0.02507613257557514,0.052903570292237544
