Calculus and Analytic Geometry II,Calculus and Analytic Geometry I,Trigonometry and Analytic Geometry,College Algebra,Intermediate Algebra,Mathematical Problem Solving,Elementary Algebra,Basic Algebra,Precalculus,General Physics I,Fundamentals of Engineering Analysis Tools,cumulative_gpa,prev_term_gpa,struggle,term_difference,General Physics II,predicted score,F,D,D+,C-,C,C+,B-,B,B+,A-,A
7.0,7.0,-1.0,-1.0,10.0,-1.0,-1.0,-1.0,10.0,8.0,-1.0,3.8125,3.8125,G,120.0,B,B,0.0015110005312881359,0.0012679079873746753,0.012909753905130357,0.0008821511006983631,0.12163313297218598,0.011570811575427553,0.01200669620058026,0.6901133684989074,0.00726529245405642,0.003995486365212183,0.13684439840913867
1.0,-1.0,-1.0,-1.0,-1.0,-1.0,-1.0,-1.0,-1.0,4.0,-1.0,1.5,1.5,S,40.0,C,F,0.18846091997951006,0.05478904677228672,0.006077468288531819,0.080670657280589,0.15397889222141986,0.12431172722851781,0.12576215684144323,0.11910141357363628,0.08138323133352444,0.03869140868841276,0.02677307779212809
0.0,1.0,-1.0,-1.0,-1.0,-1.0,-1.0,-1.0,-1.0,8.0,-1.0,2.886666667,2.886666667,S,90.0,C+,A,0.08644917799027081,0.08129224335436191,0.002482275693409217,0.02648323372609967,0.10628181645538151,0.08077367521900629,0.18393085302337558,0.1469269579845754,0.02717120377947915,0.06529101186893747,0.192917550905103
3.0,7.0,-1.0,-1.0,-1.0,-1.0,-1.0,-1.0,-1.0,3.0,-1.0,3.1,3.1,G,60.0,C-,C-,0.10392668003584413,0.04528075284504658,0.0014570726418826926,0.311465848342123,0.07277011564623641,0.14992422768858688,0.07667562505251005,0.16346624177579372,0.011905837095779146,0.014201023989978141,0.048926574886219446
-1.0,1.0,-1.0,-1.0,-1.0,-1.0,-1.0,-1.0,-1.0,-1.0,-1.0,2.673333333,2.673333333,S,60.0,B+,C-,0.14649853213332908,0.03790091646099992,0.024869631718522626,0.34491208521793004,0.11203708436238283,0.07563475053381334,0.13717925592235275,0.09084797979866617,0.0027167462234626663,0.007000169442946783,0.020402848185593778
6.0,6.0,-1.0,-1.0,-1.0,-1.0,-1.0,-1.0,-1.0,8.0,-1.0,3.04375,3.04375,G,40.0,B-,B,0.04948386488550653,0.028183107267023246,8.281401748535099e-05,0.0640058214614809,0.078237568761521,0.1157135167798983,0.07469436097159506,0.2396658290463481,0.10406809524236213,0.04703447492794441,0.19883054663883507
7.0,8.0,4.0,-1.0,-1.0,-1.0,-1.0,-1.0,-1.0,7.0,-1.0,2.41875,2.41875,G,60.0,B,A-,0.10961072873536565,0.030847141889958834,0.000257230193852189,0.03562801693224088,0.03411876459070152,0.08995438639077655,0.04011323038496831,0.18342499476379745,0.18769207539418548,0.196869904293799,0.09148352643035408
5.0,7.0,-1.0,-1.0,10.0,-1.0,-1.0,-1.0,4.0,3.0,-1.0,3.925,3.925,G,70.0,C,B,0.0042356431499490825,0.011731992501280153,0.0010908338990969937,0.05881883835976812,0.07237292645798038,0.02132815796156204,0.017979521803055044,0.6852857982587657,0.0017672545263654445,0.015096654115993082,0.11029237896618387
-1.0,-1.0,-1.0,-1.0,-1.0,-1.0,-1.0,-1.0,-1.0,8.0,-1.0,3.721875,3.7125,G,20.0,A,A,0.06054758935458866,0.01361460077090896,4.3144084386452665e-05,0.10621499305598699,0.049201188520883,0.0242943096859614,0.0859735329191937,0.2443435315177588,0.007557780387405494,0.056781558378200765,0.3514277713247256
6.0,10.0,-1.0,-1.0,-1.0,-1.0,-1.0,-1.0,-1.0,7.0,-1.0,3.75625,3.75625,G,70.0,B,A,0.04244140520124846,0.04204389009830404,0.00016519103030725258,0.11929740275038014,0.06241412771866382,0.12939879683375805,0.08365962871188784,0.2248830271114222,0.030970513920892118,0.029717517976709427,0.23500849864642678
10.0,10.0,-1.0,-1.0,-1.0,-1.0,-1.0,-1.0,-1.0,10.0,-1.0,4.0,4.0,G,120.0,A,A,0.007903724728031322,0.034527682609299795,0.0001568738217221429,0.009372590833960732,0.07356029705494002,0.1660549374605747,0.09034088826181053,0.17602353618367972,0.08617687384682708,0.017009479484619942,0.338873115714534
4.0,7.0,-1.0,-1.0,-1.0,-1.0,-1.0,-1.0,-1.0,10.0,-1.0,3.466666667,3.466666667,G,90.0,B-,A,0.0436684486760239,0.06515160604632107,0.00020866207772960064,0.026341980289845447,0.05827853446538053,0.13209692761801806,0.08561953027393952,0.20745709701015572,0.04875404551687902,0.058622321770774956,0.2738008462549321
4.0,4.0,-1.0,-1.0,-1.0,-1.0,-1.0,-1.0,4.0,10.0,-1.0,2.673333333,2.673333333,G,60.0,C-,B,0.07548028927787187,0.006445337620139226,0.001787041293273913,0.009386017745880154,0.14385517514144744,0.07535085224474973,0.06594730802895607,0.27806646433611504,0.15227512863865048,0.021913170294750383,0.1694932153781657
4.0,-1.0,-1.0,-1.0,-1.0,-1.0,-1.0,-1.0,-1.0,4.0,-1.0,2.375,2.375,G,30.0,B,B,0.07864123729973309,0.018986793011441058,0.0009420932252653067,0.12540580734577755,0.16193279482434242,0.14459946685790567,0.10501871614217988,0.22159856996749058,0.0676786598035032,0.016702647356496514,0.058493214165864615
10.0,-1.0,-1.0,-1.0,-1.0,-1.0,-1.0,-1.0,-1.0,9.0,-1.0,3.925,3.925,G,60.0,A,A,0.0028560749393233705,0.0031422402324936907,2.927081560063262e-05,0.006172532171019164,0.12221036516175428,0.044990430983295415,0.10647654033511106,0.20630751865046001,0.08555715397343282,0.007927691343119788,0.4143301813943897
4.0,4.0,-1.0,-1.0,-1.0,-1.0,-1.0,-1.0,-1.0,4.0,-1.0,3.176470588,3.176470588,G,40.0,F,C-,0.06984537742142077,0.023295699005564427,0.00047128004279911026,0.23465395101812592,0.09866356430173012,0.11228338455670323,0.09508505377507104,0.2216194291543479,0.022538982154583862,0.017171066647960663,0.10437221192169284
6.0,8.0,-1.0,-1.0,-1.0,-1.0,-1.0,-1.0,9.0,10.0,-1.0,3.361111111,3.361111111,G,120.0,C+,B,0.03586245257029418,0.001184992589371382,0.060226773039875774,0.0021103198680540807,0.2420172277417046,0.05971870462909965,0.06585871536744603,0.2725280858469432,0.08330547188074043,0.0022578117533765736,0.1749294447130941
7.0,-1.0,-1.0,-1.0,-1.0,-1.0,-1.0,-1.0,-1.0,7.0,-1.0,3.333333333,3.333333333,G,70.0,B+,B,0.013178168083681255,0.011032192360093883,0.0003503648658099469,0.01983823493181665,0.16864921746229403,0.10824708594114237,0.13869294704299934,0.23073072559660046,0.07207139103254565,0.010837605908145899,0.2263720667748705
5.0,-1.0,-1.0,-1.0,-1.0,-1.0,-1.0,-1.0,-1.0,8.0,-1.0,2.5533333330000003,2.5533333330000003,G,70.0,A,B,0.03568171378152735,0.02703545981735038,0.000691614047534739,0.015471034979156846,0.15204591946446605,0.165585660708736,0.11260102339869411,0.2075207298944291,0.14043469032542238,0.025337776823578614,0.11759437675910438
1.0,4.0,7.0,-1.0,-1.0,-1.0,-1.0,-1.0,-1.0,6.0,-1.0,3.625,3.625,G,120.0,C,A-,0.12734534562769362,0.03222466900162853,0.002150402900809434,0.03630996039391568,0.01814597304205997,0.029203819661960433,0.0666524565027897,0.18289309975684215,0.007244277943059103,0.2819101799896393,0.21591981517960218
10.0,8.0,9.0,10.0,-1.0,-1.0,-1.0,-1.0,-1.0,10.0,-1.0,4.0,4.0,G,70.0,A,B,0.0002373512006939812,0.0011031004855550637,4.7477251208742906e-07,0.13568789386518565,0.0902203143292848,0.021866952544340373,0.0011448651309769685,0.40009095176066384,0.2879234135621507,0.011659081109524554,0.050065601239112016
4.0,-1.0,-1.0,-1.0,-1.0,-1.0,-1.0,-1.0,-1.0,5.0,-1.0,3.0,3.0,G,70.0,B,B,0.0423739199404053,0.02320341110189929,0.0017395542423618425,0.06525506103857062,0.1757731280499432,0.15403871713963593,0.1487778627273884,0.2287035573620689,0.036915821697259585,0.012368332154653126,0.11085063454581379
-1.0,-1.0,-1.0,-1.0,-1.0,-1.0,-1.0,-1.0,-1.0,9.0,-1.0,3.472340426,3.635714286,G,30.0,B,A,0.06412877028481274,0.018567816229929313,5.3124708769609526e-05,0.061923848262737835,0.04909064989546312,0.030289840380888937,0.08139683383623068,0.2502628274913954,0.011618112959162274,0.0740018194038018,0.35866635654680823
3.0,7.0,4.0,-1.0,-1.0,-1.0,-1.0,-1.0,-1.0,6.0,-1.0,2.642857143,2.642857143,G,100.0,C-,F,0.19350991291905562,0.07702046159238404,0.0027232452847752255,0.05406409552556026,0.03482272486737839,0.1211375465938745,0.058377287094848775,0.16912731023188826,0.044549364994578934,0.17566050791950533,0.0690075429761505
1.0,4.0,-1.0,-1.0,-1.0,-1.0,-1.0,-1.0,4.0,5.0,-1.0,2.1875,2.1875,S,70.0,C+,F,0.21010069580422994,0.014203710514184523,0.060045979346937305,0.04329403589980213,0.20405429535195924,0.07730247123846656,0.11979137878553794,0.16310221879742756,0.04509133926992354,0.013375176507648875,0.04963869848388223
7.0,7.0,-1.0,-1.0,-1.0,-1.0,-1.0,-1.0,7.0,7.0,-1.0,3.453846154,3.453846154,G,100.0,B-,B,0.03274228859110546,0.001486638880887971,0.0326761778423521,0.009935874178327501,0.26925806706401717,0.07536595703378192,0.08612586302095791,0.28486704716125344,0.057476383021572645,0.0017916219355574544,0.14827408127018643
-1.0,-1.0,-1.0,-1.0,-1.0,-1.0,-1.0,-1.0,-1.0,9.0,-1.0,3.581395349,3.464285714,G,10.0,A-,A,0.06614356805494959,0.01366657272043854,2.3201079109742134e-05,0.0849330039599533,0.04449431099389676,0.022344040024350715,0.07671096346745393,0.24007951939083233,0.012198826004227378,0.08213942557020446,0.35726656873458335
10.0,7.0,-1.0,-1.0,-1.0,-1.0,-1.0,-1.0,-1.0,10.0,-1.0,3.625,3.625,G,70.0,A-,A,0.00902061891417573,0.014905275280763769,3.3448256795303265e-05,0.011582286087666087,0.07592184067030014,0.09759142444827151,0.07398156146743835,0.2016164985588222,0.15039336194612934,0.023870211286056993,0.34108347308358067
5.0,7.0,7.0,-1.0,-1.0,-1.0,-1.0,-1.0,-1.0,4.0,-1.0,3.176923077,3.176923077,G,90.0,B,A-,0.1476722119585507,0.0252540827655301,0.001503427569328646,0.08838344165342953,0.02650361456596083,0.05049235760589213,0.058723393193004216,0.21216315349079568,0.028052580772511743,0.22899731005571758,0.13225442636927887
-1.0,-1.0,-1.0,-1.0,-1.0,-1.0,-1.0,-1.0,-1.0,4.0,-1.0,1.956521739,1.636363636,S,10.0,F,F,0.2275230454724516,0.03926337157739733,0.0015798414649726216,0.18003628348291548,0.10908190601604385,0.060961271041389015,0.11875453104633928,0.126159408628207,0.036872599491679946,0.056882873308881005,0.042884868469722955
6.0,9.0,4.0,-1.0,-1.0,-1.0,-1.0,-1.0,-1.0,8.0,-1.0,3.13125,3.13125,G,90.0,B+,A-,0.08329061509389932,0.04233725831614667,0.00031688525326376596,0.02928510054067675,0.029210363402038354,0.08039757755548119,0.05284231003385111,0.19975285421189037,0.08066683768714933,0.20845813634897395,0.1934420615566291
4.0,4.0,-1.0,-1.0,-1.0,-1.0,-1.0,-1.0,7.0,4.0,-1.0,3.5375,3.5375,G,40.0,D,B,0.06696057341758174,0.0006128174358405318,0.013856590736694515,0.0787332547772293,0.23636868636408218,0.03018845446875543,0.08227335160438373,0.32874341414614655,0.01565007967202043,0.0017376180042228337,0.1448751593730428
-1.0,-1.0,-1.0,-1.0,-1.0,-1.0,-1.0,-1.0,-1.0,10.0,-1.0,4.0,4.0,G,90.0,A,A,0.03286979209301355,0.030724916382892167,0.00024812092100602286,0.02101322210244695,0.056359530738032224,0.04369648060114358,0.12067797547832096,0.2101831127574593,0.006630894800623036,0.044097811994876036,0.43349814213018617
4.0,-1.0,-1.0,-1.0,-1.0,-1.0,-1.0,-1.0,-1.0,-1.0,-1.0,3.0,3.0,G,30.0,F,C-,0.05153196804284233,0.008057382457799417,0.0027078249769800105,0.36746808993450913,0.15462494883881267,0.09738471458370769,0.10832839300288243,0.16755681479164095,0.007859651900563439,0.0026801475653827895,0.03180006390487909
4.0,7.0,-1.0,-1.0,-1.0,-1.0,-1.0,-1.0,-1.0,8.0,-1.0,3.428571429,3.428571429,G,60.0,C,A,0.06028205787309125,0.04430117381175757,0.00014968917545399015,0.08501234164110594,0.06233107792326143,0.11040862331217045,0.08274166252936657,0.23329291535970356,0.03778299290706681,0.04969872943777112,0.23399873602925125
9.0,9.0,-1.0,-1.0,-1.0,-1.0,-1.0,-1.0,9.0,7.0,-1.0,3.76,3.76,G,60.0,B-,B,0.01962619807674644,0.026940358712516377,9.592938175668646e-06,0.019803590678736247,0.16130306576224168,0.09835774722191615,0.03927255108285881,0.43623425721236647,0.007569778961990294,0.0006773989167785045,0.19020546043567324
10.0,-1.0,-1.0,-1.0,-1.0,-1.0,-1.0,-1.0,-1.0,10.0,-1.0,4.0,4.0,G,40.0,A,A,0.002883129425140164,0.005542028921916326,3.760936896409369e-07,0.006115327281965137,0.017853143255903047,0.01093848043746231,0.08661138640607974,0.24802166588635682,0.08751409173918968,0.05862243410443157,0.47589793644786554
0.0,5.0,-1.0,-1.0,-1.0,-1.0,-1.0,-1.0,-1.0,4.0,-1.0,3.1625,3.1625,G,30.0,D,C-,0.21120043008704395,0.0065024945031149925,4.565348260465066e-05,0.2959455573047851,0.09929653807455369,0.06918978566641167,0.03605144210717626,0.17720784723961258,0.04779930340986234,0.01167716239314557,0.04508378573168922
4.0,4.0,-1.0,-1.0,-1.0,-1.0,-1.0,-1.0,-1.0,3.0,-1.0,3.3125,3.3125,G,90.0,C+,C,0.05497477520019894,0.02639103107747401,0.0005843131627099271,0.11423089714685587,0.20645032166193739,0.149182092314125,0.1368352761381078,0.15086479178000167,0.057617285223177495,0.0028157046992617328,0.10005351159615014
10.0,10.0,-1.0,-1.0,-1.0,-1.0,-1.0,-1.0,-1.0,7.0,-1.0,4.0,4.0,G,30.0,A,B,0.01179220802346136,0.0036395992425398583,9.161794149933368e-09,0.10135154964132978,0.04402552052712071,0.04879716342783164,0.06236165500585498,0.28383317572534805,0.1823301417801746,0.015602397731460396,0.2462665797330844
7.0,7.0,-1.0,-1.0,-1.0,-1.0,-1.0,-1.0,-1.0,10.0,-1.0,3.69375,3.69375,G,60.0,B,A,0.009623608602744835,0.009810342872709456,1.1830650675560929e-07,0.043582082990506754,0.04887093370585428,0.0839320058855023,0.0908532595048688,0.22052026983051115,0.08745491263600183,0.05744131338282704,0.3479111522819667
0.0,1.0,-1.0,-1.0,10.0,-1.0,-1.0,-1.0,5.0,4.0,-1.0,3.60625,3.60625,G,120.0,B,C,0.004851278247366019,0.010661443853288852,0.2529748815333404,0.0021529311226951625,0.46534608238308534,0.0008607619426821638,0.01325669675026129,0.2241468389776906,0.0005735393040842392,0.0056244560549965645,0.019551089830509277
3.0,7.0,-1.0,-1.0,-1.0,-1.0,-1.0,-1.0,-1.0,3.0,-1.0,3.19375,3.19375,G,70.0,B-,C-,0.09578523961546288,0.014873406225177398,7.584137000238274e-05,0.23161112400467493,0.17273646791857455,0.14708105029146762,0.07647233199386588,0.1465252397772831,0.059749430037379106,0.0032822782447473092,0.051807590521364986
-1.0,-1.0,-1.0,-1.0,-1.0,-1.0,-1.0,-1.0,-1.0,9.0,-1.0,3.864516129,3.92,G,20.0,A,A,0.08499955965584431,0.004211021163060265,2.095798462392098e-05,0.07675928338196555,0.032350061004756875,0.026038552012763293,0.03913380579371143,0.2417239955940335,0.030222165419465513,0.13756739954688463,0.3269731984428906
-1.0,-1.0,-1.0,-1.0,-1.0,-1.0,-1.0,-1.0,-1.0,5.0,-1.0,2.946666667,2.9,G,20.0,B,F,0.2626855238473447,0.009351553342676474,0.0005710372463788245,0.1832748801601031,0.08746983793876184,0.03663103353670304,0.044636111004687506,0.2297427596349067,0.04329802685050547,0.03461367747427886,0.06772555896365341
4.0,4.0,-1.0,-1.0,-1.0,-1.0,-1.0,-1.0,-1.0,7.0,-1.0,2.866666667,2.866666667,S,120.0,F,B-,0.009115425234765337,0.06786209311483592,0.0004187770660982896,0.02040061834781154,0.12993038534770307,0.23357512126629723,0.2488202130172187,0.04823269300896357,0.048604888164486576,0.015932234693740856,0.17710755073807888
-1.0,-1.0,-1.0,-1.0,-1.0,-1.0,-1.0,-1.0,-1.0,10.0,-1.0,3.681818182,3.8125,G,10.0,A,A,0.08116801701858087,0.0035836568758683567,7.570495241756832e-06,0.0675372192105712,0.02440902544229322,0.020874688677282597,0.03041418200437291,0.24401248730973246,0.03022582988457423,0.20897264238736157,0.28879468069412073
4.0,7.0,-1.0,-1.0,-1.0,-1.0,-1.0,-1.0,-1.0,7.0,-1.0,3.375,3.375,G,90.0,C-,C+,0.02862237644422814,0.02323177439358627,1.2835323775054598e-05,0.09260201017090315,0.13629110209499984,0.2093622383197929,0.12179759279180591,0.14949473936280608,0.054612292077868725,0.01454837454856201,0.16942466447167184
4.0,7.0,-1.0,-1.0,-1.0,-1.0,-1.0,-1.0,-1.0,7.0,-1.0,2.933333333,2.933333333,S,60.0,C,C+,0.032726945165409686,0.023374495847970696,6.953474151584586e-06,0.10055345127485799,0.098292365713603,0.16074064592834977,0.13985661755441472,0.1194004640361371,0.12233425752132131,0.04466735010482406,0.1580464533789601
4.0,6.0,-1.0,-1.0,-1.0,-1.0,-1.0,-1.0,-1.0,3.0,-1.0,2.7,2.7,G,40.0,F,C-,0.13914792486104666,0.01256952257796364,3.1104062096605024e-05,0.24572930043656302,0.14115339290247803,0.08166988443250411,0.056694464714454336,0.19630416948439544,0.09245049157815137,0.00557462293985305,0.028675122010493798
-1.0,-1.0,-1.0,-1.0,-1.0,-1.0,-1.0,-1.0,-1.0,10.0,-1.0,3.469230769,3.469230769,G,30.0,A,A,0.08066288956891471,0.007527184243786087,2.9037941223601845e-05,0.06335432813024537,0.039134191875505465,0.03649893577416121,0.04795607936570457,0.2238257769087369,0.029053066603781055,0.1965943544177978,0.2753641551701431
3.0,0.0,6.0,6.0,-1.0,-1.0,-1.0,-1.0,-1.0,4.0,-1.0,2.925,2.925,S,70.0,C,C-,0.013424668457129429,0.0058249843390411,0.002727462421839047,0.32794789296879,0.10409887055857768,0.07515661844323646,0.015445931100704545,0.018738785840410256,0.18982171142857174,0.018445272763892535,0.22836780167780726
4.0,-1.0,-1.0,-1.0,-1.0,-1.0,-1.0,-1.0,-1.0,6.0,-1.0,3.006666667,3.006666667,G,60.0,B,B,0.05784891234808045,0.027403191435047998,0.00040727485105453837,0.054342323021739344,0.12131466532534771,0.06158670044312645,0.13423711465587254,0.2631860485729877,0.07288015514296099,0.026185289844574435,0.180608324359208
1.0,4.0,6.0,8.0,-1.0,-1.0,-1.0,-1.0,-1.0,8.0,-1.0,2.875,2.875,S,100.0,B,C-,0.0025666992894672037,0.0038698277424981374,0.00023180123210522348,0.31343235100787964,0.0757008186716635,0.2735510201912714,0.007916209662232417,0.0027669582708910326,0.08013053250041151,0.022670107482167776,0.21716367394941216
1.0,-1.0,-1.0,-1.0,-1.0,-1.0,-1.0,-1.0,-1.0,3.0,-1.0,1.278571429,1.278571429,S,60.0,C+,C,0.1761487872021373,0.08198028634081862,0.035300459995266535,0.0908215714161245,0.19680266023907242,0.09926606158671919,0.12971925781756552,0.08557344267959954,0.07465300833768274,0.016021389318554936,0.013713075066458675
7.0,7.0,-1.0,-1.0,-1.0,-1.0,-1.0,-1.0,7.0,4.0,-1.0,2.857142857,2.857142857,G,90.0,D+,C,0.04375534666907366,0.07175589869398888,0.0011149214814298164,0.030992611877748766,0.3122546972324541,0.16940568263540517,0.06269167755013359,0.25447879213761776,0.00824702622063136,0.0002859653470909975,0.04501738015442615
10.0,-1.0,-1.0,-1.0,-1.0,-1.0,-1.0,-1.0,-1.0,7.0,-1.0,3.535294118,3.535294118,G,40.0,C,A,0.008699966064984839,0.010159879214003522,4.3533876913521735e-06,0.015152722812841714,0.04244934312272159,0.01637263164023679,0.11340132430197253,0.30536639534019017,0.13340414093869432,0.0236242540976678,0.3313649890789954
7.0,4.0,-1.0,-1.0,-1.0,-1.0,-1.0,-1.0,5.0,7.0,-1.0,2.786666667,2.786666667,G,120.0,B+,C,0.012799125857643865,0.12123002128074484,0.0014793463705059732,0.008838574132066616,0.2490342603221966,0.1949929361303463,0.1232269640824663,0.17426078128332945,0.008680067232224108,0.0013837999475695914,0.10407412336090635
0.0,3.0,-1.0,-1.0,-1.0,-1.0,-1.0,-1.0,4.0,3.0,-1.0,2.7625,2.7625,G,60.0,C-,F,0.2406181798932868,0.029857945579298748,0.011292846487280218,0.11970431987469352,0.22850193298705143,0.10368363744740372,0.03712445657749682,0.19341873599578605,0.008284659745090748,0.0012995030291777345,0.02621378238343405
4.0,7.0,-1.0,-1.0,-1.0,-1.0,-1.0,-1.0,-1.0,1.0,-1.0,3.133333333,3.133333333,G,90.0,C-,C,0.07645919741008937,0.020930994726136364,0.00042090253844380757,0.20008583421744575,0.23186940843909537,0.17209705534000047,0.09619323011116689,0.11062720432673702,0.055516694823003025,0.0008431511125517235,0.03495632695533034
2.0,10.0,7.0,-1.0,-1.0,-1.0,-1.0,-1.0,-1.0,10.0,-1.0,3.5,3.5,G,70.0,A-,A-,0.062319777963618664,0.005149277092499553,2.3101793795238888e-07,0.07650008502390825,0.021648775801236756,0.006418796899875177,0.006972986030214621,0.30138783963577026,0.044986774332023555,0.3552596126211159,0.11935584358179926
-1.0,0.0,-1.0,-1.0,-1.0,-1.0,-1.0,-1.0,-1.0,-1.0,-1.0,0.166666667,0.166666667,E,40.0,F,F,0.20451344073202252,0.07386654985227283,0.1771987187237896,0.12808595010683954,0.15231050926901046,0.07481389659586592,0.07742326670311284,0.028913395793677292,0.07620738766382334,0.005411475677512944,0.0012554088820727317
1.0,-1.0,-1.0,-1.0,-1.0,-1.0,-1.0,-1.0,-1.0,4.0,-1.0,3.0,3.0,S,70.0,B,B-,0.07451400569889635,0.03685476988134517,0.008863765646326205,0.06855060807044666,0.14511522625237236,0.09916781816259863,0.19195636405336133,0.11118130566179042,0.06789141672595257,0.018871168500526492,0.1770335513463838
4.0,0.0,-1.0,-1.0,-1.0,-1.0,-1.0,-1.0,-1.0,9.0,-1.0,0.75,0.75,E,150.0,B+,B-,0.003315104822919269,0.2678654708035453,0.020012054603665206,0.0022336407480994212,0.11234155207422107,0.20773068236168332,0.2705976811670446,0.00978355435581342,0.03370593314561074,0.041662840209481494,0.03075148570791638
3.0,6.0,-1.0,-1.0,-1.0,-1.0,-1.0,-1.0,-1.0,7.0,-1.0,3.5133333330000003,3.5133333330000003,G,70.0,A-,A,0.04589633169794477,0.01502523701146059,1.0562181624485284e-05,0.12310117939427506,0.11090610889371239,0.14671849682762592,0.09535407621039434,0.18870348686130825,0.05742861298453302,0.022409999766033823,0.19444590817108734
7.0,-1.0,-1.0,-1.0,-1.0,-1.0,-1.0,-1.0,-1.0,6.0,-1.0,3.594117647,3.594117647,G,70.0,C,A,0.014659050656566254,0.01863539329077421,0.0001059477515445098,0.02180589015300546,0.08107219322973892,0.040422542205946745,0.15454916501062282,0.23703090469593918,0.07795424980089133,0.013285138411355224,0.3404795247936154
-1.0,-1.0,-1.0,-1.0,-1.0,-1.0,-1.0,-1.0,-1.0,10.0,-1.0,3.477419355,3.6,G,20.0,B-,A,0.0845311615709635,0.005544052441592736,1.5927620826848665e-05,0.06564983185605745,0.03181099123273325,0.028521542059788747,0.037696094844419874,0.23893442225337416,0.030239921118932134,0.20846130486473033,0.26859475013658096
10.0,8.0,3.0,9.0,-1.0,-1.0,-1.0,-1.0,-1.0,7.0,-1.0,3.50625,3.50625,G,100.0,B,C+,0.00017472944384181965,0.0011632918665413006,5.79725581889176e-07,0.23846261859824103,0.06902750444546721,0.3615710803562204,0.0084801499710554,0.0019211577842273683,0.1177599394639014,0.0005609968716345761,0.20087795147328769
-1.0,-1.0,-1.0,-1.0,-1.0,-1.0,-1.0,-1.0,-1.0,10.0,-1.0,4.0,4.0,G,20.0,A,A,0.06172823017900902,0.0035586060962965404,9.673755608923276e-06,0.05884391873829421,0.02487014193731075,0.022980162237535216,0.03646620682809386,0.22121869754061071,0.026136352609929983,0.17722807552889797,0.3669599345484127
7.0,-1.0,-1.0,-1.0,-1.0,-1.0,-1.0,-1.0,-1.0,7.0,-1.0,3.076923077,3.076923077,G,60.0,C+,B,0.020855812198104375,0.025223679851032684,6.442348558147723e-05,0.024853595894607335,0.08572026866548682,0.042798284655195674,0.14914438554811738,0.27729812631952716,0.09715763039139935,0.02948313931077367,0.2474006536801741
4.0,1.0,-1.0,-1.0,-1.0,-1.0,-1.0,-1.0,-1.0,7.0,-1.0,2.7125,2.7125,S,70.0,C,A,0.06428838316327105,0.03660120184699924,0.0015127501921066676,0.022206226028526656,0.11304676899307468,0.11919601728665617,0.15561348633519886,0.15348355675890396,0.10909918662456287,0.05303534781690564,0.17191707495379416
7.0,1.0,-1.0,-1.0,-1.0,-1.0,-1.0,-1.0,-1.0,4.0,-1.0,2.5333333330000003,2.5333333330000003,S,100.0,C,B+,0.0481611597111444,0.04245526570604843,0.0056462196352212125,0.014405613173709638,0.1279495464745134,0.17397228252323965,0.17723888575628927,0.13633737651658687,0.23355038408754633,0.010064429210300749,0.03021883720539997
5.0,6.0,-1.0,-1.0,-1.0,-1.0,-1.0,-1.0,-1.0,5.0,-1.0,3.4,3.4,G,60.0,B+,B,0.09695213217195772,0.03622362715075236,0.0023041878032716502,0.1713096079524029,0.12135225392253499,0.06158510828883729,0.11470219943009814,0.2292425304929918,0.04412805645666107,0.026246392351238622,0.09595390397925337
6.0,5.0,-1.0,-1.0,-1.0,-1.0,-1.0,-1.0,-1.0,6.0,-1.0,2.8,2.8,G,30.0,C+,B,0.13944505310967678,0.034162879305826684,0.0032524309975726826,0.1210079984249801,0.1282190392818574,0.0347118426271848,0.09478398296403127,0.2164105451895035,0.06087136586110739,0.05042762125421214,0.1167072409840473
6.0,-1.0,-1.0,-1.0,-1.0,-1.0,-1.0,-1.0,-1.0,7.0,-1.0,3.373333333,3.373333333,G,60.0,B,B,0.04546348737071722,0.03434602631127733,0.0006106694458379613,0.014606730560348754,0.13236811083686045,0.08501424986396823,0.1254437107028425,0.2628453186282292,0.07368029490994579,0.02163027403296099,0.2039911273370115
4.0,-1.0,-1.0,-1.0,-1.0,-1.0,-1.0,-1.0,-1.0,4.0,-1.0,3.0,3.0,G,40.0,C-,B,0.1270830467503475,0.05884525448813449,0.0015510297946243062,0.05199646837614543,0.16659408796801864,0.07564156757156452,0.11380144091346477,0.28495880805233686,0.047030604055146766,0.013759536596262553,0.058738155433954185
1.0,4.0,-1.0,-1.0,-1.0,-1.0,-1.0,-1.0,4.0,4.0,-1.0,2.882352941,2.882352941,G,70.0,B,C-,0.12562812286445013,0.06058922620254649,0.00999875753238884,0.19363232644321646,0.12915024039579007,0.15433534658901268,0.10019290872172139,0.18467714505338115,0.016906740315234942,0.002684708459087412,0.022204477423170402
8.0,-1.0,-1.0,-1.0,-1.0,-1.0,-1.0,-1.0,-1.0,10.0,-1.0,3.406666667,3.406666667,G,70.0,A,A,0.017363361215461313,0.016563172610837944,0.0002796429958978648,0.0038280675722168356,0.08358703039040646,0.06753588736080582,0.10391955989076776,0.1841242449093458,0.10055388269039076,0.033881043643910806,0.3883641067199587
7.0,10.0,-1.0,-1.0,-1.0,-1.0,-1.0,-1.0,-1.0,7.0,-1.0,3.6,3.6,G,90.0,C+,C-,0.04995148383852163,0.02077681672047656,0.0025561641562824636,0.1798870352392638,0.08413151993634742,0.07345442801940513,0.12860526697925473,0.17802556892810592,0.07169246278142953,0.04292071194508378,0.16799854145582915
0.0,0.0,-1.0,-1.0,-1.0,-1.0,-1.0,-1.0,2.0,4.0,-1.0,2.2375,2.2375,S,160.0,D+,C+,0.04118956762641101,0.04465526251824339,0.005744396428934526,0.032688742210139815,0.05488693428784513,0.512721788654585,0.16157505685588308,0.07170194198315598,0.06789560260657869,0.00188006383507743,0.005060642993145914
8.0,-1.0,-1.0,-1.0,-1.0,-1.0,-1.0,-1.0,-1.0,9.0,-1.0,3.673333333,3.673333333,G,70.0,B,A,0.016744517342961385,0.019061769191192967,0.0002732628386176601,0.004183020336902313,0.09865799967150687,0.06474610615436212,0.10829712409221746,0.20858499414923773,0.08840111962996662,0.023160980780555472,0.36788910581247947
10.0,7.0,-1.0,-1.0,-1.0,-1.0,-1.0,-1.0,-1.0,10.0,-1.0,3.5333333330000003,3.5333333330000003,G,70.0,B,A,0.020729517614658976,0.011421626767256384,0.0009350832666152219,0.020350107217012824,0.07368262354475245,0.03308283485281963,0.09459477091918014,0.1497257631837306,0.10987768248254495,0.0653057454117273,0.4202942447397015
0.0,7.0,1.0,-1.0,-1.0,-1.0,-1.0,-1.0,-1.0,10.0,-1.0,1.615384615,1.615384615,S,150.0,D,C+,0.027346713930488827,0.00909096953823996,0.0025672936455782324,0.11891421376470325,0.021218578525550272,0.3202735964536072,0.10164152859635363,0.049910657633903094,0.11393311359946602,0.19549271864601173,0.03961061566609768
7.0,-1.0,-1.0,-1.0,-1.0,-1.0,-1.0,-1.0,-1.0,9.0,-1.0,3.764705882,3.764705882,G,70.0,A,A,0.017655161375592962,0.019542984277921265,0.0002157133034577037,0.0052498680882439,0.09428830325698062,0.06826847827209064,0.1065422132732147,0.21085315958043574,0.06737087090709737,0.024455534048553898,0.3855577136164112
5.0,7.0,-1.0,-1.0,-1.0,-1.0,-1.0,-1.0,4.0,8.0,-1.0,3.275,3.275,G,60.0,B,A,0.06352400980006905,0.03351924324571178,0.006706096469058819,0.09541693387732747,0.1395358894724094,0.07646824872577045,0.10943359034485621,0.2052268959142741,0.03566049532327147,0.012380137284776972,0.22212845954247434
1.0,7.0,7.0,-1.0,-1.0,-1.0,-1.0,-1.0,-1.0,1.0,-1.0,3.5625,3.5625,G,120.0,F,B,0.0031936010401553013,0.007565537682470776,0.002883791643848042,0.30150341928343993,0.14422239290686525,0.04322911388135124,0.03414504178137099,0.3688080573672176,0.04876884451560091,0.03701244777559507,0.008667752122084973
9.0,10.0,-1.0,-1.0,-1.0,-1.0,-1.0,-1.0,-1.0,10.0,-1.0,3.9,3.9,G,40.0,B-,A,0.024707250183235368,0.008930728189147903,0.000631037934084897,0.04781843447685529,0.06653320014837272,0.010589631777979102,0.0611919919835845,0.13515631786969168,0.04154762096971491,0.10071997907876604,0.5021738073885674
7.0,7.0,8.0,7.0,-1.0,-1.0,-1.0,-1.0,-1.0,3.0,-1.0,2.9125,2.9125,G,70.0,C-,B,0.0005965468518107294,0.0027944526668295046,0.005111704269806906,0.2603022630296861,0.22546039856019967,0.015152208017727278,0.0031831225392025177,0.3279233012569715,0.13359129484878138,0.00624848179082684,0.019636226168157536
5.0,-1.0,-1.0,-1.0,-1.0,-1.0,-1.0,-1.0,-1.0,5.0,-1.0,3.1375,3.1375,G,90.0,B-,B,0.056720072387392996,0.04580587181200106,0.0012846599987291797,0.02677080818153042,0.12306846512390361,0.20008996882335922,0.15441922114913714,0.2447905468940009,0.086505349502327,0.009103168325418012,0.05144186780220058
5.0,4.0,-1.0,-1.0,-1.0,-1.0,-1.0,-1.0,-1.0,9.0,-1.0,3.094117647,3.094117647,G,60.0,A,A,0.06267649280388038,0.022029806242076375,0.0008340833659323621,0.057648182091108946,0.07944085251916479,0.06833221005829981,0.10568720761013484,0.18470182381694294,0.056235308874289014,0.07973510473434356,0.28267892788382687
-1.0,-1.0,-1.0,-1.0,-1.0,-1.0,-1.0,-1.0,-1.0,7.0,-1.0,2.976923077,2.666666667,S,70.0,B-,C+,0.08900687927374555,0.043788536723756974,0.0005130904075160796,0.04679203932869503,0.09200749744908254,0.17628216912431932,0.1530840058257429,0.14656139757401856,0.03420172667506117,0.05984707477199963,0.15791558284606214
0.0,-1.0,-1.0,-1.0,-1.0,-1.0,-1.0,-1.0,-1.0,4.0,-1.0,2.742857143,2.742857143,S,30.0,C-,B,0.16874608425015333,0.06761905041692927,0.0012856086040635407,0.06513058159725264,0.15343545945475304,0.07543430826293816,0.11947512185147746,0.19640588149563712,0.030514570792085652,0.03466666861908361,0.08728666465562612
4.0,7.0,-1.0,-1.0,-1.0,-1.0,-1.0,-1.0,-1.0,4.0,-1.0,3.071428571,3.071428571,G,70.0,C+,C-,0.12465577183756882,0.036364815879384976,0.003926243632837491,0.2870759112988225,0.09469663582008438,0.07784516357382953,0.10438407972600644,0.17868019232608856,0.038378337462829676,0.01949060015848338,0.03450224828406427
-1.0,-1.0,-1.0,-1.0,-1.0,-1.0,-1.0,-1.0,-1.0,9.0,-1.0,3.451515152,3.7375,G,20.0,A-,A,0.07276187146109944,0.024739813068467554,7.372553400148633e-05,0.04480681994658332,0.06482498755692312,0.0399360520176849,0.05643846951750589,0.2025538045860292,0.006490564751692714,0.07773071532063058,0.40964317623938196
-1.0,-1.0,-1.0,-1.0,-1.0,-1.0,-1.0,-1.0,-1.0,6.0,-1.0,1.38,1.38,S,10.0,F,F,0.29605762538023156,0.05176932113124914,0.0026409885786383746,0.09084435451602925,0.09217953689375015,0.0646126019393086,0.08498678168702994,0.11868483114626571,0.0378020697284946,0.10788176669585348,0.05254012230314912
4.0,-1.0,-1.0,-1.0,-1.0,-1.0,-1.0,-1.0,-1.0,8.0,-1.0,2.786666667,2.786666667,G,30.0,B+,B,0.09856498674197005,0.034396725657010255,0.0006600303755772846,0.028893155082290033,0.11377317209817657,0.05792554052652987,0.09712745135363544,0.2345453098808953,0.04914807381713022,0.05895588339645163,0.22600967107033337
-1.0,-1.0,-1.0,-1.0,-1.0,-1.0,-1.0,-1.0,-1.0,7.0,-1.0,3.225396825,3.05625,G,20.0,B,B,0.14617044573652177,0.04030921286843595,0.0002586536862117167,0.1008417107636638,0.09508441861534973,0.05467146216289716,0.0786105070159644,0.22493419818227076,0.009884943993941858,0.05768146349809327,0.19155298347664954
3.0,7.0,-1.0,-1.0,-1.0,-1.0,-1.0,-1.0,-1.0,6.0,-1.0,2.361290323,3.02,G,40.0,B,C-,0.17358898753515467,0.02984875844066919,0.002800688856817926,0.26913390637591444,0.07110241910030692,0.04759840143500931,0.06744419239685233,0.17253133329070944,0.02856789053460354,0.06084264277046238,0.07654077926349977
0.0,3.0,-1.0,-1.0,-1.0,-1.0,-1.0,-1.0,-1.0,5.0,-1.0,2.00625,2.00625,G,130.0,C,C+,0.10867224064800553,0.029970335067673645,0.002936210990868286,0.20711200289736578,0.0318109736003072,0.37198669812613266,0.10607040151687908,0.08450947536149662,0.04061774541729314,0.011552386075746109,0.0047615302982320215
-1.0,-1.0,-1.0,-1.0,-1.0,-1.0,-1.0,-1.0,-1.0,8.0,-1.0,3.690322581,3.676470588,G,20.0,A,A,0.08225961931908848,0.02984202524640318,9.291053402982044e-05,0.059079977803135404,0.08117192195205343,0.04055083711228474,0.06575157633627324,0.22004316610753907,0.006443481688817175,0.05955746830276551,0.3552070155976098
7.0,-1.0,-1.0,-1.0,-1.0,-1.0,-1.0,-1.0,-1.0,-1.0,-1.0,3.777777778,3.777777778,G,90.0,A,B,0.04896896805997923,0.07322996193337857,0.0030888407315879407,0.027726648973250008,0.21107586841354511,0.12690366230393552,0.1413868678331669,0.28720483836456434,0.07188386904413073,0.0006935823024603802,0.007836892040001214
1.0,0.0,-1.0,-1.0,-1.0,-1.0,-1.0,-1.0,-1.0,5.0,-1.0,2.186666667,2.186666667,S,90.0,C,C+,0.11321391287332337,0.05106320055009925,0.0026842433880972325,0.0545086153753276,0.08924859218049105,0.258630000281196,0.1609671074881916,0.12687474214101271,0.08368870464624836,0.027064018325123947,0.032056862750889044
9.0,8.0,7.0,-1.0,-1.0,-1.0,-1.0,-1.0,-1.0,8.0,-1.0,2.45,2.45,G,60.0,A-,B,0.06204643323390038,0.003975616279928915,1.0237186111898722e-05,0.03680788053250889,0.13382412700118723,0.018000850166384343,0.0018565400011777596,0.3214913987517071,0.303124591153663,0.0605415552501078,0.05832077044332268
0.0,1.0,1.0,-1.0,-1.0,-1.0,-1.0,-1.0,-1.0,5.0,-1.0,2.206666667,2.206666667,S,100.0,B-,C,0.08803832597821624,0.06163244950206647,0.00562553198586672,0.06933788966166085,0.19652215682150004,0.13028375664008324,0.06856540860211571,0.17469761512566306,0.08519289857088355,0.06377621316636317,0.05632775394558082
10.0,10.0,-1.0,-1.0,-1.0,-1.0,-1.0,-1.0,-1.0,7.0,-1.0,3.8,3.8,G,90.0,B,B-,0.011195299091716196,0.008491983800043994,2.8401094629749388e-05,0.06147542928090329,0.14995177863739004,0.17854446462145843,0.2078547363683789,0.16502729202556443,0.07788158102043233,0.027411268506101902,0.11213776555338094
4.0,4.0,-1.0,-1.0,-1.0,-1.0,-1.0,-1.0,-1.0,7.0,-1.0,3.466666667,3.466666667,G,70.0,C-,B,0.03659081179703054,0.02334125796871385,2.5905483434586454e-05,0.07877745902391162,0.11457767002468967,0.10815762982262309,0.1396551409829011,0.21627641695092123,0.03816096417475174,0.05178883902230482,0.1926479047487176
3.0,7.0,-1.0,-1.0,-1.0,-1.0,-1.0,-1.0,-1.0,6.0,-1.0,3.08,3.08,G,30.0,C,C-,0.1052957453686453,0.057058040473836336,5.142944878517283e-06,0.24578742712729554,0.05860229836584367,0.06223571147350811,0.14775758222400714,0.16970001342394783,0.016071106601827947,0.07498491679059305,0.06250201520561657
4.0,7.0,-1.0,-1.0,-1.0,-1.0,-1.0,-1.0,7.0,6.0,-1.0,3.466666667,3.466666667,G,60.0,C,B,0.001242697576084271,0.10479541327272343,0.012550681172542337,0.15246178802125118,0.058241106365669704,0.07999609544078355,0.17332485032848965,0.2560627872100487,0.022071650916984327,0.005268747427297219,0.13398418226812572
10.0,9.0,-1.0,-1.0,-1.0,-1.0,-1.0,-1.0,-1.0,7.0,-1.0,3.5764705880000003,3.5764705880000003,G,90.0,B,C+,0.012059497099785415,0.007475134094853632,4.112839780351679e-05,0.0519999899465843,0.1590907255944418,0.1933685558010807,0.17798638044342366,0.1763272028936439,0.10141298587671928,0.022958576146750738,0.09727982370491299
4.0,-1.0,-1.0,-1.0,-1.0,-1.0,-1.0,-1.0,-1.0,4.0,-1.0,2.769230769,2.769230769,G,30.0,B,B,0.21524231812264222,0.009116949969504667,0.00011416820148908412,0.07262473934659089,0.1555930875329202,0.06966519781339617,0.0552040493459127,0.23130225004309304,0.08301539820667031,0.01237159034107743,0.09575025107670326
6.0,5.0,-1.0,-1.0,-1.0,-1.0,-1.0,-1.0,0.0,8.0,-1.0,0.5625,0.5625,E,60.0,B+,B+,0.016019937043537796,0.03593636534799193,0.00055993208695772,0.02865844850924738,0.14090683495857342,0.20738305902683432,0.15745163680040092,0.11406432734599657,0.2241563773093964,0.06408425070407804,0.010778830866985365
3.0,7.0,-1.0,-1.0,-1.0,-1.0,-1.0,-1.0,7.0,6.0,-1.0,3.333333333,3.333333333,G,70.0,C+,B,0.0011115764288223493,0.14231187184375071,0.023085817247904393,0.16218787004926552,0.05088503804344245,0.08937237879344138,0.1706837863520337,0.23742853140711853,0.01835359263689805,0.0054651590669172545,0.09911437813040565
10.0,-1.0,-1.0,-1.0,-1.0,-1.0,-1.0,-1.0,-1.0,10.0,-1.0,3.7375,3.7375,G,60.0,B-,A,0.004500091256595752,0.0004867394486846949,1.1813952092283447e-06,0.002399320672462758,0.13049868924378658,0.05022510440001299,0.03004336562012846,0.1825501485412589,0.14328290594239732,0.011646751381683421,0.4443657020977798
10.0,10.0,-1.0,-1.0,-1.0,-1.0,-1.0,-1.0,-1.0,10.0,-1.0,4.0,4.0,G,90.0,A,A,0.0033199242482381416,0.007163585590150295,1.7721585669233502e-06,0.029650680072370126,0.1023066440884073,0.1383682448042528,0.19049270960137604,0.17054132128728572,0.05794049732505582,0.060266750139867285,0.2399478706844295
8.0,7.0,-1.0,-1.0,-1.0,-1.0,-1.0,-1.0,9.0,-1.0,-1.0,3.4375,3.4375,G,60.0,B,D+,0.0018578719218168781,0.01732058969145079,0.49289947992941113,0.11753420852818283,0.08242658283198087,0.054663945105801845,0.07323137531948869,0.10576977838396091,0.03922011946931782,7.68432354564021e-05,0.01499920558313191
1.0,0.0,-1.0,-1.0,-1.0,-1.0,-1.0,-1.0,-1.0,4.0,-1.0,1.733333333,1.733333333,S,100.0,C+,C+,0.07944474821946348,0.04455223093195491,0.02023461013234456,0.05688181372583049,0.1862725624368652,0.23046454161308036,0.11219596178212628,0.12703971396879524,0.10258421004645427,0.021061855343729282,0.019267751799355946
4.0,4.0,7.0,7.0,-1.0,-1.0,-1.0,-1.0,-1.0,4.0,-1.0,3.25,3.25,G,90.0,C-,B,0.007899670384598644,0.006325920899608447,0.008295019532945699,0.2366321929765364,0.1360632927328618,0.054676907454995795,0.0018053253392024393,0.3451094002938556,0.10743518607066885,0.005281757120720387,0.09047532719400597
4.0,5.0,-1.0,-1.0,-1.0,-1.0,-1.0,-1.0,-1.0,5.0,-1.0,3.185714286,3.185714286,G,60.0,A,B,0.09120316310481744,0.031056759671379504,8.852787331614447e-05,0.15844354764259932,0.11832235025502356,0.11230643904336403,0.1448191482638358,0.1942097227256785,0.03849239011737185,0.03368163694897831,0.07737631435363564
4.0,4.0,-1.0,-1.0,-1.0,-1.0,-1.0,-1.0,6.0,10.0,-1.0,3.08,3.08,G,60.0,F,B,0.0005578564882777732,0.058839863419199716,0.0004764232262719727,0.04232865974810948,0.04954336516897226,0.08379503245886016,0.10848793690077287,0.33399428872292947,0.03821046700763892,0.01401944322927209,0.26974666362969535
0.0,7.0,-1.0,-1.0,-1.0,-1.0,-1.0,-1.0,0.0,8.0,-1.0,1.866666667,1.866666667,S,100.0,F,B-,0.010786205244794563,0.19503357350199887,0.00048818129637318177,0.107207307623164,0.05255978451292953,0.17777136872479368,0.19975211368500934,0.10174369378972757,0.021771919530933107,0.11603567676159925,0.016850175328676744
3.0,5.0,1.0,4.0,1.0,-1.0,-1.0,-1.0,7.0,7.0,-1.0,2.153846154,2.153846154,S,130.0,C,D+,1.667067922147736e-05,0.04566853716335617,0.45800734357057155,0.03139904545684611,0.06222329412060352,0.1447009944443053,0.027228412053392437,0.17246216456662208,0.03882156867774044,0.0013950944592875372,0.018076874808053436
10.0,10.0,-1.0,-1.0,-1.0,-1.0,-1.0,-1.0,-1.0,10.0,-1.0,4.0,4.0,G,70.0,A,A,0.004966206351292072,0.007193879021443776,5.821745318196724e-07,0.03658856227241647,0.09350074521031553,0.10428206798818054,0.1853507499302519,0.17962247612190665,0.051288819102210816,0.07198878714499414,0.26521712468245623
10.0,10.0,-1.0,-1.0,-1.0,-1.0,-1.0,-1.0,-1.0,10.0,-1.0,4.0,4.0,G,90.0,A,A,0.0033199242482381416,0.007163585590150295,1.7721585669233502e-06,0.029650680072370126,0.1023066440884073,0.1383682448042528,0.19049270960137604,0.17054132128728572,0.05794049732505582,0.060266750139867285,0.2399478706844295
6.0,3.0,-1.0,-1.0,-1.0,-1.0,-1.0,-1.0,-1.0,6.0,-1.0,2.1875,2.1875,S,120.0,D,C+,0.013099645692704515,0.011405871794351638,0.005277091338031951,0.017865391301693324,0.21142333993711898,0.27593838151434685,0.12188015044227637,0.11196096361880704,0.1839970338317748,0.016119286843480764,0.03103284368541386
4.0,10.0,-1.0,-1.0,-1.0,-1.0,-1.0,-1.0,-1.0,8.0,-1.0,3.8,3.8,G,70.0,B+,B-,0.018159806596793136,0.057390164687307434,2.944611566885809e-06,0.16433365628280494,0.052588182830705786,0.08342527737940494,0.228687815707655,0.13995774738877653,0.010705360774471935,0.12215485121860523,0.12259419252190809
7.0,6.0,-1.0,-1.0,-1.0,-1.0,-1.0,-1.0,9.0,4.0,-1.0,3.4625,3.4625,G,100.0,C,D+,0.00017224373728325022,0.02170263045554622,0.486908081445897,0.03607229965851491,0.06449666801785335,0.08743441428527068,0.07627682394338163,0.13765965375268713,0.04185646500013131,0.0002707565866553097,0.04714996311677928
7.0,-1.0,-1.0,-1.0,-1.0,-1.0,-1.0,-1.0,-1.0,7.0,-1.0,2.866666667,2.866666667,G,90.0,B-,B,0.017957849104744884,0.002795457658634976,0.00024848076857763093,0.010418711427439702,0.19412277123908137,0.1578422609670925,0.04534264492401534,0.2222237266451503,0.20412470968162616,0.00830832551393761,0.13661506206969956
4.0,8.0,-1.0,-1.0,-1.0,-1.0,-1.0,-1.0,-1.0,8.0,-1.0,3.613333333,3.613333333,G,70.0,C+,B-,0.021684608595820432,0.04561299002667308,5.20219301629397e-06,0.1291803856701513,0.06802497883477077,0.09727037543789081,0.20012630539652543,0.1724103559498322,0.01770508671669149,0.10371584115840297,0.144263870020225
-1.0,-1.0,-1.0,-1.0,-1.0,-1.0,-1.0,-1.0,-1.0,7.0,-1.0,3.371428571,3.464705882,G,10.0,B,A,0.13043836065586317,0.03296898017096618,1.1125503009207552e-06,0.09153834583921408,0.04923493969743759,0.020973782735120076,0.06213434411627303,0.19933729290583355,0.009002869715343961,0.08962055107460738,0.31474942053904004
9.0,-1.0,-1.0,-1.0,-1.0,-1.0,-1.0,-1.0,-1.0,10.0,-1.0,3.929411765,3.929411765,G,30.0,A,A,0.008656464990509122,0.000655769240642225,1.7797577899945178e-07,0.003975765490714349,0.10563558568646111,0.02773570477330378,0.03249468781608879,0.19052968312861468,0.08585883201812405,0.02006182646411247,0.5243955024156504
-1.0,-1.0,-1.0,-1.0,-1.0,-1.0,-1.0,-1.0,-1.0,10.0,-1.0,3.96,3.92,G,20.0,B,A,0.026974918885065893,0.02078954093197344,7.238047222304001e-08,0.033510030637579555,0.03017628046447156,0.012956976774583602,0.05497321687751539,0.15700360804503982,0.004776678659365187,0.1478709170140092,0.5109677593299241
5.0,4.0,-1.0,-1.0,-1.0,-1.0,-1.0,-1.0,-1.0,4.0,-1.0,3.125,3.125,G,40.0,C-,B,0.15803627239565132,0.01727379142054133,7.81268702647387e-05,0.1491863347058106,0.13612921403093328,0.0859859687898955,0.11245335435362482,0.19578780005309646,0.051673587525655956,0.020316818181058953,0.073078731673467
8.0,7.0,-1.0,-1.0,-1.0,-1.0,-1.0,-1.0,-1.0,10.0,-1.0,3.764705882,3.764705882,G,70.0,A,A,0.007650448065520281,0.007973621516397635,3.861947779707954e-05,0.02196922343463978,0.05953671111277875,0.06264273208959656,0.13774654661989524,0.1777509724073015,0.06826328939634142,0.04646784980540293,0.40995998607432876
7.0,4.0,-1.0,-1.0,-1.0,-1.0,-1.0,-1.0,-1.0,-1.0,-1.0,2.733333333,2.733333333,S,70.0,B-,C,0.12070379153604247,0.01922414836968536,0.018231422657310398,0.1370932195451483,0.24555883002400242,0.11851819271427558,0.057448299885594446,0.1268467638422917,0.12206852004260012,0.0007651017186940831,0.03354170966435513
5.0,3.0,5.0,-1.0,-1.0,-1.0,-1.0,-1.0,-1.0,7.0,-1.0,2.9125,2.9125,G,100.0,A,B,0.06675014364072267,0.013648795979465722,0.0021105402016631807,0.08322526894226369,0.2228136544369233,0.005872913478458521,0.07741255437242694,0.2511321152271182,0.1423385785571349,0.07024761584325198,0.06444781932057074
0.0,1.0,-1.0,-1.0,-1.0,-1.0,-1.0,-1.0,-1.0,7.0,-1.0,2.74,2.0,S,100.0,B-,C+,0.08933425720517928,0.07270405237418924,0.009700029667045328,0.047078648835170434,0.17893273685414235,0.1928100544287244,0.13631543929536533,0.08864582140888368,0.10846526712795634,0.006397720021845396,0.06961597278149817
4.0,-1.0,-1.0,-1.0,-1.0,-1.0,-1.0,-1.0,-1.0,7.0,-1.0,3.066666667,3.066666667,G,70.0,D,B,0.02505493459186423,0.007610817610576808,0.0010131584814601063,0.04789292110861516,0.12672497780134734,0.06783281025439047,0.13459650623369412,0.2853121326092292,0.07391356390841447,0.00830394216619517,0.22174423523421316
7.0,0.0,-1.0,-1.0,-1.0,-1.0,-1.0,-1.0,-1.0,4.0,-1.0,2.566666667,2.566666667,S,90.0,C+,C,0.027621973662478025,0.008902699326933515,0.010647133668883403,0.028890822768171922,0.2788548033629577,0.08606520273601566,0.1253171981510844,0.1312842069080721,0.18524190499763138,0.0013963310151214772,0.11577772340265023
5.0,7.0,-1.0,-1.0,-1.0,-1.0,-1.0,-1.0,-1.0,7.0,-1.0,3.642857143,3.642857143,G,60.0,C-,B,0.04149193808965632,0.02400110115895091,0.00015539870971584282,0.09306617049675292,0.07619104575826874,0.11193496687420208,0.10738654307644796,0.2310727905313545,0.05444941960495364,0.035844068364456805,0.22440655733524043
5.0,-1.0,-1.0,-1.0,-1.0,-1.0,-1.0,-1.0,-1.0,8.0,-1.0,3.26875,3.26875,G,30.0,F,A,0.015576369830883136,0.00285718920638592,8.162331226706751e-05,0.027415582910415237,0.07159547650567734,0.028254173781631576,0.11507884113249058,0.2756319739662116,0.04241761359318574,0.04485496481216179,0.37623619094869004
3.0,4.0,-1.0,-1.0,-1.0,-1.0,-1.0,-1.0,-1.0,7.0,-1.0,2.8,2.8,G,70.0,B,B,0.07556626272930896,0.034756739344434316,0.0008850208034088869,0.1140442520691274,0.08446509001976678,0.14843027167215056,0.10698434288394167,0.2469127219677198,0.08254869976958928,0.021937782218778006,0.08346881652177414
10.0,-1.0,-1.0,-1.0,-1.0,-1.0,-1.0,-1.0,-1.0,10.0,-1.0,3.98125,3.98125,G,40.0,B,A,0.0011811834720208024,0.0003592784822044662,1.1748558103917036e-05,0.003955360200116103,0.059883530071323424,0.008711513332112706,0.1240819003210893,0.18056109292122777,0.03714937191826327,0.024332539712170902,0.5597724810113673
4.0,0.0,4.0,4.0,-1.0,-1.0,-1.0,-1.0,-1.0,10.0,-1.0,2.875,2.875,G,130.0,C+,B,0.002290935539729527,0.004688252386963213,0.001040464609070452,0.07766055064126025,0.24811760455445747,0.006202884518719014,0.053352884915613345,0.3601265786526401,0.039451090017657765,0.0039726351139950785,0.20309611904989386
-1.0,-1.0,-1.0,-1.0,-1.0,-1.0,-1.0,-1.0,-1.0,6.0,-1.0,3.365060241,3.411764706,G,10.0,A,B,0.09400064757704099,0.012482863896694398,0.0001251070915116873,0.1084693074156894,0.059831875282540935,0.04498864999947519,0.07272623372042374,0.29595281033339327,0.014864260022769932,0.07470242459683886,0.22185582006362164
1.0,-1.0,-1.0,-1.0,-1.0,-1.0,-1.0,-1.0,-1.0,7.0,-1.0,2.106666667,2.106666667,S,40.0,B,B,0.10658172869495855,0.026731185794751117,0.001387858861949421,0.04453336685186852,0.13672832283358727,0.09128113683712671,0.13026639666299092,0.17771681170046508,0.0952122473483518,0.06084075859201912,0.12872018582193154
7.0,7.0,-1.0,-1.0,-1.0,-1.0,-1.0,-1.0,-1.0,5.0,-1.0,3.066666667,3.066666667,G,40.0,C,B,0.07403058250087238,0.01722632051182531,0.00023290329606008464,0.14308014612169517,0.07543451572791034,0.10281134309432548,0.08568227986096387,0.2729354161124206,0.08497162471469512,0.03739840899153973,0.10619645906769183
4.0,-1.0,-1.0,-1.0,-1.0,-1.0,-1.0,-1.0,-1.0,9.0,-1.0,3.0,2.5,G,80.0,C,B,0.020545014910484317,0.008940646522065852,0.0009364375705633155,0.032580814675092974,0.11113494457232469,0.07825102319949157,0.17383296019517983,0.24424077079027184,0.10469939579967508,0.012839689683370356,0.21199830208148016
0.0,-1.0,-1.0,-1.0,-1.0,-1.0,-1.0,-1.0,-1.0,6.0,-1.0,2.5333333330000003,2.5333333330000003,S,130.0,A-,C,0.048638560807417144,0.0535173202768968,0.04440231834942707,0.03528222642245786,0.2583037699017221,0.1860432326572245,0.12163389773486191,0.08355575323126482,0.10919231966333538,0.0007864124868878213,0.05864418846850449
-1.0,-1.0,-1.0,-1.0,-1.0,-1.0,-1.0,-1.0,-1.0,5.0,-1.0,3.1,3.129411765,G,50.0,F,B,0.11781210181665012,0.024043864145829583,0.0013997449137561103,0.15248004272822172,0.09980187366884781,0.09115681100290769,0.08010484176063451,0.28632928017510284,0.028651156164105178,0.012234573405119154,0.10598571021882536
-1.0,-1.0,-1.0,-1.0,-1.0,-1.0,-1.0,-1.0,-1.0,4.0,-1.0,1.6333333330000002,1.5,S,60.0,B-,F,0.24943546428742297,0.0582592493196568,0.015631563610351385,0.10265437766563806,0.1316056424462016,0.1403956675418764,0.06727841853746798,0.12014381237923269,0.09000003259211461,0.00854920639180429,0.01604656522823328
4.0,3.0,-1.0,-1.0,-1.0,-1.0,-1.0,-1.0,-1.0,10.0,-1.0,3.042857143,3.042857143,G,100.0,C+,B,0.018004506261485323,0.02147957462973195,0.0006969769877035142,0.034896423225618756,0.09626061659588903,0.12915669155843842,0.17083066778600914,0.2056012571334789,0.10562234394003606,0.014744553034126008,0.2027063888474828
4.0,-1.0,-1.0,-1.0,-1.0,-1.0,-1.0,-1.0,-1.0,5.0,-1.0,2.928571429,2.928571429,G,60.0,C,B,0.047680757647103104,0.008385819867307003,0.0017864313568758132,0.08656713474948208,0.13850403671173628,0.07315761775665994,0.108383595958403,0.317024755036599,0.07411431195325675,0.006153118563962626,0.13824242039861437
0.0,7.0,10.0,-1.0,-1.0,-1.0,-1.0,-1.0,-1.0,4.0,-1.0,3.066666667,3.066666667,G,130.0,B,F,0.3002259222878579,0.05501808606036556,0.008343096081782696,0.23873965544640266,0.1707808911668467,0.0007315193646329316,0.012159307738331336,0.09003576419432402,0.04379526400853631,0.07695440150523734,0.003216092145682505
5.0,4.0,-1.0,-1.0,-1.0,-1.0,-1.0,-1.0,7.0,8.0,-1.0,3.44375,3.44375,G,90.0,B,B-,0.018881666454068285,0.040023839750442214,0.025292922684325588,0.03139338326523239,0.19636411860703198,0.1699040484233964,0.23822855132914755,0.2125382766372409,0.05302539758239055,0.001349592783164545,0.012998202483559665
7.0,5.0,8.0,7.0,-1.0,-1.0,-1.0,-1.0,-1.0,7.0,-1.0,3.4375,3.4375,G,70.0,B+,B,0.0014219212114814958,0.0009662733693614609,2.384411632802579e-05,0.22814150318255533,0.15771271319316255,0.00023093334090301156,0.008323482763004954,0.38398099765771476,0.0064953838601536865,0.029213342643651167,0.1834896046616836
10.0,10.0,-1.0,-1.0,-1.0,-1.0,-1.0,-1.0,10.0,8.0,-1.0,4.0,4.0,G,90.0,B,B-,0.008641910064477358,0.04110799242704984,0.02049387829124202,0.021197270009880517,0.20285030161474113,0.18708934598709792,0.27656030660616066,0.17559439185605122,0.058183603461685995,0.0009313291784740955,0.0073496705031391345
4.0,4.0,-1.0,-1.0,-1.0,-1.0,-1.0,-1.0,7.0,9.0,-1.0,3.25,3.25,G,120.0,A,B-,0.014452581370385312,0.05945514423164047,0.06148251224169661,0.023350998651873858,0.1837992255154682,0.21632487893255162,0.2268202411257358,0.1473410530586274,0.059468807479372644,0.0005451433714313311,0.006959414021216676
5.0,8.0,-1.0,-1.0,-1.0,-1.0,-1.0,-1.0,10.0,8.0,-1.0,3.7125,3.7125,G,60.0,A,B-,0.03215477048384507,0.08529355712645595,0.015662401695343088,0.042507194863765245,0.14885056374304081,0.19683950979633685,0.2301218399717926,0.21085833978220495,0.028882653715079584,0.00390221238036931,0.00492695644176658
7.0,8.0,-1.0,-1.0,-1.0,-1.0,-1.0,-1.0,10.0,5.0,-1.0,3.98,3.98,G,50.0,C,B,0.03616120031819613,0.04917229327461949,0.023137032643294,0.06383614457068937,0.1985403323169332,0.16099261808742257,0.1918775296382361,0.2418714672369492,0.027821874205324094,0.0014999839599344354,0.005089523748401511
-1.0,-1.0,-1.0,-1.0,-1.0,-1.0,-1.0,-1.0,-1.0,7.0,-1.0,2.682222222,2.007692308,S,10.0,C-,A-,0.15183522974850527,0.026318170766507255,0.0003296093597079017,0.05194447191825741,0.08674427486500652,0.06344710116105429,0.10346537029073069,0.15026803494553573,0.04156524835051028,0.168201397323623,0.15588109127056163
10.0,-1.0,-1.0,-1.0,-1.0,-1.0,-1.0,-1.0,-1.0,8.0,-1.0,3.722222222,3.722222222,G,40.0,B+,A,0.0025945104074625264,0.0005166470075724961,3.937907881970598e-05,0.008357954104614705,0.07865099175960331,0.012430353756457352,0.11584420854309267,0.21491786867643733,0.04960690471043675,0.013969189909532343,0.5030719920459708
