Object-Oriented Programming and Data Structures I,Programming in C++,Introduction to Programming,Finite Mathematics with Applications,Intermediate Algebra,Mathematical Problem Solving,Elementary Algebra,Basic Algebra,Discrete Mathematics,Calculus and Analytic Geometry I,Trigonometry and Analytic Geometry,College Algebra,Precalculus,Database Design and Implementation,predicted score,F,D,D+,C-,C,C+,B-,B,B+,A-,A
7.0,7.0,10.0,-1.0,-1.0,-1.0,-1.0,-1.0,7.0,6.0,-1.0,-1.0,-1.0,D,B,0.033818881416668084,0.018013860290117308,0.011822598198724906,0.03300452066084133,0.09768023474696101,0.07669149103857698,0.13885094138387413,0.2058830639919595,0.1154668937437279,0.15369300430275806,0.11507451022579057
7.0,-1.0,-1.0,-1.0,-1.0,-1.0,-1.0,-1.0,3.0,7.0,-1.0,-1.0,-1.0,C-,B,0.05551268072333436,0.03649981047252263,0.02298906837522218,0.05728439404011531,0.14369220025887855,0.18099664601943555,0.07008502529459665,0.19412074266814675,0.12894619881684494,0.054479392699060845,0.055393840631842196
5.0,5.0,-1.0,-1.0,-1.0,-1.0,-1.0,-1.0,0.0,-1.0,-1.0,-1.0,-1.0,C+,B,0.06848160492479784,0.03670897548460557,0.02610874509915092,0.0693085929387704,0.22576118857714378,0.11816222669106649,0.05616366595928186,0.2274054738445283,0.06755176952252573,0.050534150133244915,0.05381360682488409
10.0,10.0,-1.0,-1.0,-1.0,-1.0,-1.0,-1.0,4.0,1.0,1.0,-1.0,-1.0,B,B,0.037853174332220886,0.01764937369612184,0.01643395134059646,0.0354436865276722,0.13660326489946867,0.07199366042186744,0.050676845265495166,0.23378647276233847,0.09202000610991269,0.09130125694006433,0.2162383077042419
10.0,-1.0,-1.0,-1.0,-1.0,-1.0,-1.0,-1.0,7.0,7.0,-1.0,-1.0,-1.0,B+,B+,0.04215379820934541,0.026241998143446268,0.018799168121445227,0.04324695376265831,0.10383283308177849,0.15795383100777882,0.07009849881530776,0.16653818035713275,0.1707094125710437,0.0718257447080467,0.12859958122201673
-1.0,10.0,-1.0,-1.0,-1.0,-1.0,-1.0,-1.0,4.0,-1.0,-1.0,-1.0,-1.0,B-,B,0.045811636544059856,0.03457065684978515,0.02436623639877635,0.0761141182525825,0.1654592308995892,0.08857562765994662,0.06838890047908083,0.27581789957276753,0.045416516156986796,0.07577852409939506,0.0997006530870302
4.0,7.0,-1.0,4.0,-1.0,-1.0,-1.0,-1.0,-1.0,-1.0,0.0,4.0,-1.0,C+,B,0.05395093970796937,0.028823265591802937,0.023015860555697338,0.052952231316635824,0.25868366578383234,0.11386426174273605,0.04733362243333555,0.26438776457407204,0.05872298515879684,0.05125715912683248,0.047008244008289395
10.0,-1.0,-1.0,8.0,-1.0,-1.0,-1.0,-1.0,-1.0,-1.0,-1.0,-1.0,-1.0,B,C,0.06629259550325715,0.029414257482633377,0.025865087502906035,0.047360731614001776,0.2590060265562592,0.15961632432991302,0.053070637103142304,0.15662176999796978,0.13115844865588552,0.042499683834648624,0.02909443741938314
5.0,10.0,-1.0,-1.0,-1.0,-1.0,-1.0,-1.0,1.0,4.0,-1.0,-1.0,-1.0,C-,B,0.04289921571851767,0.02687124955545793,0.020833855624054192,0.049921990829028894,0.15068824337699882,0.09422717087903756,0.06231395355709513,0.3113443216746747,0.07076367316486389,0.07478436723695926,0.09535195838331201
4.0,4.0,-1.0,7.0,-1.0,-1.0,-1.0,-1.0,-1.0,-1.0,0.0,-1.0,-1.0,F,C,0.05961205043261513,0.033428299021680125,0.026975190407591908,0.05916862331437192,0.26290940691586046,0.1286063080442806,0.05852521411430141,0.21142052706672632,0.07858456179684169,0.05076864630599231,0.030001172579738083
4.0,7.0,10.0,-1.0,-1.0,-1.0,-1.0,-1.0,4.0,7.0,-1.0,-1.0,-1.0,D,B,0.040934526455824946,0.024167424562312117,0.013976322222523973,0.04205006736997099,0.12195184152611331,0.08874099441249493,0.14633198817375626,0.2423946973402206,0.09366272970355462,0.12763317135881885,0.05815623687440941
6.0,4.0,-1.0,-1.0,-1.0,-1.0,-1.0,-1.0,-1.0,1.0,-1.0,-1.0,-1.0,C,B,0.06925402792224845,0.0368748954588999,0.02562387411455355,0.0649000795367462,0.2210444721765769,0.1295877428660982,0.05585061768047254,0.2294238668847405,0.07597902088606097,0.04712800545471414,0.04433339701888858
4.0,7.0,-1.0,-1.0,-1.0,-1.0,-1.0,-1.0,7.0,4.0,-1.0,-1.0,4.0,B,B,0.03545732772751189,0.026115260975837412,0.019726976862789517,0.05250416201432978,0.08046282997383176,0.11800895481386679,0.08401321198150838,0.2785777873958445,0.0792719404213488,0.08172131333749387,0.14414023449563715
7.0,9.0,10.0,-1.0,-1.0,-1.0,-1.0,-1.0,7.0,7.0,-1.0,-1.0,-1.0,B,B,0.028688429120703098,0.01568330991336463,0.010700052055822884,0.028903199494881376,0.08605739601397226,0.0667540275471654,0.13535474403791303,0.22163497328264933,0.10844915195738603,0.16592880006555108,0.13184591651059088
10.0,7.0,-1.0,-1.0,-1.0,-1.0,-1.0,-1.0,7.0,-1.0,-1.0,-1.0,-1.0,B,A,0.037386850903553245,0.018373758865403902,0.01704287429498642,0.03877046426930108,0.11842954578563572,0.08000474703328603,0.05402533234741344,0.18361873247286825,0.09902096028238538,0.08679618539351246,0.26653054835165413
8.0,-1.0,-1.0,-1.0,-1.0,-1.0,-1.0,-1.0,-1.0,-1.0,-1.0,-1.0,-1.0,B+,C,0.08743341916619227,0.04046283784587013,0.02689850594635216,0.06885904669070338,0.2513983155924519,0.15601233809847448,0.04991603950705219,0.16351257824849555,0.08859922528317044,0.03506830582094423,0.03183938780029344
10.0,-1.0,-1.0,-1.0,-1.0,-1.0,-1.0,-1.0,10.0,-1.0,-1.0,-1.0,-1.0,A,A,0.04664659798489419,0.024566758599629583,0.019475580817891004,0.04928720831802565,0.1191033671434584,0.1262040244821747,0.061786726642458475,0.12464038189438761,0.14054045192228382,0.073685137614319,0.21406376458047754
7.0,7.0,-1.0,-1.0,-1.0,-1.0,-1.0,-1.0,3.0,6.0,-1.0,-1.0,-1.0,A,B,0.040431475489079494,0.02559541459870769,0.019653607697541643,0.04514035820460943,0.1269476088101678,0.11084534389683065,0.06659147668449547,0.2699065401799477,0.09978840213185812,0.07922841206147296,0.11587136024528899
10.0,10.0,-1.0,-1.0,-1.0,-1.0,-1.0,-1.0,-1.0,10.0,-1.0,-1.0,-1.0,A,B,0.03554334271866004,0.02028088725838635,0.016848900240088466,0.031858359837631446,0.11951907693218684,0.09796613233185675,0.058392908441128585,0.34287807730627984,0.1062488361646368,0.07598350194811485,0.09447997682102995
9.0,10.0,-1.0,-1.0,-1.0,-1.0,-1.0,-1.0,-1.0,7.0,-1.0,-1.0,7.0,B,B,0.040354838524585615,0.02191673368519521,0.018408427303284722,0.03752297654812217,0.0851431580497955,0.11720772440293974,0.06880079235771643,0.4086096822219681,0.07849323296668657,0.05721074954215893,0.06633168439754704
6.0,9.0,-1.0,-1.0,-1.0,-1.0,-1.0,-1.0,7.0,-1.0,-1.0,-1.0,-1.0,B,A,0.03610716681942405,0.021171551581843504,0.01837442509934305,0.046677649470828725,0.12114294382076986,0.07665386209426601,0.05970408525149246,0.2145609389702005,0.07459495449864484,0.09197885345777182,0.2390335689354153
10.0,-1.0,-1.0,-1.0,-1.0,-1.0,-1.0,-1.0,10.0,-1.0,-1.0,-1.0,-1.0,B+,A,0.04664659798489419,0.024566758599629594,0.019475580817891004,0.04928720831802565,0.1191033671434584,0.1262040244821747,0.061786726642458475,0.12464038189438761,0.14054045192228384,0.073685137614319,0.21406376458047754
7.0,7.0,-1.0,-1.0,-1.0,-1.0,-1.0,-1.0,4.0,10.0,-1.0,-1.0,7.0,B,B,0.03151253448615916,0.022589725717943765,0.01717365341418447,0.038529103915994456,0.05779522432804978,0.13859859216887863,0.08633509457317294,0.34928687331597397,0.09614962093594426,0.06929357479931812,0.09273600234438018
7.0,9.0,10.0,10.0,10.0,-1.0,-1.0,-1.0,6.0,7.0,-1.0,-1.0,4.0,A-,B,0.021998059797354697,0.011119883273233131,0.010029643017739098,0.022324290765252126,0.08460246435295739,0.09253718362436864,0.14624506936898196,0.2618102095400635,0.16655963983871522,0.12479407271771994,0.05797948370361431
4.0,7.0,-1.0,-1.0,-1.0,-1.0,-1.0,-1.0,-1.0,4.0,-1.0,-1.0,-1.0,C,B,0.05516768029354789,0.03485216344590326,0.02393709184666612,0.06075975638812168,0.18509039136909572,0.1178318938359216,0.06142254641906709,0.2883729952304379,0.06798680089467404,0.05582375022847487,0.048754930048089964
3.0,4.0,10.0,4.0,-1.0,-1.0,-1.0,-1.0,-1.0,1.0,3.0,-1.0,-1.0,C,C,0.0679024815442646,0.030081006635992575,0.017164880639862712,0.05092232994015614,0.2737203310576393,0.09490110270884858,0.10880283738441682,0.18417710528621453,0.0770606262973766,0.07965970520782997,0.015607593297398048
3.0,7.0,9.0,5.0,7.0,-1.0,-1.0,-1.0,-1.0,-1.0,-1.0,0.0,-1.0,C+,C,0.05770895662854616,0.024904211547763618,0.01687011612785772,0.0501717574067543,0.2769951253228533,0.09444442741165257,0.09394197906550572,0.22379616966235574,0.0763427350894908,0.06492219717369022,0.019902324563529843
4.0,7.0,-1.0,3.0,-1.0,-1.0,-1.0,-1.0,-1.0,-1.0,-1.0,-1.0,-1.0,B-,B,0.0588515661596849,0.03295007417571138,0.026084392204060548,0.0617898244885129,0.23651417428407268,0.10945643275648188,0.05765099364731596,0.251993940023534,0.06486214336408244,0.05467836764283751,0.04516809125370576
7.0,10.0,-1.0,-1.0,-1.0,-1.0,-1.0,-1.0,1.0,5.0,-1.0,-1.0,-1.0,C,B,0.04042054229990681,0.023817776689450933,0.019381071031737772,0.04301305514556012,0.14000855459380385,0.09282171510149824,0.0605710164307076,0.30978178371271425,0.08223825274323603,0.07798717555830284,0.1099590566930815
3.0,8.0,-1.0,-1.0,-1.0,-1.0,-1.0,-1.0,1.0,7.0,-1.0,-1.0,-1.0,C+,B,0.04268560314390375,0.03191283629051889,0.021723467732712803,0.055238509491728094,0.14041936727627777,0.11521693522006979,0.0699126807605061,0.31405609077060254,0.07292073289834566,0.06941006221359103,0.06650371420174365
7.0,10.0,-1.0,-1.0,-1.0,-1.0,-1.0,-1.0,0.0,-1.0,-1.0,-1.0,-1.0,B,B,0.053913915964490675,0.026269734380052014,0.022266200751091304,0.05222314873059786,0.1983687303078906,0.08548208662677685,0.05270141116816495,0.2767698731768376,0.06638178859503693,0.06646306548198451,0.0991600448170766
4.0,7.0,7.0,-1.0,-1.0,-1.0,-1.0,-1.0,4.0,4.0,10.0,-1.0,-1.0,C,C,0.05298422588223047,0.023881923120822046,0.013591754829754343,0.04390461881060485,0.21194917264522217,0.07367677698858521,0.08849212890642065,0.19986309637263705,0.09156000349614546,0.13453772635757622,0.06555857259000153
5.0,4.0,10.0,-1.0,-1.0,-1.0,-1.0,-1.0,0.0,1.0,-1.0,-1.0,-1.0,C+,C,0.07262790614644235,0.03205620448390319,0.01791330736487391,0.05616314482640608,0.22054917324725606,0.10059470362665945,0.11677414497039097,0.19937566903296094,0.07931645228388332,0.0780343563207219,0.026594937696501914
10.0,-1.0,-1.0,-1.0,-1.0,-1.0,-1.0,-1.0,4.0,-1.0,-1.0,-1.0,-1.0,B-,C,0.06958466005970404,0.03252518399198607,0.02416243250799441,0.05933644175164882,0.18897969133169013,0.14914556430403186,0.05739134315128934,0.15248115465984713,0.12492351165466008,0.05338887598569082,0.08808114060145707
7.0,6.0,-1.0,-1.0,-1.0,-1.0,-1.0,-1.0,4.0,4.0,-1.0,-1.0,-1.0,A,B,0.04342721425298743,0.026529126489100174,0.020459265436455775,0.04873972146460747,0.13409792789586686,0.11246681597371201,0.06618355799114295,0.24263687081129495,0.10007482832776925,0.07839094917081542,0.12699372218624777
5.0,7.0,-1.0,-1.0,-1.0,-1.0,-1.0,-1.0,3.0,6.0,-1.0,-1.0,-1.0,C+,B,0.04133014679484387,0.02861322715204663,0.02075467519967393,0.050953785975062754,0.13050401015568272,0.11453717347058871,0.06992745556016962,0.2777870008538202,0.08863898904875345,0.07728239588083918,0.09967113990851884
7.0,7.0,-1.0,-1.0,-1.0,-1.0,-1.0,-1.0,7.0,-1.0,-1.0,-1.0,-1.0,B,A,0.04017364076117558,0.022579082642616696,0.019228906961579674,0.048341426051274235,0.12833949663447813,0.08736963788510907,0.060442488640731616,0.19932694980770038,0.08618773983608952,0.08693633896022378,0.22107429181902144
9.0,10.0,-1.0,-1.0,-1.0,-1.0,-1.0,-1.0,6.0,8.0,-1.0,-1.0,9.0,A-,B,0.024348369629326946,0.0156007579546618,0.014062218357621744,0.029476854129685745,0.04189890679604663,0.10343103206141555,0.0803302432658948,0.3498141348715347,0.08941069357710692,0.08005518504174221,0.17157160431496316
0.0,4.0,7.0,-1.0,0.0,-1.0,-1.0,-1.0,-1.0,-1.0,-1.0,0.0,-1.0,C,C,0.07791594632022765,0.042003499571984335,0.021624244181065955,0.07833377101212038,0.25923880165831703,0.10874574070913674,0.09036486488249615,0.20402049654689813,0.04848711503652961,0.052021419737678994,0.017244100343545142
4.0,7.0,-1.0,-1.0,-1.0,-1.0,-1.0,-1.0,1.0,7.0,0.0,-1.0,-1.0,D+,B,0.045347742174547935,0.03171871248958825,0.021505401928043316,0.05393388080918647,0.1488112643232852,0.11944239478224022,0.0677126787385225,0.2954031084177625,0.08118498255124806,0.06911946116987945,0.06582037261569593
7.0,7.0,7.0,7.0,-1.0,-1.0,-1.0,-1.0,-1.0,-1.0,-1.0,7.0,-1.0,B-,C,0.05003331322830361,0.019876661304964592,0.01616625199558992,0.034518647681442284,0.26843314352753034,0.10001379089212557,0.07144533386816382,0.2500118699903523,0.07655450963076546,0.07452603097140549,0.03842044690935663
4.0,7.0,-1.0,-1.0,-1.0,-1.0,-1.0,-1.0,1.0,4.0,3.0,4.0,-1.0,C,B,0.04976250093798729,0.02897631392068685,0.01949292622603404,0.05123351219480864,0.20222864167384386,0.11376851841252668,0.049708527345671584,0.28313918600842974,0.06643189185689298,0.06347556514073975,0.07178241628237889
9.0,7.0,-1.0,-1.0,-1.0,-1.0,-1.0,-1.0,4.0,-1.0,-1.0,-1.0,-1.0,A-,B,0.048505582532255044,0.02348489884805385,0.020495436891183105,0.04748459768757018,0.1589123574079494,0.09288620531539697,0.05605830739748797,0.21646980887756204,0.09244284619505534,0.07666343664111373,0.16659652220637233
5.0,7.0,-1.0,-1.0,-1.0,-1.0,-1.0,-1.0,0.0,-1.0,-1.0,-1.0,-1.0,C,B,0.0629418186988769,0.03365914937723613,0.025101238277253513,0.06512649257589691,0.217307254008314,0.10544463411993765,0.055974398373827186,0.24947275016513734,0.06413796023801145,0.05597042612465206,0.06486387804085691
7.0,-1.0,-1.0,-1.0,-1.0,-1.0,-1.0,-1.0,0.0,-1.0,-1.0,-1.0,-1.0,C-,C,0.08442956582228359,0.04168108630108736,0.027223812959608164,0.07241488726986671,0.24095679860610453,0.15746218127604253,0.05286746225901428,0.16375699460304946,0.08694023672821827,0.03731027550153355,0.03495669867319162
7.0,10.0,10.0,-1.0,-1.0,-1.0,-1.0,-1.0,3.0,4.0,7.0,-1.0,-1.0,C-,B,0.045662508646003686,0.017586142132313305,0.011254788598223457,0.03238267774262439,0.1806905629157615,0.05792527838354698,0.10098189345973295,0.22128728935902048,0.09531386704054322,0.15846491652189398,0.0784500752003361
4.0,4.0,-1.0,-1.0,-1.0,-1.0,-1.0,-1.0,-1.0,0.0,-1.0,-1.0,1.0,B,B,0.07255419501800829,0.04097385737360717,0.02722101603957668,0.07465742560767723,0.20755959924742964,0.13695030847261616,0.05959212220101322,0.24101435950631792,0.06213689249703034,0.042186118547635425,0.03515410548908791
4.0,7.0,10.0,2.0,-1.0,-1.0,-1.0,-1.0,-1.0,-1.0,1.0,1.0,-1.0,F,C,0.06572951879838955,0.02685060566559551,0.0166283977645275,0.048987122338709575,0.26874775037436366,0.08219886516538648,0.09948419363849734,0.2179667329629097,0.06429815979530934,0.08336895027505924,0.025739703221252165
4.0,7.0,-1.0,-1.0,-1.0,-1.0,-1.0,-1.0,-1.0,4.0,-1.0,-1.0,4.0,C,B,0.05524462632877032,0.03470426902041775,0.024039209114636764,0.06146616205964535,0.13611607697833508,0.1347794893732594,0.06959988414236126,0.3331826250163714,0.06193021667180204,0.048613381949309975,0.04032405934509079
6.0,4.0,-1.0,-1.0,-1.0,-1.0,-1.0,-1.0,5.0,3.0,-1.0,-1.0,-1.0,B,B,0.04754859874249641,0.030191236062280146,0.022006149431368416,0.05629678482579665,0.14032129019428288,0.12543467616944032,0.06916398196926116,0.21711708900250182,0.10056648187340964,0.07430501195292434,0.1170486997762382
4.0,5.0,-1.0,-1.0,-1.0,-1.0,-1.0,-1.0,6.0,6.0,-1.0,-1.0,9.0,B+,B,0.0380096812996337,0.028951013085294047,0.020453666717648825,0.05471585345953637,0.06009789024102371,0.159890833981686,0.09753694973574825,0.315697308905641,0.07885121736430983,0.06251727627736059,0.08327830893211753
7.0,-1.0,-1.0,-1.0,-1.0,-1.0,-1.0,-1.0,5.0,-1.0,-1.0,-1.0,-1.0,A-,C,0.06783077668190803,0.03698758323311404,0.025502569245344553,0.06955824867542697,0.1838823804770583,0.15360505028406624,0.06303367705444136,0.15520732162075762,0.10752974913663044,0.054715818856485916,0.08214682473476667
8.0,4.0,10.0,-1.0,7.0,-1.0,-1.0,-1.0,3.0,3.0,-1.0,-1.0,4.0,B,B,0.05768856431043857,0.02294815114861341,0.014399403442388133,0.04507805701616142,0.13717962024554625,0.12283654865831252,0.1288523087465132,0.23043046997642744,0.12441101044899561,0.07575644290402479,0.040419423102578615
7.0,4.0,10.0,-1.0,-1.0,-1.0,-1.0,-1.0,4.0,4.0,3.0,-1.0,-1.0,B,B,0.05540233790855197,0.024039754953184268,0.013973268551497083,0.04190467240971553,0.17198773457134908,0.0914025910108997,0.1213211333816006,0.18389076511004007,0.11766242377882508,0.12139792244779667,0.05701739587654003
7.0,0.0,-1.0,-1.0,-1.0,-1.0,-1.0,-1.0,6.0,4.0,-1.0,-1.0,4.0,C+,B,0.05175424687572362,0.03294823438577703,0.02271785165212916,0.058979554735408925,0.10009561481368827,0.18077629124743122,0.08197556258395863,0.2096065138225666,0.11694795032704788,0.05906054784228259,0.08513763171398592
10.0,7.0,4.0,-1.0,-1.0,-1.0,-1.0,-1.0,0.0,1.0,-1.0,-1.0,1.0,F,B,0.060769053662885784,0.024466157893704783,0.01894309273744362,0.04428659471631274,0.17637789419286778,0.09978330759604569,0.07823177296067231,0.2559561485645287,0.09639537753126637,0.0754659340797461,0.06932466606452616
7.0,9.0,-1.0,-1.0,-1.0,-1.0,-1.0,-1.0,7.0,-1.0,-1.0,-1.0,-1.0,A,A,0.03528187476504683,0.01978254991650505,0.01766480512630832,0.0434045411834321,0.11804031972574218,0.07449917408630605,0.057560085292848395,0.20894564609168162,0.07819320433774607,0.09200683660876878,0.25462096286561464
10.0,10.0,10.0,-1.0,-1.0,-1.0,-1.0,-1.0,10.0,10.0,-1.0,10.0,-1.0,A,A,0.014699289816184955,0.007608669107539523,0.005735126660599393,0.013430012028506322,0.054898638221433524,0.057996171804080274,0.08172601727510223,0.22083180867803298,0.09657876820831203,0.15852200087199872,0.28797349732821
6.0,7.0,10.0,-1.0,-1.0,-1.0,-1.0,-1.0,7.0,8.0,3.0,9.0,-1.0,B,B,0.030538234282232048,0.015489975745056575,0.009241050877334659,0.026599863978376066,0.12107445270518795,0.08734283170236791,0.09773297948394825,0.24665439019351662,0.0954559658653817,0.14544917658303452,0.12442107858356363
0.0,9.0,0.0,3.0,-1.0,-1.0,-1.0,-1.0,-1.0,0.0,-1.0,-1.0,-1.0,F,B,0.0528756291605395,0.03551350388358285,0.025608834024622478,0.06814169218079322,0.22234152641890198,0.09992228860264228,0.06631907098468169,0.28536478761417755,0.048628392479096706,0.058822360282946275,0.03646191436801542
10.0,-1.0,-1.0,-1.0,-1.0,-1.0,-1.0,-1.0,7.0,8.0,-1.0,-1.0,10.0,A-,B,0.040533111802182636,0.02563853919895471,0.018553640823166843,0.042939890217696515,0.050200361371569184,0.2150641836537081,0.0937510817307647,0.2332221066065929,0.14284290744702466,0.05364071341647111,0.0836134637318687
7.0,7.0,-1.0,-1.0,-1.0,-1.0,-1.0,-1.0,5.0,3.0,-1.0,-1.0,3.0,C,B,0.040778994500882536,0.024560520779516915,0.019910866489060833,0.04788395471352539,0.10046665271255696,0.11385465031825902,0.07295098607942196,0.27133163807519717,0.0900577492762073,0.07717353703571721,0.14103045001965478
8.0,-1.0,-1.0,-1.0,-1.0,-1.0,-1.0,-1.0,-1.0,-1.0,-1.0,-1.0,-1.0,C,C,0.08743341916619225,0.04046283784587012,0.026898505946352153,0.06885904669070336,0.25139831559245185,0.15601233809847445,0.04991603950705219,0.16351257824849552,0.08859922528317038,0.03506830582094422,0.03183938780029342
4.0,7.0,10.0,-1.0,-1.0,-1.0,-1.0,-1.0,0.0,0.0,-1.0,-1.0,-1.0,A,B,0.06662162324355646,0.029783986512180345,0.017518005545043246,0.055422143357885915,0.2192593334068084,0.083983895261985,0.11567611448298547,0.22507713997934375,0.06644084452439811,0.08758389464432911,0.032633019041484065
5.0,7.0,-1.0,-1.0,-1.0,-1.0,-1.0,-1.0,1.0,4.0,4.0,4.0,-1.0,B+,B,0.05013381319401869,0.02727911863982869,0.018716370690196583,0.04796569776679383,0.20798669047210572,0.11020690578166542,0.04754266741436172,0.2759246714720998,0.07128729220641172,0.06580258037083987,0.07715419199167779
10.0,10.0,-1.0,-1.0,-1.0,-1.0,-1.0,-1.0,10.0,-1.0,-1.0,-1.0,-1.0,A,A,0.02191923016893889,0.012431586801213515,0.008756535956152525,0.02631502865405277,0.0607167294147375,0.04457235488203624,0.051208751437562025,0.19916005048723126,0.06385882402531921,0.09709639598362847,0.41396451218912766
7.0,7.0,-1.0,-1.0,-1.0,-1.0,-1.0,-1.0,1.0,4.0,-1.0,-1.0,-1.0,B+,B,0.04974536990877683,0.026487365830030852,0.01801316754717076,0.05613632123780876,0.17030651012466658,0.11101160351735115,0.06424431849306125,0.2466238700344824,0.0866768382041966,0.06301555240653522,0.10773908269591947
3.0,4.0,-1.0,-1.0,-1.0,-1.0,-1.0,-1.0,0.0,3.0,1.0,-1.0,-1.0,B,C,0.06367466720305558,0.0330481524884957,0.020038388013647983,0.06822785075195276,0.2433056303875292,0.1471833158003165,0.06611138419066757,0.19446342012961235,0.07224379837997394,0.045206958400411106,0.04649643425433734
3.0,4.0,-1.0,-1.0,-1.0,-1.0,-1.0,-1.0,4.0,-1.0,-1.0,-1.0,-1.0,C-,B,0.06185085230854064,0.030998657884224567,0.018591303858445485,0.06629200907808598,0.18535722754431963,0.13613892745440243,0.08066381375809652,0.2118122842860129,0.06398890625759829,0.05614843824912485,0.08815757932114893
10.0,10.0,-1.0,-1.0,-1.0,-1.0,-1.0,-1.0,10.0,10.0,-1.0,-1.0,-1.0,A-,A,0.012494112818921294,0.01564268049305823,0.00928875808197649,0.02263664602955543,0.041575249975430224,0.04885657299394436,0.04428286579444081,0.21048964305654289,0.11340654853557718,0.10554044225525953,0.37578647996529374
4.0,4.0,10.0,-1.0,10.0,-1.0,-1.0,-1.0,7.0,1.0,-1.0,-1.0,5.0,B+,B,0.052669026859696835,0.03272259553032389,0.010856263471744823,0.035611679261076314,0.1041773837665547,0.09904250294544004,0.08611850929561736,0.35184128306486967,0.051715079870373444,0.12062441338751119,0.05462126254679175
6.0,4.0,-1.0,8.0,-1.0,-1.0,-1.0,-1.0,0.0,0.0,-1.0,-1.0,1.0,B,C,0.07330019557829363,0.022600402509976858,0.02040194490704097,0.05459188152479995,0.1954391765266632,0.16589742092316836,0.1001421762180993,0.16875174705475046,0.0759065176470944,0.0758277829530657,0.047140754157047104
10.0,7.0,-1.0,-1.0,-1.0,-1.0,-1.0,-1.0,10.0,4.0,-1.0,-1.0,-1.0,A,A,0.02034432082586135,0.016735027730603702,0.010174355331209008,0.029993255375152718,0.05737794528192991,0.05895677785797443,0.054169065232940634,0.20430117893001737,0.10789590960091072,0.10417472800767323,0.33587743582572693
8.0,7.0,10.0,-1.0,-1.0,-1.0,-1.0,-1.0,1.0,0.0,1.0,-1.0,-1.0,B-,B,0.08023919619347161,0.03363719687817967,0.012193133547875582,0.04568277660167677,0.1851275850824911,0.0756016374729332,0.07593399073844992,0.24562579740866777,0.06814733576197031,0.10014299834236548,0.0776683519719186
7.0,10.0,-1.0,-1.0,-1.0,-1.0,-1.0,-1.0,1.0,-1.0,-1.0,-1.0,-1.0,F,B,0.05664715058326293,0.020796114677759766,0.0163854671025512,0.05205560450368767,0.1904749773997227,0.08870406425625302,0.06419051731669655,0.2541029849973745,0.0542203479430112,0.06207715229504447,0.1403456189246359
6.0,1.0,-1.0,1.0,0.0,-1.0,4.0,-1.0,-1.0,-1.0,-1.0,-1.0,-1.0,C,C,0.07672823407528237,0.025626954648759134,0.017872731972220172,0.06573790351793919,0.2900899985433438,0.14035515253049355,0.06644434036336054,0.16590109802161407,0.07135678100176585,0.0412797600137692,0.03860704531145225
9.0,7.0,-1.0,-1.0,-1.0,-1.0,-1.0,-1.0,4.0,-1.0,-1.0,-1.0,-1.0,C,B,0.04821286012833959,0.02012397286798762,0.014525155410369976,0.04905342008255772,0.14009202207436258,0.08480502446400634,0.06535126004106481,0.23509809118105587,0.07960132603173269,0.07791858913527847,0.18521827858324452
7.0,-1.0,-1.0,-1.0,-1.0,-1.0,-1.0,-1.0,8.0,-1.0,-1.0,-1.0,-1.0,C+,B,0.04982904507940927,0.028643202971328004,0.015322080613628266,0.061087591696043,0.11772016747217211,0.1257664793940281,0.08055829798418489,0.1866204645415038,0.12386712788936355,0.07948399744944303,0.1311015449088959
-1.0,9.0,-1.0,-1.0,-1.0,-1.0,-1.0,-1.0,4.0,-1.0,-1.0,-1.0,-1.0,A-,B,0.05718197827169995,0.03149028139154215,0.019634597853504143,0.06079527689261912,0.20374875775392015,0.12794359234600575,0.08334772799574662,0.23580817134345342,0.03573386120933541,0.049971559186611406,0.09434419575556194
4.0,0.0,-1.0,-1.0,-1.0,-1.0,-1.0,-1.0,1.0,-1.0,-1.0,-1.0,4.0,F,B,0.0755681544501581,0.030327929927132874,0.019819830530975146,0.0795586053117092,0.18645283976900248,0.16365470907107801,0.0746450683077663,0.2190440368034507,0.06671783441468374,0.049137411907377554,0.03507357950666603
9.0,10.0,-1.0,-1.0,-1.0,-1.0,-1.0,-1.0,8.0,-1.0,-1.0,-1.0,-1.0,A,A,0.02895648187859599,0.015052091416658519,0.01080010960256047,0.032820145354940135,0.08418930113665568,0.05607938489102358,0.057666248987355194,0.22275750653756804,0.06389227533012315,0.0918300445798458,0.3359564102846735
9.0,4.0,-1.0,-1.0,-1.0,-1.0,-1.0,-1.0,3.0,7.0,1.0,-1.0,-1.0,C+,B,0.03885020635127114,0.026958260526042884,0.01629557933961293,0.05138906070765306,0.13729380510366027,0.10811046813577507,0.058747814147217074,0.21701664121045428,0.15270631268753132,0.07939297713872626,0.11323887465205583
7.0,7.0,-1.0,-1.0,-1.0,-1.0,-1.0,-1.0,0.0,0.0,7.0,7.0,-1.0,B,C,0.048770138604875245,0.01783709958577152,0.013526452353632968,0.04085030903861841,0.3522239894626304,0.09102009326896257,0.047743245296062255,0.18562188967889146,0.07580382574912624,0.05680719651606432,0.0697957604453646
4.0,4.0,-1.0,-1.0,-1.0,-1.0,-1.0,-1.0,4.0,4.0,-1.0,-1.0,-1.0,C,B,0.04791147705627671,0.03344846643877508,0.018923653848728947,0.06156783563706718,0.1535819024104547,0.1380560379049139,0.07526540902515237,0.22358274649751528,0.09106228030864999,0.06264079108475251,0.09395939978771324
4.0,4.0,7.0,0.0,1.0,-1.0,-1.0,-1.0,-1.0,-1.0,-1.0,-1.0,-1.0,C,C,0.09854209997537518,0.03679091862781399,0.015357206772387649,0.05816242116850123,0.23797029720542104,0.12119450754255189,0.08131719794686099,0.2100741126100414,0.049998104042126346,0.05571270116323832,0.034880432945682056
10.0,10.0,-1.0,-1.0,-1.0,-1.0,-1.0,-1.0,9.0,10.0,-1.0,-1.0,-1.0,A,A,0.014016489978451388,0.0165626387048119,0.010022454119140023,0.024605568162663686,0.0474023213238829,0.052749061876668224,0.045789987086949584,0.22043127513945396,0.11591186980799563,0.10382060096027623,0.34868773283970655
5.0,4.0,-1.0,-1.0,-1.0,-1.0,-1.0,-1.0,1.0,1.0,-1.0,-1.0,4.0,D,B,0.06208836708109833,0.027528285999295275,0.019507972820404937,0.06835930534458316,0.17005949992716893,0.13649116918948048,0.0713039310417447,0.26366020942809504,0.06617248890331325,0.059433702323087,0.055395067941728805
8.0,4.0,7.0,-1.0,7.0,-1.0,-1.0,-1.0,3.0,0.0,-1.0,-1.0,4.0,C+,B,0.06363535658232977,0.02645645473971507,0.012136248403133201,0.04266407492881693,0.13511910359219081,0.09616406337909846,0.07358574319522389,0.32397824960894894,0.06583829910981501,0.10083327465934676,0.05958913180138121
7.0,7.0,7.0,-1.0,-1.0,-1.0,-1.0,-1.0,1.0,4.0,-1.0,-1.0,-1.0,C+,B,0.06265773534778303,0.03585336038929246,0.014569096824336318,0.04896443411195131,0.15765471073924173,0.09297793465297773,0.0751085274071257,0.26419071860604,0.07878553113282319,0.0855699142954858,0.08366803649294285
7.0,7.0,-1.0,-1.0,-1.0,-1.0,-1.0,-1.0,4.0,7.0,-1.0,-1.0,-1.0,A-,B,0.034644740711181,0.027230902443523036,0.016702976823720354,0.048085066139628346,0.11878044804623046,0.10366393807824781,0.06401522262585112,0.24987639629261102,0.10882306247465837,0.07762386066274761,0.15055338570160068
6.0,6.0,-1.0,3.0,1.0,-1.0,-1.0,-1.0,-1.0,-1.0,-1.0,-1.0,-1.0,B+,C,0.07491009796047397,0.022614754594669575,0.01869351945173461,0.056781593137550136,0.24128607936686652,0.13417974497928442,0.07667434763920572,0.19865177597182887,0.06043057700383057,0.05544765110287788,0.06032985879167761
7.0,7.0,-1.0,-1.0,-1.0,-1.0,-1.0,-1.0,-1.0,-1.0,3.0,1.0,-1.0,C,C,0.06577079378887671,0.02114078136855265,0.01620826204293528,0.05481640052760001,0.29196833414679985,0.09986464262059416,0.05597754056832165,0.20282340480424857,0.06590496652805067,0.053627629708574584,0.07189724389544586
7.0,7.0,-1.0,-1.0,-1.0,-1.0,-1.0,-1.0,7.0,4.0,7.0,8.0,-1.0,A,B,0.025759302935771035,0.01896952314419966,0.01190196845978869,0.031170462250686915,0.18552052407911102,0.08216394365789212,0.053032814901873206,0.20585910353045264,0.11888951259868226,0.0964133333416425,0.17031951109989993
10.0,10.0,-1.0,-1.0,-1.0,-1.0,-1.0,-1.0,9.0,-1.0,-1.0,-1.0,-1.0,B+,A,0.024600625513726795,0.013168367111439185,0.009452262307463804,0.028616213696596796,0.06925643233656247,0.04814423881476087,0.052974393664071265,0.20865640194904694,0.06529767234277963,0.0955552920139385,0.3842781002496137
9.0,7.0,-1.0,-1.0,-1.0,-1.0,-1.0,-1.0,4.0,-1.0,-1.0,-1.0,-1.0,C,B,0.04821286012833959,0.02012397286798762,0.014525155410369976,0.04905342008255772,0.14009202207436258,0.08480502446400634,0.06535126004106481,0.23509809118105587,0.07960132603173269,0.07791858913527847,0.18521827858324452
7.0,7.0,-1.0,-1.0,-1.0,-1.0,-1.0,-1.0,-1.0,4.0,7.0,7.0,-1.0,F,C,0.04311602224187924,0.019849502013728683,0.014415852889040442,0.04064054775662248,0.33829598223379487,0.09823004354820304,0.04527098227326945,0.1917480789916868,0.0922995929534785,0.055687674265488034,0.06044572083280848
1.0,7.0,-1.0,-1.0,-1.0,-1.0,-1.0,-1.0,-1.0,-1.0,-1.0,-1.0,1.0,B-,C,0.074717061347368,0.028918780224380592,0.020486052219938444,0.06949788807847307,0.25308648425722274,0.1383760009117808,0.07055747581741553,0.22684090879226024,0.03601439297622912,0.03811147916662556,0.04339347620830593
10.0,7.0,-1.0,-1.0,-1.0,-1.0,-1.0,-1.0,6.0,5.0,-1.0,-1.0,-1.0,C,B,0.028914080770150705,0.02028124902714111,0.013092593765104008,0.03900207291294519,0.08846578544378479,0.07628648777060482,0.05771343667212976,0.23321083640458026,0.11715529073443216,0.09281897212363555,0.23305919437549158
4.0,4.0,9.0,4.0,-1.0,-1.0,-1.0,-1.0,-1.0,1.0,7.0,4.0,-1.0,C,C,0.08219295578398761,0.031741123985053465,0.01265327911833113,0.039078443386850854,0.341365315414387,0.10969579669483279,0.07513710026495078,0.1417760148557897,0.06706018133324848,0.07774905519068087,0.021550733971887396
4.0,6.0,-1.0,-1.0,-1.0,-1.0,-1.0,-1.0,8.0,4.0,6.0,8.0,-1.0,A,B,0.027324551148185876,0.02356997832880834,0.013399168391465682,0.035333241746810844,0.18801802426614517,0.10214647821538128,0.062094993074797655,0.20856964660404892,0.10532802019385591,0.08760680727848152,0.14660909075201886
4.0,4.0,-1.0,-1.0,0.0,-1.0,-1.0,-1.0,-1.0,-1.0,-1.0,0.0,-1.0,D,C,0.07612676996978897,0.027639813417024654,0.018764332259939908,0.06791654747772316,0.25918399824999977,0.14037025808142103,0.06696222821525075,0.20143300635919884,0.05503591840699103,0.03901976515636492,0.0475473624062971
7.0,7.0,-1.0,-1.0,1.0,-1.0,-1.0,-1.0,4.0,5.0,1.0,4.0,7.0,C+,B,0.030781507450615166,0.019584750657341127,0.01508510097315225,0.04047949162246836,0.11797416195275336,0.10190005763966553,0.05954587303215591,0.3475296560720919,0.08047759767995304,0.0924862477081172,0.09415555521168605
8.0,10.0,-1.0,-1.0,-1.0,-1.0,-1.0,-1.0,8.0,-1.0,-1.0,-1.0,-1.0,B,A,0.030437378046312323,0.01627942499091009,0.011457761590970979,0.03469310395803606,0.08992585958851242,0.060613039649440204,0.06081885703076743,0.22750248551269905,0.06127804138526997,0.08987644025767211,0.31711760798940947
0.0,4.0,10.0,-1.0,7.0,-1.0,-1.0,-1.0,1.0,5.0,1.0,4.0,-1.0,C-,C,0.06401001846186191,0.04609108979998029,0.013231666996587265,0.04023406301324813,0.24745175766931463,0.13782999053573197,0.0762596688568696,0.24478371866230156,0.05021941052921022,0.056187743783819716,0.02370087169107456
7.0,4.0,-1.0,-1.0,-1.0,-1.0,-1.0,-1.0,6.0,1.0,-1.0,-1.0,-1.0,C-,B,0.04469726244475106,0.025912786739945532,0.015670534507496007,0.053771560408107176,0.1257474342773101,0.10701101795889627,0.07303025384147772,0.22052302668423832,0.09882840042025244,0.07895560740900942,0.15585211530851598
5.0,0.0,-1.0,-1.0,-1.0,-1.0,-1.0,-1.0,0.0,0.0,0.0,-1.0,-1.0,C,C,0.07724212795116657,0.03133782452194322,0.018879934968130594,0.07585247039272207,0.23567961880933416,0.15518210417007985,0.06753466964064246,0.17134371063101972,0.08400017726495974,0.042546926509568046,0.04040043514043351
4.0,7.0,10.0,-1.0,-1.0,-1.0,-1.0,-1.0,-1.0,-1.0,0.0,0.0,-1.0,C,C,0.09721484460062414,0.03854665882600355,0.013725631278652244,0.051654662972558024,0.24006692769272436,0.09373622260643588,0.0800222583143431,0.23371193349624333,0.042729153123575565,0.06547550137947894,0.04311620570936096
9.0,9.0,-1.0,7.0,-1.0,-1.0,-1.0,-1.0,-1.0,-1.0,-1.0,-1.0,-1.0,B,C,0.06868658075285726,0.01741603724613486,0.01807203671818326,0.045903457033553204,0.20787930758525539,0.11320071189031941,0.08601190873986815,0.1935866390793487,0.06904694711235428,0.08358295330346081,0.0966134205386648
7.0,10.0,10.0,7.0,-1.0,-1.0,-1.0,-1.0,-1.0,-1.0,-1.0,9.0,-1.0,B,C,0.07114721723767765,0.022549948312692043,0.011900898983503149,0.028042099803055453,0.23070576996665704,0.09364045246426433,0.10212110677422853,0.22945694120876992,0.04666880993814671,0.09933028152300943,0.06443647378799583
7.0,4.0,-1.0,-1.0,-1.0,-1.0,-1.0,-1.0,4.0,4.0,6.0,3.0,-1.0,B,C,0.04020974820970798,0.024577474242572697,0.014884508735033115,0.046254687408198256,0.21629456161927318,0.10607644907055662,0.05645417411058742,0.18863985129334807,0.13224193698835457,0.0802429508784984,0.09412365744386984
6.0,10.0,-1.0,-1.0,-1.0,-1.0,-1.0,-1.0,3.0,1.0,-1.0,-1.0,1.0,B,B,0.045551259989709096,0.021987965256740676,0.01652939911954985,0.049457308245218164,0.14731944467644745,0.09100504836556185,0.06704155958178445,0.2818998292890946,0.05705063599536477,0.07326039084752917,0.14889715863299993
4.0,7.0,-1.0,-1.0,-1.0,-1.0,-1.0,-1.0,0.0,4.0,-1.0,-1.0,4.0,C+,B,0.05348000220726242,0.02823943519330048,0.020469523185840433,0.06302164310470204,0.1697794534631461,0.13134806635645516,0.06748482376723783,0.2920068338347026,0.05948117754301208,0.05782071962082468,0.05686832172351622
6.0,8.0,10.0,-1.0,-1.0,-1.0,-1.0,-1.0,5.0,4.0,-1.0,-1.0,3.0,B-,B,0.048287695018545206,0.03562222517535127,0.012060246675744724,0.03905639725381428,0.0942206982036883,0.07529473485443726,0.08293422856548889,0.3184722088723475,0.06488191735943705,0.13038034930942935,0.09878929871171616
8.0,7.0,8.0,-1.0,-1.0,-1.0,-1.0,-1.0,4.0,7.0,-1.0,-1.0,7.0,B-,B,0.038812613375467035,0.03034989566353461,0.012532496793348098,0.038876274028238796,0.07404682458441493,0.07737974825594479,0.07100622957049316,0.3592278113768297,0.08134062667699704,0.13711711293342962,0.07931036674130214
4.0,7.0,-1.0,-1.0,-1.0,-1.0,-1.0,-1.0,-1.0,-1.0,-1.0,0.0,-1.0,B,C,0.07141171904589667,0.025925916821770683,0.018764404709002792,0.0636366543992215,0.25471385040446193,0.12283699678423897,0.06689256532363295,0.22144880550945364,0.047904656076326234,0.04240612097948479,0.06405830994650989
4.0,10.0,-1.0,-1.0,-1.0,-1.0,-1.0,-1.0,4.0,-1.0,-1.0,-1.0,-1.0,B,B,0.049820359250008966,0.023697350020925503,0.016652153559707197,0.05118674479661549,0.1674452329228697,0.09514867953191626,0.07282191947346639,0.251993718758979,0.04789702367780978,0.06536828671066935,0.15796853129703237
7.0,10.0,-1.0,-1.0,-1.0,-1.0,-1.0,-1.0,-1.0,-1.0,-1.0,7.0,-1.0,C+,B,0.05081167033667071,0.017588792530420276,0.014947156514676867,0.04286788915777531,0.25064549598323144,0.09364443343725215,0.05799012224664192,0.263823866103453,0.04862122213414849,0.0474034039520629,0.11165594760366691
10.0,10.0,-1.0,-1.0,-1.0,-1.0,-1.0,-1.0,7.0,7.0,-1.0,-1.0,-1.0,A,A,0.020417674591205554,0.017317030255839493,0.011400906070840577,0.030076778413952072,0.06784325321379651,0.059545531839559816,0.05057928554463314,0.23644280971341292,0.10280299225566403,0.0975117440327834,0.3060619940683126
7.0,4.0,-1.0,-1.0,-1.0,-1.0,-1.0,-1.0,7.0,7.0,7.0,-1.0,-1.0,B,B,0.031171801269009283,0.027042775005212755,0.014476575003369236,0.044074214425314034,0.1489826468589494,0.09609154501170933,0.055990938368287,0.17880514701703584,0.17279906676496398,0.10694894604229466,0.12361634423385451
8.0,-1.0,-1.0,-1.0,-1.0,-1.0,-1.0,-1.0,9.0,-1.0,-1.0,-1.0,-1.0,B+,B,0.04470523201369847,0.026462574439887032,0.014161223571422625,0.056247096409681785,0.10226558723942467,0.11402010093762285,0.07815018452412723,0.1846010072998822,0.13368443583096418,0.08734239243107216,0.15836016530221686
7.0,9.0,-1.0,-1.0,-1.0,-1.0,-1.0,-1.0,7.0,6.0,-1.0,-1.0,-1.0,B,B,0.026080772093253966,0.022510566973850253,0.013880661877905095,0.03786823400924992,0.08750192582407312,0.07941598416983377,0.06161697595968555,0.24660124026782526,0.09246595416199213,0.09023816520011561,0.2418195194622155
4.0,8.0,-1.0,6.0,-1.0,-1.0,-1.0,-1.0,-1.0,-1.0,-1.0,-1.0,7.0,B+,B,0.07106183376420964,0.020194486023153865,0.021314909516684792,0.055637315277905164,0.1842260162396235,0.1457384304396946,0.09245891578373654,0.25439274089099484,0.04067567352112116,0.07507976219223074,0.039219916350645145
3.0,4.0,-1.0,-1.0,-1.0,-1.0,-1.0,-1.0,1.0,6.0,4.0,1.0,-1.0,B,C,0.04961553252425912,0.03324790522181908,0.018991271917885855,0.058918499824648515,0.25307036840884045,0.1433666597344256,0.06029655620155626,0.1874222569085693,0.09533731482768229,0.05257910895790033,0.04715452547241319
8.0,4.0,-1.0,-1.0,-1.0,-1.0,-1.0,-1.0,4.0,0.0,-1.0,-1.0,-1.0,D+,B,0.052775232352620154,0.024648332699918295,0.01602749786879505,0.057093620678222386,0.14842372204224408,0.10724474279185549,0.07029804673105979,0.22077554272437358,0.09573721084787974,0.07259539696636967,0.13438065429666174
5.0,10.0,-1.0,-1.0,-1.0,-1.0,-1.0,-1.0,1.0,1.0,3.0,4.0,-1.0,C,C,0.04720058710722089,0.02102115117902035,0.01574114345635398,0.044466262402831455,0.2637100374716375,0.09521153754120937,0.05804264533842008,0.23508616715233321,0.057583891717785864,0.05881406679122532,0.10312250984196196
4.0,4.0,-1.0,-1.0,-1.0,-1.0,-1.0,-1.0,-1.0,0.0,-1.0,-1.0,-1.0,D+,C,0.07558428840343702,0.02963019665400389,0.01960291644682117,0.0714152840606689,0.2457673347126221,0.14176609091903544,0.06788437734786118,0.19973994355530572,0.05965434912051839,0.04051005782981349,0.048445160949912684
9.0,10.0,-1.0,-1.0,-1.0,-1.0,-1.0,-1.0,4.0,8.0,-1.0,-1.0,10.0,B,B,0.023810011938814456,0.017341982768996594,0.014628426758884433,0.0378414077868197,0.06309392975029648,0.07549073344050292,0.05352609655131287,0.40105915432999956,0.07678235818790569,0.11425505709521479,0.12217084139125234
6.0,7.0,3.0,3.0,-1.0,-1.0,-1.0,-1.0,-1.0,1.0,-1.0,-1.0,3.0,B,B,0.07386830811276605,0.02645394245709167,0.018006012015306088,0.05410712778629882,0.1856111512563728,0.12109386836076201,0.08398834471804546,0.25127999254992417,0.05763733411166242,0.07770715059727541,0.050246768034495126
4.0,7.0,-1.0,-1.0,-1.0,-1.0,-1.0,-1.0,-1.0,0.0,7.0,-1.0,-1.0,C-,C,0.06698244254661562,0.02379351675239326,0.016709167063241753,0.05653393140744553,0.36322922222283094,0.10293641421620303,0.051497882184677546,0.16433127852175486,0.05982365911433658,0.049878022235209006,0.04428446373529188
8.0,7.0,-1.0,-1.0,-1.0,-1.0,-1.0,-1.0,7.0,-1.0,-1.0,-1.0,-1.0,A-,A,0.038908675390790556,0.019875795791386507,0.013297401507065465,0.043765474960590134,0.1094385990499468,0.07894649193996339,0.06757557658381527,0.2266204547962259,0.07750525293865095,0.08684241887481224,0.2372238581667527
9.0,7.0,-1.0,-1.0,-1.0,-1.0,-1.0,-1.0,7.0,9.0,-1.0,-1.0,9.0,B,B,0.02494642577922571,0.02264311661889851,0.013311710942653274,0.031237803829917435,0.05714135119431484,0.09929796315442062,0.04957263553059864,0.2973503919446105,0.0984547927032054,0.15022069438073782,0.15582311392141732
4.0,7.0,10.0,-1.0,-1.0,-1.0,-1.0,-1.0,0.0,1.0,4.0,6.0,-1.0,A-,C,0.08967970743636389,0.0293768728369571,0.014815243916903855,0.05875328168843257,0.26605999551198495,0.10531588565437675,0.09293547978953802,0.20450238708682045,0.035111558729491156,0.05874544324322992,0.04470414410590151
7.0,7.0,10.0,-1.0,-1.0,-1.0,-1.0,-1.0,6.0,1.0,-1.0,-1.0,-1.0,B,B,0.06044683055390018,0.02990737706741568,0.01432194688180509,0.05428652785569561,0.13230780943779694,0.08602271689676684,0.10558179469079415,0.21742672734963608,0.06281302529785994,0.11931307456777017,0.11757216940055938
3.0,0.0,4.0,-1.0,-1.0,-1.0,-1.0,-1.0,1.0,7.0,0.0,1.0,-1.0,C+,C,0.05349375116734011,0.04413819894565575,0.019985399228413893,0.07726947092943835,0.21484416017335103,0.15314317383228904,0.07072669614770637,0.18621846061795305,0.09329285677071135,0.05183291442479239,0.035054917762348634
5.0,10.0,-1.0,-1.0,-1.0,-1.0,-1.0,-1.0,5.0,4.0,-1.0,-1.0,6.0,C+,B,0.03991540293170417,0.026087664366371045,0.018192176385666593,0.0418676140476157,0.09080541095667752,0.10050031908547902,0.059314155998369714,0.32651871528364657,0.06589171486306689,0.10550587362558574,0.12540095245581698
4.0,4.0,-1.0,-1.0,-1.0,-1.0,-1.0,-1.0,-1.0,-1.0,-1.0,-1.0,4.0,C-,B,0.06915402341502176,0.030749051320289298,0.02535528390339856,0.06163202089382809,0.2096151425839939,0.1423735538153,0.0665396465919422,0.255160144689174,0.06946677028901155,0.040267126940678126,0.02968723555736262
7.0,-1.0,-1.0,-1.0,-1.0,-1.0,-1.0,-1.0,0.0,0.0,-1.0,-1.0,-1.0,F,C,0.05788329934228572,0.03005325430296571,0.02416377124188313,0.06955617797038452,0.2550758583843058,0.13792201815340427,0.05701813732386425,0.17952244717311347,0.11584825935963239,0.03459063234185556,0.038366144406305196
0.0,4.0,9.0,1.0,-1.0,-1.0,-1.0,-1.0,-1.0,-1.0,1.0,-1.0,-1.0,C,C,0.09860341783900535,0.03983537380649592,0.0198957705306028,0.07594072693866878,0.2449828369018564,0.12064222749333982,0.10949269233451231,0.1874841605552837,0.04257857496737328,0.045068578099484696,0.015475640533376807
7.0,10.0,10.0,-1.0,-1.0,-1.0,-1.0,-1.0,4.0,4.0,7.0,10.0,-1.0,C,B,0.06309080347788093,0.02178688649389088,0.010491454921932444,0.04227993271046829,0.19165769027693597,0.07876480016287503,0.07531322915923444,0.21781471689978849,0.03506116214583342,0.1051791107246408,0.15856021302651924
10.0,10.0,10.0,-1.0,-1.0,-1.0,-1.0,-1.0,8.0,6.0,7.0,10.0,-1.0,B+,A,0.037367164449939226,0.015948059788277333,0.007139678680649554,0.029477786529042618,0.11002884477715054,0.05538607819387705,0.057672092701521516,0.18116428998093195,0.039656261722622606,0.14384821140040827,0.32231153177557936
7.0,10.0,-1.0,-1.0,-1.0,-1.0,-1.0,-1.0,4.0,4.0,-1.0,-1.0,-1.0,A,B,0.04069323481269327,0.023471091047558783,0.019140962246561477,0.047397765824232774,0.13288676291780196,0.08772946359185492,0.05176347093485427,0.2584000780608444,0.07213411040684549,0.08325439127525434,0.18312866888149837
7.0,-1.0,-1.0,-1.0,-1.0,-1.0,-1.0,-1.0,8.0,1.0,-1.0,-1.0,-1.0,A-,B,0.03643342775339177,0.03090249728795912,0.019384630927435666,0.06304278739696155,0.1364559849570159,0.10574378699677281,0.055084865886441875,0.18296933019006834,0.16376602248562117,0.07003602392046224,0.13618064219786966
7.0,7.0,10.0,-1.0,-1.0,-1.0,-1.0,-1.0,-1.0,-1.0,-1.0,-1.0,-1.0,B,C,0.09376291661324739,0.028272927215689966,0.017402503184279706,0.05870828896670017,0.23241415845190133,0.10564352597790663,0.10949475480916189,0.21075783604128703,0.04475267624771832,0.06116218220916904,0.037628230282938484
9.0,10.0,-1.0,-1.0,-1.0,-1.0,-1.0,-1.0,7.0,0.0,-1.0,-1.0,-1.0,B,A,0.03552478974003559,0.017592357775439244,0.01589669325760443,0.038384235392075174,0.10360171129745238,0.06471248994632639,0.04782359688949725,0.22898948132844898,0.07173626093979828,0.08885590172895735,0.2868824817043648
10.0,7.0,-1.0,-1.0,-1.0,-1.0,-1.0,-1.0,7.0,10.0,-1.0,-1.0,-1.0,B+,A,0.02236384553041537,0.020962292902673575,0.013551711369211737,0.03747986798274499,0.08313176102061419,0.07762873029778845,0.03906701093259534,0.20524511439160337,0.10835943533756254,0.11229757498288238,0.27991265525190806
8.0,7.0,-1.0,-1.0,-1.0,-1.0,-1.0,-1.0,4.0,1.0,-1.0,-1.0,-1.0,C+,B,0.04633979114509285,0.023664917016453277,0.020407568469714307,0.05173254418972665,0.15683465552601702,0.09414691368949878,0.055524045994839594,0.23936466897259695,0.08772376139106904,0.07135346103212475,0.1529076725728668
4.0,4.0,-1.0,-1.0,-1.0,-1.0,-1.0,-1.0,-1.0,0.0,-1.0,-1.0,0.0,F,C,0.06591294828137156,0.031247927017860794,0.025951014950134483,0.06816609920418544,0.24395768762723458,0.13285884699077874,0.06108523372258767,0.2237719704203704,0.07314192262848566,0.03665503653687747,0.037251312620113164
4.0,6.0,-1.0,-1.0,-1.0,-1.0,-1.0,-1.0,5.0,4.0,-1.0,-1.0,-1.0,C+,B,0.041808429595409764,0.032573091179341915,0.02148711601800536,0.06193410662740512,0.14368706815932702,0.10654911900288352,0.05652998462667465,0.240878920086529,0.09187583027150632,0.0742193640366922,0.12845697039622506
10.0,10.0,-1.0,-1.0,-1.0,-1.0,-1.0,-1.0,8.0,-1.0,-1.0,-1.0,-1.0,A-,A,0.03243027095841099,0.015356049907604212,0.014368390763189609,0.03431263505795089,0.09182944604555983,0.05681482687584786,0.04488564861543507,0.21393342546065597,0.07099445072091151,0.09033408616321889,0.33474076943121506
4.0,3.0,-1.0,3.0,-1.0,-1.0,-1.0,-1.0,-1.0,-1.0,-1.0,-1.0,-1.0,C,C,0.06933295538011168,0.029138007449924282,0.027016644739829766,0.06358250975213724,0.2376841385723565,0.13448348564640136,0.0697055097616998,0.21568113695519764,0.08239340131613854,0.03933133503251984,0.03165087539368335
9.0,7.0,-1.0,-1.0,-1.0,-1.0,-1.0,-1.0,6.0,7.0,-1.0,-1.0,9.0,B,B,0.029843823437908222,0.022832188823421716,0.01464855930777942,0.0333104260462547,0.06771181994313225,0.10470628196797825,0.05367383960309207,0.3089491973430498,0.09472237580017069,0.13480100602959166,0.13480048169762118
7.0,7.0,-1.0,-1.0,-1.0,-1.0,-1.0,-1.0,1.0,7.0,-1.0,-1.0,-1.0,A-,B,0.04426568218672735,0.02842142738473708,0.021508627900479565,0.055954248835632166,0.17470417534450378,0.11828738014547664,0.05274919199095901,0.24830109092584202,0.08755810626157731,0.06792096045102806,0.10032910857303684
5.0,5.0,-1.0,-1.0,-1.0,-1.0,-1.0,-1.0,0.0,1.0,-1.0,-1.0,-1.0,B,C,0.06051865441178331,0.029925411454865693,0.025007168688271544,0.06578354786667605,0.2292916245124946,0.12385121993227759,0.059400057274691234,0.22870783335352468,0.0777888764288078,0.04377845739403053,0.05594714868257685
7.0,10.0,-1.0,-1.0,-1.0,-1.0,-1.0,-1.0,5.0,-1.0,-1.0,-1.0,-1.0,A,B,0.046971480609042805,0.021350565169178364,0.01969055859408736,0.04736392494395976,0.13852927757933117,0.07863479149334254,0.05555796088397268,0.2540555004509259,0.06695408933815786,0.07553829966084372,0.1953535512771577
7.0,7.0,-1.0,-1.0,-1.0,-1.0,-1.0,-1.0,6.0,-1.0,-1.0,-1.0,-1.0,A,B,0.044926044748459404,0.023680085512617844,0.019886006027893352,0.051824367773225695,0.13962982347011144,0.08512079400757101,0.05657657641870552,0.23492981922187858,0.08611772180686735,0.07462315436919564,0.1826856066434742
7.0,4.0,-1.0,-1.0,-1.0,-1.0,-1.0,-1.0,-1.0,-1.0,4.0,4.0,-1.0,C,C,0.06817807388294536,0.022415398394678585,0.020934027300348674,0.057681189146921025,0.31155604189604447,0.1121179248081584,0.04940163106281746,0.20075653228939305,0.0664394260253513,0.035276977016070736,0.05524277817727099
9.0,10.0,10.0,-1.0,-1.0,-1.0,-1.0,-1.0,0.0,7.0,-1.0,-1.0,4.0,A,B,0.06375151910273247,0.026998525162447898,0.013830739591268761,0.04213603572218197,0.13172815442091196,0.11085902283255829,0.10220899509899037,0.27961925133625537,0.04731044213771899,0.12362030787727643,0.05793700671765749
3.0,4.0,-1.0,7.0,-1.0,-1.0,-1.0,-1.0,-1.0,-1.0,1.0,7.0,-1.0,C+,C,0.07127676798304125,0.023900743774908462,0.024094402110960977,0.04950855792786732,0.2498816188375333,0.13902909652582532,0.07319848146971042,0.22653206341680493,0.06420669663079608,0.04011782592751933,0.03825374539503264
7.0,7.0,-1.0,-1.0,-1.0,-1.0,-1.0,-1.0,6.0,7.0,-1.0,-1.0,-1.0,B-,B,0.031297193678633095,0.02632950752459938,0.017385477406020807,0.048550210964554384,0.11047952242227571,0.09145800818105262,0.048002136319512535,0.2309667841147246,0.09873007820163697,0.0950806081323498,0.2017204730546402
10.0,10.0,-1.0,-1.0,-1.0,-1.0,-1.0,-1.0,1.0,7.0,7.0,-1.0,-1.0,B+,B,0.0474705740633862,0.019846870634120498,0.0169824279686677,0.04694412644454395,0.19323555146112223,0.08277764746304775,0.040364356707772824,0.2467333079968094,0.07304856728178458,0.09139379151444284,0.14120277846430213
4.0,4.0,10.0,4.0,4.0,-1.0,-1.0,-1.0,-1.0,-1.0,-1.0,-1.0,-1.0,C,C,0.09509868075817954,0.030235176876349006,0.017948454326632387,0.06014879716237477,0.2072487577944805,0.13846824903924168,0.12310671437770027,0.19607793962208647,0.05473371760316236,0.05904989308977097,0.0178836193500221
10.0,10.0,-1.0,-1.0,-1.0,-1.0,-1.0,-1.0,10.0,-1.0,-1.0,-1.0,-1.0,A,A,0.0259485239890232,0.013689419832275182,0.012128985700151064,0.029797791667815442,0.07026841435696422,0.047115283165089936,0.039729417231353,0.1910265765415704,0.0684656033146325,0.09498908320028338,0.4068409010008417
7.0,4.0,10.0,-1.0,-1.0,-1.0,-1.0,-1.0,0.0,4.0,-1.0,-1.0,-1.0,D,C,0.07385344945684064,0.03458820846949407,0.016680992779654284,0.06366015300551583,0.2088984338204811,0.12346712725400558,0.10386515029805833,0.19905432629901085,0.06471854768213178,0.07256832038792717,0.038645290546880366
8.0,-1.0,-1.0,-1.0,-1.0,-1.0,-1.0,-1.0,3.0,-1.0,-1.0,-1.0,-1.0,C+,C,0.05215855605231968,0.028849855309405047,0.022744350765548874,0.066612852969932,0.21342914285026793,0.12387921294354719,0.05843514449753629,0.18475157861402766,0.1363999951282869,0.04561808580928403,0.06712122505984441
7.0,10.0,-1.0,-1.0,-1.0,-1.0,-1.0,-1.0,6.0,-1.0,-1.0,-1.0,-1.0,B-,B,0.043400132243776236,0.020822741203551296,0.01868710282352559,0.04559197966019959,0.12517177933391074,0.0739674352814122,0.05399137704241357,0.24797730609201082,0.06791674871539602,0.08001179009357148,0.2224616075102325
9.0,10.0,-1.0,-1.0,-1.0,-1.0,-1.0,-1.0,4.0,-1.0,-1.0,-1.0,-1.0,A-,B,0.04799446075722049,0.019062811260118447,0.01926442305738268,0.04419563394723641,0.1472957853856242,0.07849071754448331,0.05417960568641651,0.2513593322952544,0.06882174635126954,0.07388895919399664,0.19544652452099742
7.0,7.0,-1.0,-1.0,-1.0,-1.0,-1.0,-1.0,5.0,4.0,1.0,4.0,-1.0,B,B,0.03846878291064306,0.023105442441277046,0.017101031889988266,0.046939156845759354,0.1499718153837151,0.09339175473156654,0.04773585829841915,0.22985546682843971,0.07877181274201614,0.07359456422211055,0.20106431370606506
3.0,10.0,-1.0,-1.0,-1.0,-1.0,-1.0,-1.0,3.0,-1.0,-1.0,-1.0,-1.0,C,B,0.05852580624633591,0.02806688579988305,0.024042545199047017,0.06007245112627064,0.17427646467646354,0.09557810955552642,0.06210247183080177,0.27109189615928825,0.05674595706985558,0.059463365721799825,0.110034046614728
1.0,7.0,-1.0,-1.0,-1.0,-1.0,-1.0,-1.0,1.0,3.0,6.0,4.0,-1.0,B,C,0.061702251659085126,0.03140175410769508,0.021490427217300923,0.06815400417758902,0.2581161066313819,0.11045086794577995,0.0490731261329756,0.2339742208065712,0.053631694106154294,0.04744787663279203,0.06455767058267482
4.0,7.0,-1.0,-1.0,-1.0,-1.0,-1.0,-1.0,4.0,4.0,7.0,-1.0,-1.0,C,B,0.05136437360104624,0.029672973578958664,0.019761754524423386,0.06553737491948809,0.19062391085198988,0.09078861957481837,0.04723200576963219,0.23651253761669103,0.07889535453915467,0.08097875238638995,0.10863234263740755
7.0,7.0,-1.0,-1.0,-1.0,-1.0,-1.0,-1.0,1.0,7.0,-1.0,-1.0,-1.0,B,B,0.044265682186727356,0.02842142738473709,0.021508627900479572,0.05595424883563217,0.1747041753445038,0.11828738014547667,0.052749191990959024,0.24830109092584207,0.08755810626157733,0.06792096045102809,0.10032910857303685
8.0,7.0,10.0,-1.0,-1.0,-1.0,-1.0,-1.0,4.0,4.0,-1.0,-1.0,7.0,B+,B,0.0577621477528773,0.029025930082308107,0.012858237336093283,0.04166410109550546,0.09685504381977682,0.1081804603949324,0.1114162977619268,0.2758488555153337,0.058552781290126504,0.1453158915526167,0.06252025339850291
3.0,4.0,-1.0,-1.0,-1.0,-1.0,-1.0,-1.0,4.0,4.0,-1.0,-1.0,4.0,C-,B,0.045376194654234,0.03686908862144497,0.022104238481139953,0.06122991249844939,0.1320486036649606,0.13430400617306357,0.06344261412186741,0.27011001740194335,0.0944395376078967,0.07282833664550716,0.06724745012949286
9.0,7.0,10.0,-1.0,-1.0,-1.0,-1.0,-1.0,1.0,7.0,5.0,4.0,-1.0,B,C,0.06616875498306393,0.026409476751133604,0.012608765856570095,0.05068882621867889,0.21370341040510568,0.10085746883744677,0.08114498059026615,0.21113374582653133,0.053850028192703736,0.10221536839525683,0.0812191739432429
6.0,0.0,10.0,-1.0,-1.0,-1.0,-1.0,-1.0,3.0,3.0,-1.0,-1.0,-1.0,B-,C,0.06602883524917649,0.04048827913544105,0.01643429197960333,0.07202883081776947,0.18827660266170193,0.12741141340766796,0.10694021267058056,0.17655808502684825,0.08971963528082887,0.0752917489040082,0.040822064866373936
7.0,7.0,10.0,-1.0,7.0,-1.0,-1.0,-1.0,-1.0,-1.0,-1.0,10.0,-1.0,B,C,0.08538682176820407,0.021308454623724923,0.013530396684915555,0.04742721841996566,0.26119016775623294,0.14210953833236706,0.09103692336639957,0.20670796227869304,0.0361337389368209,0.044728948799171754,0.050439829033504434
4.0,0.0,-1.0,-1.0,-1.0,-1.0,-1.0,-1.0,5.0,3.0,-1.0,-1.0,-1.0,C+,B,0.042951577646980585,0.038095104831010175,0.022675732859612337,0.0739334148273554,0.16871362691293085,0.12815003153594134,0.05806337827993568,0.19854167806124762,0.1330729700897858,0.05739592631703234,0.07840655863816799
10.0,9.0,-1.0,-1.0,-1.0,-1.0,-1.0,-1.0,7.0,-1.0,-1.0,-1.0,-1.0,A,A,0.03661054522347128,0.016946349362081826,0.015938083601863343,0.038359405767402856,0.10868036138187138,0.06526458990788907,0.04837379910422427,0.22196308710706766,0.07810998419669533,0.0859174654275549,0.28383632891987803
10.0,10.0,-1.0,-1.0,-1.0,-1.0,-1.0,-1.0,7.0,-1.0,-1.0,-1.0,-1.0,B,A,0.03587941142363399,0.016095427820395813,0.01547660604037795,0.03643886499051276,0.1038887794128899,0.061742953817032306,0.047215102240533366,0.22405097860091777,0.07154448457516624,0.08717990854656868,0.3004874825319712
5.0,4.0,9.0,6.0,7.0,-1.0,10.0,-1.0,-1.0,2.0,-1.0,-1.0,0.0,C,C,0.07310284817657473,0.025824661709638434,0.015942792289366754,0.047850953370385946,0.2389336382171264,0.1334615491830165,0.10310808137455484,0.21898570225324465,0.05937540534257646,0.06652712732850313,0.016887240755012356
7.0,7.0,-1.0,-1.0,-1.0,-1.0,-1.0,-1.0,-1.0,0.0,-1.0,-1.0,-1.0,C,B,0.06456860684583231,0.02471644288056436,0.02437865982964353,0.058029755203533984,0.23837301691776744,0.11394574923814514,0.05853462692587412,0.2400911584003978,0.06852651420025645,0.04444914081569335,0.06438632874229151
9.0,10.0,-1.0,-1.0,-1.0,-1.0,-1.0,-1.0,7.0,-1.0,-1.0,-1.0,-1.0,A,A,0.037219874388240426,0.017385448684217965,0.016189043904638302,0.038753866943580635,0.10683123960884178,0.06422574340816285,0.04888589129229015,0.2298044313592788,0.07062173881963817,0.08632831685538576,0.28375440473572505
6.0,3.0,-1.0,0.0,-1.0,-1.0,-1.0,-1.0,-1.0,-1.0,-1.0,-1.0,-1.0,C-,C,0.06649400924944655,0.027674290646490834,0.025518341591498624,0.0645485743079776,0.256038339124342,0.1283413507788805,0.06144403983662521,0.20894446404742045,0.08381707593875225,0.03670250755363219,0.040477006924933834
4.0,-1.0,-1.0,-1.0,-1.0,-1.0,-1.0,-1.0,-1.0,-1.0,-1.0,-1.0,-1.0,F,C,0.0641508206948052,0.03360071716167408,0.025983950431517876,0.0768389246521212,0.27713940908899254,0.14340609164874138,0.0582851079674042,0.17437592609146102,0.09467814056771953,0.026972604436779807,0.024568307258783246
3.0,7.0,-1.0,-1.0,-1.0,-1.0,-1.0,-1.0,4.0,4.0,-1.0,-1.0,7.0,B-,B,0.044876240503835575,0.03305000732300821,0.020592676158701688,0.05071284437953624,0.10558146554435152,0.1264227567219522,0.06494026454395943,0.32088966629080234,0.07414630917980959,0.0875661590422608,0.07122161031178242
10.0,10.0,-1.0,-1.0,-1.0,-1.0,-1.0,-1.0,4.0,10.0,-1.0,-1.0,10.0,B,B,0.028285252698050836,0.020204523519764195,0.013676278744444699,0.028078290036723814,0.06293160875411773,0.10296885444659952,0.049774130787676146,0.34052999795291333,0.0763157450583245,0.14612847865091896,0.13110683935046652
10.0,10.0,-1.0,-1.0,-1.0,-1.0,-1.0,-1.0,4.0,-1.0,-1.0,-1.0,-1.0,B+,B,0.04667262328578201,0.017803453614481362,0.018578524601588334,0.041920828094453855,0.14449784976594973,0.07611973189953657,0.05278784401990724,0.2472203108812219,0.07033380767802516,0.07527371886245622,0.20879130729659742
4.0,7.0,-1.0,-1.0,-1.0,-1.0,-1.0,-1.0,6.0,4.0,-1.0,-1.0,-1.0,B-,B,0.03885543796634361,0.0309674829709356,0.02032327678156934,0.05812402098676643,0.12737733169579446,0.09731448986271474,0.055032564216154344,0.24357923217597152,0.08761182021875,0.08187117067696148,0.15894317244803852
7.0,1.0,7.0,6.0,4.0,-1.0,-1.0,-1.0,-1.0,-1.0,-1.0,0.0,-1.0,B+,C,0.08320310214899965,0.02550958817429393,0.018765518158224144,0.053817220402044896,0.2128893332819162,0.15088706809080873,0.10770456793257571,0.18654728178200708,0.08376771294227264,0.056557456978613634,0.02035115010824352
4.0,4.0,-1.0,-1.0,-1.0,-1.0,-1.0,-1.0,-1.0,-1.0,-1.0,0.0,-1.0,D,C,0.0675685197326772,0.029931229572236772,0.02588960876064754,0.06830019614653997,0.26317340621983637,0.12847482830193338,0.06009622587521729,0.21385865119594816,0.06966660549921765,0.03316436997796709,0.039876358717778615
4.0,3.0,-1.0,-1.0,-1.0,-1.0,-1.0,-1.0,3.0,6.0,-1.0,-1.0,3.0,D+,B,0.043231218763396397,0.03711895809654181,0.02195382998195096,0.0623977555163255,0.1438127550981505,0.14200140103836703,0.05979691866880334,0.25261575424669275,0.10535438872786765,0.06908803271774526,0.06262898714415889
7.0,7.0,-1.0,-1.0,-1.0,-1.0,-1.0,-1.0,1.0,7.0,-1.0,-1.0,-1.0,B,B,0.04426568218672735,0.02842142738473708,0.021508627900479565,0.055954248835632166,0.17470417534450378,0.11828738014547664,0.05274919199095901,0.24830109092584202,0.08755810626157731,0.06792096045102806,0.10032910857303684
4.0,7.0,-1.0,5.0,-1.0,-1.0,-1.0,-1.0,-1.0,0.0,4.0,-1.0,-1.0,C,B,0.07543710206293405,0.024742344196444877,0.024852694394853336,0.0562390923314289,0.23402034880047215,0.11027408788849422,0.06595069728413097,0.24555087340456527,0.06611086527104708,0.056862029082789395,0.03995986528283979
3.0,10.0,-1.0,-1.0,-1.0,-1.0,-1.0,-1.0,6.0,2.0,-1.0,-1.0,-1.0,B,B,0.04238267973120711,0.028483607996858524,0.020544226588662406,0.05496825630383778,0.12380553306764133,0.0859159052215446,0.05634041784847185,0.2633532636975446,0.06554446375850685,0.08135975052729003,0.17730189525843493
7.0,7.0,10.0,-1.0,10.0,-1.0,-1.0,-1.0,-1.0,7.0,-1.0,-1.0,10.0,B,B,0.047075107104734136,0.04114655274213137,0.01449709015696124,0.04932136815341935,0.1622154026958094,0.13531021906737778,0.0810667043000783,0.2639466976897835,0.10119802404508546,0.07763889814489593,0.026583935899723462
10.0,10.0,-1.0,-1.0,-1.0,-1.0,-1.0,-1.0,9.0,7.0,-1.0,-1.0,-1.0,A,A,0.016204596661506553,0.015270592051962933,0.01315736967016168,0.023564029433886628,0.05132297077385103,0.064249182916001,0.04190414894290433,0.23930005967484985,0.07968111505316434,0.1306620821685727,0.324683852653139
6.0,7.0,10.0,10.0,-1.0,-1.0,-1.0,-1.0,-1.0,-1.0,-1.0,-1.0,6.0,A-,B,0.08535203364978244,0.03298603771392955,0.01341797995889576,0.042802030407593124,0.16220825640853556,0.097886187651195,0.16692790515420816,0.2213034052057508,0.09787883683759334,0.05357031926400215,0.02566700774851414
7.0,7.0,10.0,9.0,-1.0,-1.0,-1.0,-1.0,-1.0,-1.0,7.0,7.0,-1.0,A-,C,0.07024649298550395,0.022010261478603566,0.010560521634096442,0.038541171145714107,0.27815615514354936,0.091619012356714,0.0972830433272055,0.21205020111302164,0.10365924579115993,0.04123991816288274,0.034633976861548676
10.0,10.0,-1.0,-1.0,-1.0,-1.0,-1.0,-1.0,10.0,-1.0,-1.0,-1.0,-1.0,A,A,0.025792440280459114,0.013093096933392572,0.01225768067756589,0.02521295124456789,0.054536571181397576,0.047412503603286006,0.04942917357094099,0.21884415671570728,0.0769189560366132,0.11085646427262982,0.3656460054834396
7.0,7.0,-1.0,-1.0,-1.0,-1.0,-1.0,-1.0,10.0,-1.0,-1.0,-1.0,-1.0,C,A,0.03339460441414709,0.01802926416178379,0.01590733398036618,0.03860759836475832,0.070342100780071,0.06847591099805304,0.059438740324582684,0.2185879500832194,0.08836767186988194,0.108861015965514,0.27998780905762255
7.0,7.0,10.0,-1.0,-1.0,-1.0,-1.0,-1.0,-1.0,-1.0,4.0,4.0,-1.0,C,C,0.06500540173778294,0.031164487738022977,0.01355016647072787,0.05416115773728772,0.28117818391791355,0.06978267452456345,0.08391297596495602,0.23315047874890207,0.07269004814574438,0.045686006956060864,0.049718418058038207
6.0,6.0,10.0,-1.0,-1.0,-1.0,-1.0,-1.0,0.0,7.0,9.0,-1.0,-1.0,F,C,0.03667611430629424,0.034878897197288324,0.014409238960513446,0.061271023705896606,0.28712971843554314,0.07690429524747106,0.06711244829175075,0.21911591024418656,0.09603508700646443,0.06720221473352593,0.03926505187106546
6.0,-1.0,-1.0,-1.0,-1.0,-1.0,-1.0,-1.0,8.0,-1.0,-1.0,-1.0,-1.0,B-,B,0.05545007305344836,0.026848759213021677,0.022182791548164018,0.06514866015743451,0.10940384485269876,0.11928695591241788,0.06501527040619452,0.17952994491318564,0.13793754617128245,0.08167496295061502,0.13752119082153705
3.0,6.0,-1.0,-1.0,-1.0,-1.0,-1.0,-1.0,-1.0,1.0,2.0,-1.0,-1.0,C,C,0.07091807281874171,0.0276618943156548,0.023373780044361688,0.07470326424451246,0.27024166286214635,0.11934723148997427,0.05462472316508929,0.21040704289185302,0.05834214711591635,0.044709375927740505,0.045670805124009534
3.0,0.0,-1.0,3.0,-1.0,-1.0,-1.0,-1.0,-1.0,6.0,-1.0,-1.0,3.0,B-,C+,0.06574595652296658,0.03416446034710518,0.025144788010264634,0.07071975346194075,0.18527167362031088,0.21558571024603124,0.06271903019419522,0.18043765013195312,0.09178598154827526,0.043678250189913344,0.024746745727043756
4.0,7.0,7.0,4.0,1.0,-1.0,-1.0,-1.0,-1.0,-1.0,-1.0,-1.0,-1.0,C+,C,0.07814919685787344,0.03442721973345789,0.017451448735812475,0.062026588714843456,0.24411853855575613,0.10170145466210927,0.10117085417393844,0.20301205245261858,0.06871486172963716,0.05023924171304157,0.038988542670911674
4.0,7.0,-1.0,-1.0,-1.0,-1.0,-1.0,-1.0,5.0,-1.0,-1.0,-1.0,-1.0,C+,B,0.0559829386795793,0.025760314097197375,0.021894459286221947,0.061429452739560096,0.1421378810257587,0.09959465727152113,0.06911625377690013,0.24035925810848385,0.07119280014192256,0.07795320750820281,0.13457877736465215
4.0,8.0,-1.0,-1.0,-1.0,-1.0,-1.0,-1.0,7.0,7.0,-1.0,-1.0,-1.0,B+,B,0.02597109810655582,0.025692340052310917,0.02020865549642689,0.04758470098811154,0.09242236263075573,0.11152373796599943,0.05664184955420235,0.2583270141318279,0.07289772064052276,0.11251304223846212,0.1762174781948245
7.0,4.0,-1.0,-1.0,-1.0,-1.0,-1.0,-1.0,0.0,0.0,-1.0,-1.0,-1.0,B+,B,0.07661197918411645,0.02760376044668096,0.02371453333441502,0.06352517752560648,0.21227014342890427,0.11893222531426274,0.058899560814575196,0.2137959254126495,0.08197192369487769,0.051975344795830734,0.07069942604808097
4.0,7.0,9.0,-1.0,7.0,-1.0,-1.0,-1.0,4.0,3.0,-1.0,-1.0,3.0,B-,B,0.043595163428344165,0.039470219331922816,0.015823118886098143,0.060471641454482396,0.14995587038724445,0.10797256633919697,0.09065179635903245,0.24049597005850307,0.09076339171355999,0.09592434226256419,0.06487591977905138
3.0,1.0,-1.0,-1.0,-1.0,-1.0,-1.0,-1.0,0.0,7.0,-1.0,-1.0,7.0,C+,B,0.05794439330806759,0.03756536407962299,0.025790500398681013,0.07265786783350897,0.15296418730919425,0.19931281465753467,0.06358852631820605,0.22205302967361507,0.08669951360491297,0.05223319948562939,0.029190603331027024
5.0,4.0,-1.0,5.0,-1.0,-1.0,-1.0,-1.0,-1.0,0.0,-1.0,-1.0,4.0,B,B,0.09364673869695266,0.026592631652743025,0.0220349948890246,0.0578829085113587,0.18770688488226905,0.15487469974227608,0.07894344642414804,0.20990906120108774,0.08851824059019374,0.04531179483765348,0.03457859857229279
7.0,7.0,-1.0,-1.0,-1.0,-1.0,-1.0,-1.0,4.0,7.0,-1.0,-1.0,-1.0,B,B,0.03288658402868815,0.026022094813759552,0.021170462814568698,0.046196984867323335,0.11926229371391943,0.11786139127928055,0.053322809690478735,0.26024635998128975,0.08433069708317834,0.09528443743683805,0.14341588429067542
8.0,10.0,-1.0,-1.0,-1.0,-1.0,-1.0,-1.0,5.0,7.0,-1.0,-1.0,-1.0,B-,B,0.026207497605460248,0.02151227092763213,0.018083594692920823,0.035826328738860755,0.09577191057708354,0.09190852745062267,0.050394317542808244,0.2783134267241039,0.07365598788722132,0.10849264523648164,0.1998334926168046
0.0,-1.0,-1.0,-1.0,-1.0,-1.0,-1.0,-1.0,1.0,4.0,4.0,-1.0,-1.0,D,C,0.060307442520988346,0.03305443340362106,0.02536559428346251,0.10070851714303988,0.2566714928331858,0.17137807258275756,0.048522262217275416,0.15402509072206583,0.08096134844980384,0.041385143040186596,0.027620602803613094
10.0,10.0,-1.0,-1.0,-1.0,-1.0,-1.0,-1.0,7.0,7.0,-1.0,-1.0,-1.0,A,A,0.020286250155433113,0.01739246197564529,0.014996946135741708,0.027205732803660072,0.06793009411507338,0.07394283568541753,0.04483011044850566,0.25894523741143016,0.0806470318240226,0.12132180786214772,0.27250149158292275
8.0,1.0,4.0,-1.0,7.0,-1.0,7.0,-1.0,0.0,1.0,-1.0,-1.0,5.0,B,C,0.0697231274757209,0.029763839132634407,0.017354711223843,0.05582010146480463,0.28923905773886904,0.12650493396813114,0.056422751328307805,0.15995561375744527,0.11302543190372744,0.05020263132394348,0.031987800682572835
10.0,7.0,-1.0,-1.0,-1.0,-1.0,-1.0,-1.0,4.0,10.0,-1.0,-1.0,-1.0,B+,B,0.024885049549513212,0.023413759759180086,0.019201520732532857,0.035448541001574595,0.09909329212407285,0.11289403616264976,0.04525531822446502,0.26382734841972993,0.09796451996086729,0.10708350498731557,0.17093310907809878
10.0,-1.0,-1.0,-1.0,-1.0,-1.0,-1.0,-1.0,7.0,-1.0,-1.0,-1.0,-1.0,C+,B,0.05555551003202605,0.02316863732872404,0.02017903598524901,0.05131125149215502,0.10578412144723567,0.10461849561542053,0.058081458081804045,0.1805140182796707,0.16251345102671963,0.08091015602503863,0.15736386468595664
1.0,10.0,7.0,-1.0,-1.0,-1.0,-1.0,-1.0,-1.0,-1.0,-1.0,0.0,-1.0,B,C,0.06754129802773011,0.038627726858818955,0.018473754913376387,0.07292379761528481,0.25344858251588714,0.08162347219227449,0.09732397686168234,0.238387227013108,0.03889506975716422,0.04733939885309778,0.0454156953915757
7.0,4.0,-1.0,7.0,-1.0,-1.0,-1.0,-1.0,-1.0,3.0,6.0,4.0,-1.0,C,C,0.06608441466160003,0.018046148963143275,0.01711101412580121,0.04456393101524106,0.25242185484715246,0.15778386126899202,0.0505118384728573,0.1981412202037799,0.11286427316515614,0.042167256539279094,0.040304186736997566
6.0,7.0,8.0,3.0,-1.0,-1.0,-1.0,-1.0,-1.0,1.0,1.0,-1.0,-1.0,B-,C,0.06554345221792096,0.034508841230160875,0.01653854453647368,0.05667855190992739,0.24201790806805765,0.08814460000189416,0.09788993233299258,0.21930819760135664,0.07852267251499476,0.055892837645034846,0.04495446194118654
9.0,4.0,-1.0,-1.0,-1.0,-1.0,-1.0,-1.0,3.0,0.0,0.0,-1.0,3.0,C+,B,0.0656443533439311,0.024292503523901773,0.020795844294207316,0.051259170793099905,0.1400571519295599,0.10645239207408498,0.06410419623677616,0.2422728059508351,0.1133900957643225,0.07159656857596243,0.10013491751331889
7.0,-1.0,-1.0,-1.0,-1.0,-1.0,-1.0,-1.0,4.0,4.0,-1.0,-1.0,-1.0,C,B,0.05170273229657605,0.03062577059702357,0.0243717338681459,0.06460429258667605,0.14198763591040997,0.15251375159127484,0.05557303677106222,0.18864509387357886,0.1313281880761127,0.07054675514940478,0.08810100927973524
4.0,4.0,-1.0,-1.0,-1.0,-1.0,-1.0,-1.0,4.0,0.0,-1.0,-1.0,-1.0,C,B,0.06167133752811397,0.02898086440642303,0.02390247026973792,0.06986249626443704,0.16030599345799434,0.12128660123712641,0.06670500134752141,0.21751253675952262,0.08254725417406121,0.06857256854204803,0.09865287601301384
-1.0,-1.0,-1.0,-1.0,-1.0,-1.0,-1.0,-1.0,4.0,-1.0,-1.0,-1.0,-1.0,B,C,0.07598991704053526,0.036409991395954,0.027489591221031437,0.10779576645109981,0.18725725990904052,0.16202242922656648,0.06931118198724144,0.16080404697610673,0.07725343803079086,0.04835439296694688,0.047311984794686505
9.0,7.0,-1.0,-1.0,-1.0,-1.0,-1.0,-1.0,6.0,-1.0,-1.0,-1.0,-1.0,B,B,0.04685113646097141,0.019895063053424502,0.01804652897435991,0.04168122519733082,0.10687291113440596,0.07757835079994833,0.05980990908844896,0.2380522558980679,0.09267223776830238,0.09002348193102631,0.20851689969371334
10.0,-1.0,-1.0,-1.0,-1.0,-1.0,-1.0,-1.0,4.0,-1.0,-1.0,-1.0,-1.0,C-,B,0.07005689360739405,0.025353427729071395,0.022106982023444462,0.057306954115969505,0.1450188772333315,0.11628658609001376,0.05786088841219987,0.18293088108591996,0.14897630603672418,0.06517265261252644,0.10892955105340477
4.0,1.0,-1.0,-1.0,-1.0,-1.0,-1.0,-1.0,5.0,4.0,-1.0,-1.0,4.0,C-,B,0.0507726676067381,0.03265417479111494,0.024093572266438153,0.0674925130047469,0.11535592133579545,0.15813791931017904,0.06862489025011365,0.22173323457446217,0.11046959153165092,0.07712712298674428,0.0735383923420163
1.0,4.0,-1.0,5.0,-1.0,-1.0,-1.0,-1.0,-1.0,-1.0,-1.0,-1.0,1.0,C,C,0.09626777908322916,0.028729953807623897,0.023513348016229212,0.07382481777163011,0.22700040811970854,0.160311598093833,0.07759290077709842,0.18159712109234546,0.06470736324073215,0.03801614623180732,0.028438563765762797
7.0,10.0,-1.0,-1.0,-1.0,-1.0,-1.0,-1.0,4.0,5.0,-1.0,-1.0,6.0,B,B,0.037450946400323266,0.023695860228975962,0.018742746641113067,0.03933383334917334,0.09254516142993441,0.10105682215691687,0.0661122616184637,0.3231836321106433,0.07548266974790599,0.09847628035866124,0.12391978595788886
5.0,4.0,10.0,4.0,-1.0,-1.0,-1.0,-1.0,-1.0,1.0,7.0,7.0,-1.0,C,C,0.06324234607144515,0.028436430609520325,0.012351513525232862,0.0530303960951298,0.3030907933256469,0.10231694479182983,0.08175949577815592,0.1969068482165314,0.09309437169339818,0.03740685314673226,0.02836400674637727
10.0,7.0,-1.0,-1.0,-1.0,-1.0,-1.0,-1.0,5.0,-1.0,-1.0,-1.0,-1.0,B+,B,0.05002287166621752,0.019750802079289767,0.01815863919246684,0.04065156194545668,0.11548535907904793,0.07763114834068481,0.058502829953322365,0.24086357876368236,0.09514141972684671,0.08568626659609857,0.19810552265688633
8.0,7.0,-1.0,-1.0,-1.0,-1.0,-1.0,-1.0,6.0,4.0,-1.0,-1.0,5.0,B,B,0.03699495223025742,0.02297020546252174,0.018399364061794734,0.03952983436180665,0.08098166936476774,0.10050233497949851,0.0645698240355908,0.2827068858230309,0.09931820255280788,0.1047353628658568,0.1492913642620668
4.0,4.0,9.0,-1.0,-1.0,-1.0,-1.0,-1.0,2.0,3.0,-1.0,-1.0,4.0,C+,B,0.054138145898843845,0.04786775947484468,0.018138141066134903,0.06839384809283207,0.15705248022810656,0.10147554191742963,0.11463272700130113,0.2366822644612853,0.08648869839114515,0.06960112219996986,0.04552927126810685
10.0,10.0,-1.0,-1.0,-1.0,-1.0,-1.0,-1.0,9.0,8.0,9.0,10.0,-1.0,A,A,0.01420574021987406,0.010016867627186125,0.009555538258188901,0.0197599596068303,0.07633691850540297,0.07517427867650009,0.028287399110258515,0.27958250470696266,0.0959743817929767,0.09749991886184212,0.2936064926339774
9.0,-1.0,-1.0,-1.0,-1.0,-1.0,-1.0,-1.0,5.0,4.0,6.0,4.0,-1.0,B,B,0.043784596756379135,0.020615378858626823,0.018192814766255175,0.050772847634037915,0.15893602271652377,0.13538537591268476,0.041028160253258186,0.1958906452482861,0.17002776232066247,0.06617558930514914,0.09919080622813656
7.0,4.0,-1.0,-1.0,-1.0,-1.0,-1.0,-1.0,-1.0,1.0,-1.0,-1.0,-1.0,C,C,0.07571466322404222,0.02827951723268223,0.02405223745145468,0.06368100567959968,0.2260938536816341,0.12471749692335277,0.05641591605649386,0.21245767833566048,0.07857797747093717,0.04875956266182431,0.06125009128231848
7.0,7.0,4.0,-1.0,-1.0,-1.0,-1.0,-1.0,5.0,4.0,-1.0,-1.0,0.0,B,B,0.03644753103025657,0.030362692393807313,0.01779521368377318,0.047470631246891215,0.114980600249849,0.08867457436624393,0.0769080275569571,0.25879231041212114,0.08994003818244335,0.10040975453595045,0.13821862634170667
4.0,8.0,-1.0,-1.0,-1.0,-1.0,-1.0,-1.0,3.0,1.0,-1.0,-1.0,-1.0,B,B,0.054427227567028814,0.02704675535869707,0.022681345737211343,0.06108654627127539,0.16328194996902623,0.10753522743782172,0.06527875193659927,0.25273501089755,0.06336837684154653,0.07234072364867415,0.11021808433456946
7.0,10.0,-1.0,-1.0,-1.0,-1.0,-1.0,-1.0,0.0,3.0,-1.0,-1.0,0.0,C-,B,0.05327274419760184,0.02512635703524589,0.021562075173954712,0.04908486003870808,0.1794010219673129,0.10267062111590909,0.05841212175149044,0.2834459097878851,0.060699879488878436,0.06765733171518772,0.09866707772782587
4.0,4.0,-1.0,-1.0,-1.0,-1.0,-1.0,-1.0,4.0,-1.0,-1.0,-1.0,-1.0,D,B,0.0659681390343411,0.0285241420116352,0.02377229806992773,0.0707518682495081,0.1635978283369056,0.1172334738899048,0.06805775267399257,0.21512765804146006,0.08185322737737794,0.066548005955238,0.09856560635970912
9.0,10.0,-1.0,-1.0,-1.0,-1.0,-1.0,-1.0,7.0,-1.0,-1.0,-1.0,-1.0,A,A,0.03727105877001838,0.016842789658644376,0.015580696976971444,0.03392417941828785,0.08704224477675482,0.06178102239512275,0.05693848004658282,0.24932570049210184,0.07555793117334514,0.09885187023255147,0.26688402605961914
10.0,-1.0,-1.0,-1.0,-1.0,-1.0,-1.0,-1.0,7.0,10.0,-1.0,-1.0,-1.0,B+,B,0.025057605641842996,0.026107100132052915,0.02027496811151457,0.042242792089653786,0.08003628336064297,0.1438644634492364,0.044065447308088736,0.19281968428732846,0.16873156064452657,0.10644960704966151,0.15035048792545105
9.0,7.0,-1.0,-1.0,-1.0,-1.0,-1.0,-1.0,7.0,9.0,4.0,-1.0,-1.0,A-,B,0.02080773130245754,0.018992791024160537,0.016380460053935102,0.03540956916910713,0.09425851818738766,0.09226271127216135,0.04100905263022932,0.24794097688018685,0.1135826593771375,0.12317983666392254,0.19617569343931443
9.0,9.0,10.0,9.0,-1.0,-1.0,-1.0,-1.0,-1.0,2.0,-1.0,-1.0,-1.0,B,B,0.06010236420121223,0.030947379412186008,0.013689893893664332,0.03701125043492237,0.18681502453316712,0.08708154409030984,0.1282810168561082,0.23456149933785406,0.09892580147003216,0.068532169286539,0.05405205648400469
7.0,7.0,-1.0,-1.0,-1.0,-1.0,-1.0,-1.0,7.0,7.0,-1.0,-1.0,-1.0,A,B,0.025285702694770228,0.023056111432370706,0.01873619115399567,0.04010503614418167,0.08434883765240446,0.10280882905220734,0.051897380490412155,0.2489938216502985,0.0891944436793929,0.11469371358230078,0.20087993246766572
7.0,7.0,7.0,-1.0,-1.0,-1.0,-1.0,-1.0,3.0,4.0,-1.0,-1.0,-1.0,F,B,0.04051058996821446,0.03634948179713469,0.017463638469256658,0.05199271318049664,0.14868019730246262,0.08481538079737977,0.0872864786353898,0.2543852018081959,0.08507691368010216,0.08899883470676079,0.10444056965460641
0.0,1.0,7.0,-1.0,-1.0,-1.0,-1.0,-1.0,-1.0,0.0,-1.0,-1.0,-1.0,F,C,0.07856059756763567,0.048529146725957116,0.021341544117611213,0.10132368568111462,0.2692406574928132,0.11797774629414645,0.0890592732014256,0.157286259013159,0.05863158072341753,0.03574933883326902,0.022300170349450636
10.0,7.0,10.0,-1.0,-1.0,-1.0,-1.0,-1.0,7.0,-1.0,-1.0,-1.0,-1.0,C,B,0.03747327897310749,0.029082010214571914,0.01239825887392122,0.03863843168904904,0.09719862674231042,0.048618600358589614,0.10265660803857518,0.23197554644607038,0.10599144734330171,0.10852975363168178,0.1874374376888213
7.0,3.0,8.0,-1.0,-1.0,-1.0,-1.0,-1.0,5.0,4.0,-1.0,-1.0,5.0,A-,B,0.04225714046848976,0.040490660358633995,0.016637065258313377,0.0530742207650415,0.10388537123050386,0.09588601303688543,0.10609916571529547,0.24523102141302486,0.12367121802968684,0.09512288113882295,0.07764524258530199
3.0,4.0,-1.0,5.0,-1.0,-1.0,-1.0,-1.0,-1.0,-1.0,-1.0,-1.0,3.0,D+,C,0.09903039062418358,0.027511806687960206,0.022662484669147876,0.06556916490950443,0.20523359354558934,0.15577723574457378,0.08017203935803138,0.19638630616277228,0.07595968927503322,0.0410112574524722,0.03068603157073164
7.0,5.0,-1.0,7.0,-1.0,-1.0,-1.0,-1.0,-1.0,6.0,-1.0,-1.0,6.0,B,B,0.06284981482760518,0.02582090258011844,0.020630298696126037,0.04278895079170378,0.14254818702062153,0.18322690037717423,0.07547807199938293,0.24218861253374568,0.10827043134398305,0.05926239291750683,0.03693543691203224
5.0,1.0,10.0,-1.0,-1.0,-1.0,-1.0,-1.0,-1.0,0.0,-1.0,-1.0,-1.0,C+,C,0.0760212858845106,0.04843705180628044,0.018445651246812144,0.07968460396005057,0.2522602836956491,0.09482534240004983,0.09954384199855885,0.17235157427888667,0.0834389555752321,0.043730112157385204,0.03126129699658442
5.0,4.0,-1.0,-1.0,-1.0,-1.0,-1.0,-1.0,5.0,-1.0,-1.0,-1.0,-1.0,C,B,0.06091800287307009,0.02691989150553862,0.02272236406183922,0.06471281417200672,0.14461484625973786,0.11036848839651574,0.06737441974635645,0.21779928380649144,0.08989784597885808,0.07386311988065845,0.12080892331892726
10.0,10.0,-1.0,-1.0,-1.0,-1.0,-1.0,-1.0,7.0,-1.0,-1.0,-1.0,-1.0,A,A,0.03614554340404216,0.01592271648776812,0.014923680199899295,0.03129370542202822,0.08308650131070393,0.05856695246182617,0.05472295284520423,0.2464618106542985,0.0783609797137403,0.09923433623394677,0.2812808212665423
10.0,10.0,-1.0,-1.0,-1.0,-1.0,-1.0,-1.0,10.0,-1.0,-1.0,-1.0,-1.0,A,A,0.025792440280459114,0.013093096933392572,0.01225768067756589,0.02521295124456789,0.054536571181397576,0.047412503603286006,0.04942917357094099,0.21884415671570728,0.0769189560366132,0.11085646427262982,0.3656460054834396
10.0,7.0,-1.0,-1.0,-1.0,-1.0,-1.0,-1.0,7.0,-1.0,-1.0,-1.0,-1.0,A-,A,0.041504241071583604,0.018012208183370317,0.01654767385818234,0.03657242629139927,0.09062831551420031,0.0700639996747933,0.05680041367605283,0.23120297714407445,0.09763916367802568,0.09585379903261369,0.24517478187570416
9.0,4.0,-1.0,10.0,-1.0,-1.0,-1.0,-1.0,-1.0,1.0,3.0,4.0,-1.0,C+,B,0.060120651408232105,0.01985788287736959,0.01986822163964331,0.04083236678086097,0.24461694993667601,0.09239671179227597,0.04422560210624123,0.26136663115342196,0.09065025351472186,0.08310520399205637,0.04295952479850059
4.0,1.0,-1.0,-1.0,-1.0,-1.0,-1.0,-1.0,4.0,0.0,1.0,4.0,-1.0,C,C,0.059533275573905746,0.03681528787294179,0.023315952300107214,0.07654338124342833,0.21867837435175458,0.15795657958335396,0.06349407834000043,0.15901987260338046,0.08607038776071124,0.05909218483704339,0.05948062553337278
5.0,7.0,-1.0,-1.0,-1.0,-1.0,-1.0,-1.0,5.0,5.0,-1.0,-1.0,-1.0,A-,B,0.03818073610715472,0.03247030214281521,0.02215940255803049,0.057294534953766484,0.11461304519370011,0.10585247671334802,0.07584621343282576,0.236082447859574,0.09353685690063418,0.07916925471854928,0.14479472941960184
7.0,10.0,-1.0,5.0,-1.0,-1.0,-1.0,-1.0,-1.0,0.0,-1.0,-1.0,0.0,C,B,0.05546506184267385,0.02255989138294327,0.021029814495522547,0.041806052609758663,0.19407915895814778,0.08492915120464826,0.06343481411437378,0.311689913201037,0.06405269568309523,0.07088522506443089,0.07006822144336874
5.0,4.0,7.0,3.0,-1.0,-1.0,-1.0,-1.0,-1.0,1.0,-1.0,-1.0,7.0,B-,B,0.07013714205268912,0.03626855696132796,0.019620042732213263,0.051198466898745874,0.1459171302894795,0.15390002578987702,0.10072674906989394,0.26871544554107113,0.062312082057017076,0.07535958139278913,0.015844777214895914
7.0,7.0,-1.0,-1.0,-1.0,-1.0,-1.0,-1.0,7.0,10.0,-1.0,-1.0,-1.0,B+,B,0.0229426737914186,0.026578209695593505,0.018299273049875088,0.04441847286270517,0.05790984761302158,0.0839622061906722,0.06411675288634527,0.24319985698961488,0.11980745912712665,0.09346997367821587,0.22529527411541123
7.0,-1.0,-1.0,-1.0,-1.0,-1.0,-1.0,-1.0,1.0,-1.0,-1.0,-1.0,-1.0,B+,C,0.0752524442983545,0.039522787379962114,0.025776320666900592,0.08741988183019968,0.22862117771670365,0.16478474447224925,0.06231140757040609,0.13411968077181738,0.09554774417466877,0.05261200944823647,0.03403180167050144
7.0,7.0,-1.0,-1.0,-1.0,-1.0,-1.0,-1.0,4.0,4.0,-1.0,-1.0,-1.0,B,B,0.03955345976526124,0.029787388155458616,0.021184595782640588,0.0547588412302138,0.1199271998649362,0.09958186813022972,0.06812094504984781,0.2441861856007022,0.09878706190357803,0.07837969097679312,0.1457327635403387
8.0,10.0,-1.0,-1.0,-1.0,-1.0,-1.0,-1.0,5.0,-1.0,-1.0,-1.0,-1.0,B,B,0.03438103390918258,0.022325939650065164,0.016946714949089847,0.041769371516252186,0.12843314700982902,0.07242925399241612,0.061563549464785886,0.24810445663198885,0.07950122142909466,0.07876330304317573,0.21578200840411987
4.0,7.0,-1.0,-1.0,-1.0,-1.0,-1.0,-1.0,-1.0,-1.0,1.0,0.0,-1.0,B,C,0.07387601786186516,0.031649319542366335,0.02236130082319761,0.06550931781370202,0.29945289372775524,0.10654922333890296,0.059969257941786626,0.19959341666755512,0.0523067037427296,0.04232109501500585,0.04641145352513341
4.0,10.0,-1.0,-1.0,-1.0,-1.0,-1.0,-1.0,0.0,1.0,-1.0,-1.0,-1.0,C-,B,0.05952931178886627,0.03106385789787522,0.022689636969215513,0.05733381049043366,0.21389366545932545,0.09966015621803295,0.07129202371582578,0.2558439310775563,0.055431645324210195,0.0513955475062496,0.08186641355240903
5.0,-1.0,-1.0,-1.0,-1.0,-1.0,-1.0,-1.0,0.0,-1.0,-1.0,-1.0,-1.0,A,C,0.08332370400311793,0.04166211968601947,0.026463314905823963,0.09119479423347712,0.25735565293878165,0.1724347684298795,0.063353004203504,0.12155437849033443,0.07614567653430021,0.04301316728762738,0.02349941928713422
8.0,7.0,-1.0,9.0,-1.0,-1.0,-1.0,-1.0,-1.0,-1.0,-1.0,-1.0,-1.0,B-,B,0.06164442014496025,0.022260439805377483,0.022177646318465388,0.04151178758526014,0.2205852780877547,0.09238683447892652,0.061936424309682,0.2672900717913024,0.07593862349169352,0.08305458866165322,0.05121388532492455
7.0,7.0,-1.0,-1.0,-1.0,-1.0,-1.0,-1.0,5.0,7.0,-1.0,-1.0,-1.0,C+,B,0.032132028018252524,0.029038731357631697,0.02038411650721542,0.051148008053516825,0.08877137078991143,0.09463393976923416,0.06711438023437484,0.2504332664315651,0.10904262417474908,0.08460114402418915,0.17270039063935988
4.0,8.0,10.0,-1.0,-1.0,-1.0,-1.0,-1.0,0.0,-1.0,-1.0,-1.0,-1.0,A-,C,0.0796694194864309,0.04466980862823469,0.01594957068363945,0.048155471588019215,0.2639511758313801,0.11003281517107781,0.10755594407880029,0.18802516894598484,0.045862115584156656,0.054554747381343575,0.04157376262093238
0.0,4.0,-1.0,-1.0,-1.0,-1.0,-1.0,-1.0,0.0,1.0,-1.0,-1.0,0.0,B,C,0.0782814874808662,0.043361490337646816,0.027714486536396625,0.08395163482759377,0.24993757008380577,0.16024225448491214,0.08062906328379393,0.16003998123277166,0.04960525347610698,0.03995100367729757,0.026285774578808502
10.0,10.0,-1.0,-1.0,-1.0,-1.0,-1.0,-1.0,10.0,-1.0,-1.0,-1.0,-1.0,A,A,0.016325770313661152,0.014498437553276417,0.011018866219109715,0.026359281604988082,0.0606388133582162,0.04633199751262545,0.04716304478349587,0.19388835235784752,0.08627959771457594,0.0931738283449242,0.4043220102372795
3.0,1.0,10.0,10.0,-1.0,-1.0,-1.0,-1.0,-1.0,1.0,7.0,-1.0,-1.0,B+,C,0.09435166950324902,0.03502751903068718,0.014914532170384086,0.04377675098627414,0.41130786866909536,0.08721246154380678,0.07021255692778047,0.12433304818040329,0.048164799905065114,0.06226191202870494,0.008436881054549593
7.0,7.0,-1.0,-1.0,-1.0,-1.0,-1.0,-1.0,6.0,-1.0,-1.0,-1.0,-1.0,A,B,0.03868538461718296,0.027381754696291498,0.019448459315600016,0.052152927322551106,0.13832742369854745,0.09357371108711827,0.06925639388284918,0.21281288476622806,0.09147483085197199,0.08346309130364508,0.1734231384580143
7.0,10.0,-1.0,-1.0,-1.0,-1.0,-1.0,-1.0,0.0,4.0,-1.0,-1.0,-1.0,C,B,0.04875245228856285,0.027868731348403016,0.021235043762880743,0.051299004847118246,0.15466109452590157,0.0893645459952265,0.0629489235165674,0.29651211435207875,0.07401212902322354,0.06022542316198714,0.11312053717805011
4.0,7.0,-1.0,-1.0,-1.0,-1.0,-1.0,-1.0,4.0,0.0,-1.0,-1.0,-1.0,C-,B,0.05090088683365497,0.033661240708046845,0.023000345531354875,0.06273237293574747,0.18046701367601986,0.1133386589518297,0.07878356264744797,0.21062206536544206,0.07338268468774668,0.06746413712941583,0.10564703153329376
5.0,7.0,7.0,-1.0,-1.0,-1.0,-1.0,-1.0,0.0,4.0,-1.0,-1.0,-1.0,B,B,0.0686521313784829,0.0447615680060744,0.019114011118771798,0.0548007435663057,0.19411563550886043,0.11967933753092531,0.09717750840946099,0.22224535180258123,0.06541168597667589,0.061207700229133494,0.052834326472727844
10.0,7.0,-1.0,-1.0,-1.0,-1.0,-1.0,-1.0,7.0,7.0,-1.0,-1.0,-1.0,C,A,0.02148012639178581,0.021598962638925717,0.015724851204710923,0.03845596383093944,0.05797005193939393,0.07096836762736558,0.05355760245254588,0.2346494671773698,0.12704256671278763,0.09619611801963882,0.26235592200453645
-1.0,-1.0,-1.0,-1.0,-1.0,-1.0,-1.0,-1.0,5.0,-1.0,-1.0,-1.0,-1.0,B,C,0.06894373763393623,0.05042085781351721,0.028134589699940506,0.0989230377669781,0.2286357293374602,0.1951978429016937,0.08906330706635614,0.10008577850576722,0.06356453923953428,0.048473134710990844,0.028557445323825554
7.0,4.0,-1.0,-1.0,7.0,-1.0,-1.0,-1.0,-1.0,8.0,-1.0,-1.0,7.0,C,B,0.03756207189829315,0.026563150988129818,0.02232693757983763,0.06518121497378572,0.07254536310090619,0.15649987465133636,0.05787347355606831,0.3555669139184979,0.11341859582135506,0.06532326483712884,0.02713913867466105
10.0,10.0,-1.0,-1.0,-1.0,-1.0,-1.0,-1.0,10.0,10.0,-1.0,-1.0,-1.0,A,A,0.009957931591177867,0.013549814794630117,0.010045368908545373,0.021827734315176605,0.026038810636455714,0.04025235757262001,0.04070455797726198,0.21152773812237746,0.10262415526929246,0.09215077199499182,0.43132075881747056
4.0,10.0,10.0,-1.0,-1.0,-1.0,-1.0,-1.0,0.0,0.0,4.0,4.0,-1.0,C,C,0.06989650924917752,0.03378006138306746,0.012474921816522558,0.039040052182136915,0.31705318441089836,0.07969079684083995,0.07497932538608514,0.22712830929873276,0.04061440037721488,0.051005468070986354,0.054336970984338005
7.0,-1.0,-1.0,-1.0,-1.0,-1.0,-1.0,-1.0,3.0,-1.0,-1.0,-1.0,-1.0,B,C,0.06590709303851632,0.039496661210678345,0.02543715117039412,0.08567184872629463,0.20131311202629884,0.1628413219616153,0.06642272251471719,0.1363327920814753,0.10732729696057239,0.0624940051463205,0.04675599516311706
4.0,-1.0,-1.0,-1.0,-1.0,-1.0,-1.0,-1.0,0.0,-1.0,-1.0,-1.0,-1.0,C,C,0.0848035909096984,0.042759761598890056,0.0267200090387362,0.09265647098521768,0.26445394550742335,0.17583667793497343,0.06489677687388427,0.11617305759251056,0.0699679104245525,0.04059446924073041,0.021137329893383197
4.0,0.0,-1.0,-1.0,-1.0,-1.0,-1.0,-1.0,4.0,-1.0,-1.0,-1.0,-1.0,F,C,0.06501996113911793,0.04251694603721856,0.02628887848539697,0.08749155331751433,0.2088256319008864,0.16735131166281852,0.07633452060567504,0.1318553421766093,0.08824095544818032,0.05992378478385085,0.04615111444273181
7.0,1.0,-1.0,-1.0,-1.0,-1.0,-1.0,-1.0,0.0,3.0,3.0,-1.0,-1.0,B+,C,0.07261045793965994,0.03674772802199222,0.024449962105911653,0.08429674882480309,0.24922147678079962,0.1244752334943682,0.052939475604734956,0.16765935107818575,0.09658469597206652,0.052820694542557944,0.03819417563492001
7.0,4.0,7.0,-1.0,7.0,-1.0,10.0,-1.0,0.0,4.0,-1.0,-1.0,4.0,C,B,0.04700868027544404,0.034265160391326405,0.01669381882751458,0.05361140110814173,0.1675515845982582,0.13259688694235888,0.0758578760390919,0.2907570472837837,0.08886705255778082,0.06612432848721884,0.026666163489080772
8.0,8.0,-1.0,-1.0,-1.0,-1.0,-1.0,-1.0,8.0,10.0,-1.0,-1.0,-1.0,B,A,0.017861445959522017,0.021831947741297996,0.015406668430815524,0.03604205259524262,0.04561834690831035,0.06756947575190933,0.056662131626290115,0.23870537577010792,0.11699572274449987,0.0956559422189643,0.28765089025304
7.0,7.0,-1.0,-1.0,-1.0,-1.0,-1.0,-1.0,4.0,-1.0,-1.0,-1.0,-1.0,B+,B,0.04656747261194081,0.028886555001199136,0.020777101056099905,0.0561045471210429,0.16561511787365707,0.09982826695304134,0.06849487199055311,0.22071781857358444,0.08585372754766572,0.07407783669930415,0.1330766845719115
5.0,4.0,-1.0,-1.0,7.0,-1.0,-1.0,-1.0,-1.0,0.0,1.0,1.0,-1.0,F,C,0.06392959549805279,0.030757213358628892,0.02185432064465108,0.07610485817502838,0.2622851538986047,0.13829977801339066,0.052054465754227494,0.19871094293262542,0.07844541182089271,0.04383595718923787,0.03372230271465996
6.0,4.0,4.0,-1.0,4.0,-1.0,-1.0,-1.0,1.0,0.0,4.0,0.0,-1.0,B,C,0.0660694659423038,0.03427415871434951,0.01750241925790102,0.06573238809952273,0.2884061608827455,0.10685831126871202,0.06012654100098018,0.1835503736993409,0.07977618576225912,0.056640473614601804,0.04106352175728349
0.0,1.0,10.0,1.0,-1.0,-1.0,-1.0,-1.0,-1.0,-1.0,-1.0,-1.0,1.0,C-,C,0.10241368730630995,0.055147090566327994,0.018420396938007656,0.06331438193950929,0.28395609931373134,0.17220248213929917,0.11013199011446413,0.10934963069941307,0.037135056557163426,0.039670245603948856,0.008258938821824938
5.0,9.0,-1.0,-1.0,-1.0,-1.0,-1.0,-1.0,6.0,-1.0,-1.0,-1.0,-1.0,A-,B,0.03836753817077386,0.027400489483572585,0.01939356152021723,0.049873066909891156,0.14517538101619656,0.08856841528365128,0.07462389108108652,0.22476454942480595,0.0739434017216425,0.07797998273840254,0.1799097226497599
4.0,7.0,-1.0,-1.0,-1.0,-1.0,-1.0,-1.0,-1.0,0.0,-1.0,-1.0,-1.0,B,C,0.07272694680370291,0.034581748128995254,0.024384528841348563,0.0676738333216601,0.2543944840788502,0.11974514087730935,0.06887501561922264,0.20736391937579554,0.056281813510396655,0.04499747738695053,0.04897509205576836
2.0,1.0,-1.0,-1.0,-1.0,-1.0,-1.0,-1.0,1.0,-1.0,-1.0,-1.0,-1.0,B,C,0.07995503847321345,0.04345077598208126,0.02688695060365253,0.08910168335483458,0.26455827242196556,0.1680610626606561,0.07333723059428628,0.12566028218602077,0.060890620330113755,0.041989536185598655,0.026108547207577017
9.0,-1.0,-1.0,-1.0,-1.0,-1.0,-1.0,-1.0,4.0,1.0,-1.0,-1.0,2.0,C,B,0.0509929480240898,0.03494792500421799,0.02439245130923953,0.07784823449380011,0.12579762914168977,0.1610637622728981,0.06585981241990385,0.17913406850160393,0.13988134858250148,0.08305903722680832,0.05702278302324722
6.0,10.0,-1.0,-1.0,-1.0,-1.0,-1.0,-1.0,3.0,7.0,-1.0,-1.0,-1.0,C,B,0.03507761272610489,0.02768801541333326,0.020229607447167276,0.04740670053329842,0.1029273848279237,0.08503286976888348,0.06729006299331391,0.2935477004554377,0.08378479546986546,0.07240926612299506,0.16460598424167686
4.0,7.0,10.0,-1.0,-1.0,-1.0,-1.0,-1.0,-1.0,0.0,-1.0,-1.0,-1.0,B,C,0.08558692297935065,0.046885052972591004,0.016564656937283352,0.05112095218864496,0.2688421382867083,0.11786093692038362,0.10437471248409445,0.1798757784612603,0.04622917496585424,0.050239346233116294,0.032420327570712684
10.0,10.0,-1.0,-1.0,-1.0,-1.0,-1.0,-1.0,6.0,-1.0,-1.0,-1.0,-1.0,F,A,0.027357833429219706,0.018660646036275687,0.01454363378864108,0.035278396160311594,0.10052419281892089,0.060984139700375965,0.05335003686568542,0.24119438555592052,0.08789409814447063,0.08488249013838507,0.2753301473617935
4.0,7.0,-1.0,-1.0,-1.0,-1.0,-1.0,-1.0,-1.0,7.0,-1.0,-1.0,4.0,A,B,0.0534698537935099,0.03377388045218455,0.025843211099556066,0.06521315300881836,0.11979330381612675,0.13574850210679124,0.07456239518694814,0.32040819182219443,0.07126526702454537,0.05776129407512646,0.04216094761419854
6.0,9.0,-1.0,-1.0,-1.0,-1.0,-1.0,-1.0,7.0,3.0,-1.0,-1.0,-1.0,B-,B,0.028465884511677298,0.025148342117140027,0.0178178942067064,0.04381859862304915,0.09415162373077544,0.07922799106561115,0.06885156561844319,0.23635950418973803,0.08773291968317223,0.08662152654537571,0.23180414970831126
0.0,4.0,-1.0,-1.0,-1.0,-1.0,-1.0,-1.0,0.0,6.0,-1.0,-1.0,4.0,C+,B,0.06399696320504307,0.043466294247751176,0.029699004746617092,0.08380840072538503,0.14583269454706174,0.18169758571844463,0.0881464883070628,0.2296150678888796,0.06040657773065123,0.04968284565169007,0.023648077231413468
10.0,10.0,-1.0,-1.0,-1.0,-1.0,-1.0,-1.0,7.0,7.0,4.0,-1.0,-1.0,A-,A,0.01926020831199453,0.016506759146681864,0.01245413716383874,0.031901333592243765,0.07192363151277321,0.042486732276399375,0.040250610589600506,0.25689256590568404,0.10412044980272633,0.09006183584381453,0.31414173585424315
7.0,4.0,-1.0,-1.0,-1.0,-1.0,-1.0,-1.0,0.0,7.0,10.0,-1.0,-1.0,C+,C,0.06270268450106435,0.02977158070318572,0.020277706045922328,0.07442185485609874,0.29185734074715075,0.07158168368203581,0.03884302054751222,0.21123721314539987,0.09376382951020236,0.05468966919929807,0.05085341706212987
9.0,-1.0,-1.0,-1.0,-1.0,-1.0,-1.0,-1.0,9.0,-1.0,-1.0,-1.0,-1.0,A,B+,0.03734365927260577,0.03269282448371233,0.020949218292309064,0.06824202767411093,0.11372282186840739,0.13203213097257535,0.06698747439877596,0.136960579727865,0.1574032053133536,0.10273284282501825,0.13093321517126635
9.0,10.0,10.0,-1.0,-1.0,-1.0,-1.0,-1.0,6.0,10.0,7.0,-1.0,-1.0,A-,B,0.028967220005239904,0.027756151384319944,0.010267630081844354,0.031062225344505583,0.10443492734776666,0.045595976009208,0.06603096095131317,0.27670594482285027,0.09906025401950036,0.11036054097797224,0.19975816905547955
4.0,7.0,-1.0,-1.0,-1.0,-1.0,-1.0,-1.0,-1.0,-1.0,-1.0,-1.0,-1.0,D+,C,0.07421718793002052,0.03394760263717364,0.0239914680800498,0.06716747790599226,0.268023978038784,0.11833195866581582,0.06810307011710588,0.20071783093602488,0.0540517054664275,0.043945520997298856,0.04750219922530698
4.0,7.0,-1.0,-1.0,-1.0,-1.0,-1.0,-1.0,-1.0,-1.0,-1.0,-1.0,-1.0,C+,C,0.07421718793002052,0.03394760263717364,0.0239914680800498,0.06716747790599226,0.268023978038784,0.11833195866581582,0.06810307011710588,0.20071783093602488,0.0540517054664275,0.043945520997298856,0.047502199225307
9.0,10.0,-1.0,-1.0,-1.0,-1.0,-1.0,-1.0,7.0,0.0,-1.0,-1.0,-1.0,A,A,0.024907670153204695,0.019024967664726854,0.0144629105421248,0.03487380500641173,0.08974450653593802,0.06102254052859837,0.05566334608437221,0.2342136759225683,0.08694127870542694,0.08720531137004281,0.2919399874865853
7.0,10.0,-1.0,-1.0,-1.0,-1.0,-1.0,-1.0,9.0,-1.0,-1.0,-1.0,-1.0,A,A,0.023104489989863957,0.019698718964983115,0.014344375911156698,0.03508554141923613,0.08808731247772122,0.06208727002152317,0.061685980710771866,0.21090831480925853,0.07934428487156117,0.090282794059907,0.31537091676401724
7.0,4.0,-1.0,-1.0,-1.0,-1.0,-1.0,-1.0,4.0,-1.0,-1.0,-1.0,-1.0,B,B,0.05270871924864633,0.0330841678023472,0.02277675021207781,0.06673019569592036,0.1772393947248915,0.12190125878676115,0.06980508647989475,0.18825012963045182,0.09718778757490372,0.07312062832818879,0.09719588151591661
8.0,7.0,9.0,4.0,-1.0,-1.0,-1.0,-1.0,-1.0,-1.0,-1.0,-1.0,10.0,F,B,0.05572615176316368,0.02603053267590813,0.014923040390477859,0.034481369393856307,0.10930459964311312,0.11525811031817179,0.09578278196460746,0.372334374986779,0.060626142728016585,0.09558393822428636,0.019948957911619627
7.0,4.0,4.0,-1.0,-1.0,-1.0,-1.0,-1.0,1.0,1.0,-1.0,-1.0,0.0,B,B,0.06726413676305189,0.040020733327337125,0.020818432971349003,0.06312860802663575,0.1917326047152411,0.1330375162346167,0.08194681935726714,0.2002914289388643,0.0838401002750533,0.0662057288232988,0.05171389056728496
8.0,1.0,10.0,-1.0,-1.0,-1.0,-1.0,-1.0,1.0,1.0,6.0,4.0,-1.0,B-,C,0.07882305090380627,0.03994189131358238,0.013647043140974513,0.05531194309683267,0.3145035731967646,0.10772224506281089,0.0611873267061768,0.15482233976046608,0.08006029530352836,0.0604740311174923,0.03350626039756505
10.0,10.0,-1.0,-1.0,-1.0,-1.0,-1.0,-1.0,7.0,-1.0,-1.0,-1.0,-1.0,C+,A,0.024262788019407712,0.017678129642328764,0.013691465391448663,0.03309603938355139,0.0893926119362625,0.0574505168180826,0.05219903919322388,0.23044873753478698,0.08827908461433043,0.08766940850000823,0.3058321789665689
0.0,4.0,-1.0,-1.0,-1.0,-1.0,-1.0,-1.0,0.0,4.0,-1.0,-1.0,4.0,D,B,0.06760546596777112,0.042489450480163476,0.029162917685536686,0.08374680475666609,0.16420674116185363,0.17998720371400817,0.087421678501512,0.21822779973957537,0.05651595033523625,0.04806882745466261,0.02256716020301473
4.0,-1.0,-1.0,-1.0,-1.0,-1.0,-1.0,-1.0,-1.0,-1.0,-1.0,-1.0,-1.0,C,C,0.08954509840197117,0.04226805018270129,0.026579461429369643,0.0924900771941673,0.27848742976009894,0.17479097720482983,0.06211291639060798,0.11386358654385104,0.06523600775785592,0.036806411847392466,0.0178199832871545
6.0,7.0,-1.0,-1.0,-1.0,-1.0,-1.0,-1.0,7.0,7.0,-1.0,-1.0,4.0,B,B,0.024243435909859622,0.025525529018122436,0.01919032298880787,0.04651208615909853,0.05444432596057581,0.09937716174851215,0.07323771834104906,0.29894796303891236,0.10726547581204725,0.10305053341217268,0.1482054476108423
1.0,1.0,-1.0,4.0,7.0,-1.0,-1.0,-1.0,-1.0,3.0,-1.0,-1.0,3.0,C+,C+,0.06401228575769928,0.035499604776226996,0.0278306485809812,0.08133819099072304,0.1760487672530804,0.20425931642001427,0.07317899657311822,0.1991950473495268,0.07450585473575218,0.05263117421400845,0.011500113348869077
